Label,Comment,Components,Shape,Height,Width,Rep Rate,Speed,Angle,Hg202,Pb204,Pb206,Pb207,Pb208,Th232,U238,U235,TotalBeam,Mask,BeamSeconds,Hg202_CPS,Pb204_CPS,Pb206_CPS,Pb207_CPS,Pb208_CPS,Th232_CPS,U238_CPS,U235_CPS,TotalBeam_CPS,Raw U/Th,Hg202_CPS,Pb204_CPS,Pb206_CPS,Pb207_CPS,Pb208_CPS,Th232_CPS,U238_CPS,U235_CPS,TotalBeam_CPS,Pb206/U238,Pb206/U238 age,Pb207/U235,Pb207/U235 age,Pb208/Th232,Pb208/Th232 age,DC Pb206/U238,DC Pb206/U238 age,DC Pb207/U235,DC Pb207/U235 age,DC Pb208/Th232,DC Pb208/Th232 age,DC Pb207/Pb206,DC Pb207/Pb206 age,Final Pb206/U238,Final Pb206/U238 age,Final Pb207/U235,Final Pb207/U235 age,Final Pb208/Th232,Final Pb208/Th232 age,Final Pb207/Pb206,Final Pb207/Pb206 age,Final U238/Pb206,Final U/Th,Approx_U_PPM,Approx_Th_PPM,rho 206Pb/238U v 207Pb/235U,rho 207Pb/206Pb v 238U/206Pb
91500,,-,,,,,,,1294 ± 51,332 ± 26,55000 ± 1400,4340 ± 110,6520 ± 180,52900 ± 5200,370000 ± 19000,2680 ± 140,489000 ± 22000,1.00E+0 ± 0,0 ± 0.0E+0,172 ± 51,57 ± 26,54700 ± 1400,4130 ± 110,6000 ± 180,52900 ± 5200,370000 ± 19000,2680 ± 140,487000 ± 22000,-260000000 ± 520000000,172 ± 51,57 ± 26,54700 ± 1400,4130 ± 110,6000 ± 180,52900 ± 5200,370000 ± 19000,2680 ± 140,487000 ± 22000,0.1512 ± 0.0055,905 ± 30,1.598 ± 0.065,959 ± 24,-5100000 ± 9900000,2580 ± 250,0.0756 ± 0.0027,469 ± 16,0.799 ± 0.033,591 ± 18,-2500000 ± 5000000,1340 ± 140,0.07567 ± 0.00080,1083 ± 21,0.1791 ± 0.0065,1059 ± 35,1.859 ± 0.076,1055 ± 26,-0.14 ± 0.28,0.0000793 ± 0.0000085,0.07509 ± 0.00079,1068 ± 21,5.71 ± 0.21,-10 ± 20,75.5 ± 3.9,27.9 ± 2.7,0.972011,0.018329
91500,,-,,,,,,,1322 ± 48,357 ± 23,58300 ± 1900,4580 ± 150,6830 ± 240,55800 ± 5300,367000 ± 19000,2660 ± 140,500000 ± 24000,1.00E+0 ± 0,0 ± 0.0E+0,173 ± 48,70 ± 23,58000 ± 1900,4330 ± 150,6220 ± 240,55800 ± 5300,367000 ± 19000,2660 ± 140,497000 ± 24000,8.46 ± 0.93,173 ± 48,70 ± 23,58000 ± 1900,4330 ± 150,6220 ± 240,55800 ± 5300,367000 ± 19000,2660 ± 140,497000 ± 24000,0.1610 ± 0.0054,960 ± 29,1.654 ± 0.057,986 ± 22,0.146 ± 0.016,2560 ± 230,0.0805 ± 0.0027,498 ± 16,0.827 ± 0.029,610 ± 16,0.0730 ± 0.0081,1330 ± 130,0.07466 ± 0.00077,1054 ± 21,0.1790 ± 0.0060,1059 ± 32,1.829 ± 0.063,1050 ± 23,0.00000006 ± 0.00000023,0.0012 ± 0.0047,0.07446 ± 0.00076,1048 ± 21,5.72 ± 0.18,0.000004 ± 0.000012,91.6 ± 4.7,33.8 ± 3.2,0.961771,0.05907
91500,,-,,,,,,,1328 ± 51,313 ± 23,44400 ± 1400,3580 ± 110,5170 ± 170,49300 ± 5200,277000 ± 16000,2010 ± 110,383000 ± 19000,1.00E+0 ± 0,0 ± 0.0E+0,167 ± 51,22 ± 23,44100 ± 1400,3320 ± 110,4510 ± 170,49300 ± 5200,277000 ± 16000,2010 ± 110,381000 ± 19000,-890000000 ± 730000000,167 ± 51,22 ± 23,44100 ± 1400,3320 ± 110,4510 ± 170,49300 ± 5200,277000 ± 16000,2010 ± 110,381000 ± 19000,0.1663 ± 0.0070,988 ± 38,1.739 ± 0.080,1009 ± 29,-8000000 ± 9200000,2100 ± 220,0.0832 ± 0.0035,514 ± 21,0.870 ± 0.040,628 ± 21,-4000000 ± 4600000,1050 ± 110,0.07508 ± 0.00091,1066 ± 25,0.1801 ± 0.0076,1063 ± 41,1.875 ± 0.086,1057 ± 30,0.059 ± 0.068,150 ± 290,0.07490 ± 0.00091,1061 ± 25,5.82 ± 0.26,4.5 ± 3.7,79.5 ± 4.5,33.6 ± 3.5,0.969975,-0.0511185
91500,,-,,,,,,,1308 ± 47,322 ± 24,35300 ± 1100,2884 ± 94,4140 ± 160,32800 ± 4100,222000 ± 14000,1608 ± 99,302000 ± 17000,1.00E+0 ± 0,0 ± 0.0E+0,135 ± 47,26 ± 24,35000 ± 1100,2606 ± 94,3440 ± 160,32800 ± 4100,222000 ± 14000,1608 ± 99,299000 ± 17000,-3400000000 ± 1400000000,135 ± 47,26 ± 24,35000 ± 1100,2606 ± 94,3440 ± 160,32800 ± 4100,222000 ± 14000,1608 ± 99,299000 ± 17000,0.1687 ± 0.0088,999 ± 47,1.76 ± 0.10,1011 ± 34,-52000000 ± 21000000,2170 ± 220,0.0844 ± 0.0044,520 ± 26,0.881 ± 0.050,630 ± 25,-26000000 ± 11000000,1120 ± 120,0.0755 ± 0.0011,1072 ± 29,0.1782 ± 0.0092,1051 ± 49,1.85 ± 0.11,1043 ± 34,0.161 ± 0.066,2200 ± 890,0.0753 ± 0.0011,1066 ± 29,6.02 ± 0.28,7.3 ± 3.0,76.1 ± 4.7,26.4 ± 3.3,0.981708,-0.0436392
FC1,,-,,,,,,,1271 ± 50,319 ± 23,44280 ± 680,3506 ± 65,5300 ± 130,45600 ± 4700,305000 ± 16000,2200 ± 110,408000 ± 17000,1.00E+0 ± 0,0 ± 0.0E+0,162 ± 50,49 ± 23,44020 ± 680,3318 ± 65,4830 ± 130,45600 ± 4700,305000 ± 16000,2200 ± 110,405000 ± 17000,8.7 ± 1.1,162 ± 50,49 ± 23,44020 ± 680,3318 ± 65,4830 ± 130,45600 ± 4700,305000 ± 16000,2200 ± 110,405000 ± 17000,0.1546 ± 0.0073,923 ± 40,1.601 ± 0.077,957 ± 29,0.139 ± 0.016,2570 ± 280,0.0773 ± 0.0036,479 ± 22,0.800 ± 0.039,590 ± 21,0.0693 ± 0.0080,1340 ± 150,0.07496 ± 0.00088,1064 ± 25,0.1894 ± 0.0089,1113 ± 47,1.910 ± 0.092,1070 ± 31,0.0000000143 ± 0.0000000017,0.000289 ± 0.000034,0.07413 ± 0.00087,1042 ± 25,5.56 ± 0.24,-0.000000304 ± 0.000000038,57.2 ± 2.9,22.8 ± 2.3,0.966046,0.0498754
9453,,-,,,,,,,1332 ± 52,355 ± 27,7300 ± 170,529 ± 17,1150 ± 48,117700 ± 8600,1071000 ± 36000,7770 ± 260,1202000 ± 41000,1.00E+0 ± 0,0 ± 0.0E+0,219 ± 52,84 ± 27,7040 ± 170,336 ± 17,668 ± 48,117700 ± 8600,1071000 ± 36000,7770 ± 260,1200000 ± 41000,10.18 ± 0.71,219 ± 52,84 ± 27,7040 ± 170,336 ± 17,668 ± 48,117700 ± 8600,1071000 ± 36000,7770 ± 260,1200000 ± 41000,0.00669 ± 0.00017,43.0 ± 1.1,0.0443 ± 0.0021,43.9 ± 2.0,0.00655 ± 0.00066,132 ± 13,0.003343 ± 0.000084,21.51 ± 0.54,0.0221 ± 0.0010,22.2 ± 1.0,0.00328 ± 0.00033,66.1 ± 6.6,0.0484 ± 0.0023,510 ± 81,0.00813 ± 0.00021,52.2 ± 1.3,0.0525 ± 0.0025,51.9 ± 2.4,0 ± 4.3E-11,0.00000857 ± 0.00000086,0.0479 ± 0.0023,494 ± 81,125.0 ± 3.2,-0.000000625 ± 0.000000044,205.5 ± 7.0,59.5 ± 4.4,0.206983,0.327008
Ples,,-,,,,,,,1307 ± 54,302 ± 25,109000 ± 2600,6040 ± 150,3290 ± 110,71600 ± 5800,2574000 ± 88000,18670 ± 640,2784000 ± 93000,1.00E+0 ± 0,0 ± 0.0E+0,194 ± 54,31 ± 25,108700 ± 2600,5850 ± 150,2810 ± 110,71600 ± 5800,2574000 ± 88000,18670 ± 640,2782000 ± 93000,46.4 ± 5.8,194 ± 54,31 ± 25,108700 ± 2600,5850 ± 150,2810 ± 110,71600 ± 5800,2574000 ± 88000,18670 ± 640,2782000 ± 93000,0.04270 ± 0.00068,269.5 ± 4.2,0.3166 ± 0.0057,279.0 ± 4.4,0.0519 ± 0.0073,913 ± 95,0.02135 ± 0.00034,136.2 ± 2.2,0.1583 ± 0.0029,149.1 ± 2.5,0.0259 ± 0.0036,463 ± 49,0.05385 ± 0.00047,360 ± 20,0.05172 ± 0.00083,325.0 ± 5.1,0.3746 ± 0.0068,322.7 ± 5.0,2.83E-9 ± 0,0.0000514 ± 0.0000056,0.05332 ± 0.00047,338 ± 20,19.49 ± 0.31,-0.00000458 ± 0.00000057,498 ± 17,36.4 ± 3.0,0.878768,0.0423559
Oracle,,-,,,,,,,1307 ± 57,339 ± 28,423000 ± 19000,38400 ± 1700,57500 ± 3000,346000 ± 26000,2150000 ± 120000,15580 ± 870,3030000 ± 170000,1.00E+0 ± 0,0 ± 0.0E+0,192 ± 57,67 ± 28,423000 ± 19000,38200 ± 1700,57000 ± 3000,346000 ± 26000,2150000 ± 120000,15580 ± 870,3030000 ± 170000,6.52 ± 0.31,192 ± 57,67 ± 28,423000 ± 19000,38200 ± 1700,57000 ± 3000,346000 ± 26000,2150000 ± 120000,15580 ± 870,3030000 ± 170000,0.2003 ± 0.0041,1180 ± 23,2.493 ± 0.052,1267 ± 15,0.1734 ± 0.0071,3220 ± 120,0.1001 ± 0.0021,617 ± 13,1.247 ± 0.026,820 ± 11,0.0867 ± 0.0035,1678 ± 66,0.09032 ± 0.00049,1430 ± 10,0.2416 ± 0.0050,1398 ± 27,2.941 ± 0.061,1392 ± 16,8.16E-9 ± 0,0.0001649 ± 0.0000069,0.08946 ± 0.00049,1412 ± 10,4.158 ± 0.088,-0.000001738 ± 0.000000081,420 ± 23,177 ± 13,0.972147,0.113652
Temora2,,-,,,,,,,1269 ± 48,335 ± 23,130800 ± 6800,7480 ± 380,13290 ± 370,302000 ± 15000,2500000 ± 160000,18100 ± 1100,2970000 ± 170000,1.00E+0 ± 0,0 ± 0.0E+0,152 ± 48,62 ± 23,130500 ± 6800,7280 ± 380,12790 ± 370,302000 ± 15000,2500000 ± 160000,18100 ± 1100,2970000 ± 170000,8.28 ± 0.45,152 ± 48,62 ± 23,130500 ± 6800,7280 ± 380,12790 ± 370,302000 ± 15000,2500000 ± 160000,18100 ± 1100,2970000 ± 170000,0.05368 ± 0.00097,337.8 ± 6.2,0.4133 ± 0.0082,350.6 ± 5.8,0.0433 ± 0.0019,856 ± 36,0.02684 ± 0.00049,171.2 ± 3.2,0.2066 ± 0.0041,190.5 ± 3.4,0.02167 ± 0.00094,433 ± 19,0.05580 ± 0.00049,439 ± 19,0.0647 ± 0.0012,404.1 ± 7.4,0.4862 ± 0.0096,401.6 ± 6.5,1.81E-9 ± 0,0.0000366 ± 0.0000016,0.05529 ± 0.00048,419 ± 19,15.61 ± 0.29,0.00000455 ± 0.00000021,491 ± 31,155.3 ± 7.8,0.920207,0.003352
TANBR,,-,,,,,,,1293 ± 45,353 ± 26,811000 ± 24000,134300 ± 3900,241400 ± 7200,892000 ± 36000,2158000 ± 80000,15650 ± 580,4270000 ± 140000,1.00E+0 ± 0,0 ± 0.0E+0,174 ± 45,80 ± 26,811000 ± 24000,134100 ± 3900,240900 ± 7200,892000 ± 36000,2158000 ± 80000,15650 ± 580,4270000 ± 140000,2.438 ± 0.065,174 ± 45,80 ± 26,811000 ± 24000,134100 ± 3900,240900 ± 7200,892000 ± 36000,2158000 ± 80000,15650 ± 580,4270000 ± 140000,0.3792 ± 0.0065,2070 ± 30,8.65 ± 0.15,2298 ± 15,0.2720 ± 0.0061,4856 ± 96,0.1896 ± 0.0033,1118 ± 18,4.327 ± 0.074,1695 ± 14,0.1360 ± 0.0030,2575 ± 54,0.16557 ± 0.00056,2512.2 ± 5.6,0.4542 ± 0.0078,2411 ± 34,10.15 ± 0.17,2445 ± 15,1.01E-8 ± 0,0.0002050 ± 0.0000046,0.16410 ± 0.00055,2497.2 ± 5.6,2.219 ± 0.036,0.0000003009 ± 0.0000000086,429 ± 16,461 ± 19,0.980818,0.155439
OG1,,-,,,,,,,1281 ± 48,317 ± 23,453000 ± 18000,136500 ± 5500,75600 ± 2800,190000 ± 12000,800000 ± 41000,5800 ± 300,1660000 ± 75000,1.00E+0 ± 0,0 ± 0.0E+0,162 ± 48,43 ± 23,453000 ± 18000,136300 ± 5500,75100 ± 2800,190000 ± 12000,800000 ± 41000,5800 ± 300,1657000 ± 75000,4.47 ± 0.27,162 ± 48,43 ± 23,453000 ± 18000,136300 ± 5500,75100 ± 2800,190000 ± 12000,800000 ± 41000,5800 ± 300,1657000 ± 75000,0.573 ± 0.014,2920 ± 59,23.78 ± 0.58,3256 ± 25,0.416 ± 0.022,6940 ± 300,0.2865 ± 0.0071,1621 ± 35,11.89 ± 0.29,2593 ± 24,0.208 ± 0.011,3790 ± 180,0.3011 ± 0.0010,3474.8 ± 5.3,0.684 ± 0.017,3357 ± 66,27.83 ± 0.68,3409 ± 25,1.40E-8 ± 0,0.000283 ± 0.000015,0.2985 ± 0.0010,3461.6 ± 5.3,1.480 ± 0.037,0.000000311 ± 0.000000018,160.4 ± 8.3,99.0 ± 6.1,0.991668,0.158786
FC1,,-,,,,,,,1302 ± 50,300 ± 22,43420 ± 800,3446 ± 74,5080 ± 120,46200 ± 4600,292000 ± 15000,2120 ± 110,394000 ± 18000,1.00E+0 ± 0,0 ± 0.0E+0,181 ± 50,26 ± 22,43140 ± 800,3241 ± 74,4560 ± 120,46200 ± 4600,292000 ± 15000,2120 ± 110,391000 ± 18000,-290000000 ± 570000000,181 ± 50,26 ± 22,43140 ± 800,3241 ± 74,4560 ± 120,46200 ± 4600,292000 ± 15000,2120 ± 110,391000 ± 18000,0.1558 ± 0.0070,930 ± 38,1.627 ± 0.076,967 ± 28,-4100000 ± 8000000,2290 ± 220,0.0779 ± 0.0035,482 ± 21,0.813 ± 0.038,597 ± 21,-2000000 ± 4000000,1190 ± 120,0.07561 ± 0.00097,1077 ± 26,0.1852 ± 0.0083,1090 ± 44,1.898 ± 0.089,1065 ± 30,-0.13 ± 0.25,0.0000756 ± 0.0000080,0.07500 ± 0.00096,1060 ± 26,5.64 ± 0.23,-15 ± 29,59.2 ± 3.1,24.2 ± 2.4,0.970602,-0.0915143
9453,,-,,,,,,,1306 ± 51,310 ± 24,4310 ± 200,387 ± 17,888 ± 44,73800 ± 6400,597000 ± 39000,4330 ± 280,683000 ± 42000,1.00E+0 ± 0,0 ± 0.0E+0,182 ± 51,34 ± 24,4030 ± 200,178 ± 17,365 ± 44,73800 ± 6400,597000 ± 39000,4330 ± 280,681000 ± 42000,9.9 ± 1.3,182 ± 51,34 ± 24,4030 ± 200,178 ± 17,365 ± 44,73800 ± 6400,597000 ± 39000,4330 ± 280,681000 ± 42000,0.00707 ± 0.00031,45.4 ± 2.0,0.0421 ± 0.0037,41.7 ± 3.6,0.0064 ± 0.0013,121 ± 21,0.00354 ± 0.00015,22.76 ± 0.99,0.0210 ± 0.0019,21.1 ± 1.8,0.00321 ± 0.00065,61 ± 11,0.0439 ± 0.0037,570 ± 110,0.00835 ± 0.00036,53.6 ± 2.3,0.0488 ± 0.0043,48.1 ± 4.2,0 ± 3.4E-11,0.00000316 ± 0.00000055,0.0436 ± 0.0036,560 ± 110,125.0 ± 5.1,0.000000299 ± 0.000000040,123.0 ± 8.0,39.1 ± 3.4,0.493709,-0.0231125
Ples,,-,,,,,,,1317 ± 49,324 ± 25,144900 ± 1900,8000 ± 110,5030 ± 110,124500 ± 8100,3379000 ± 76000,24500 ± 550,3689000 ± 80000,1.00E+0 ± 0,0 ± 0.0E+0,192 ± 49,47 ± 25,144600 ± 1900,7780 ± 110,4500 ± 110,124500 ± 8100,3379000 ± 76000,24500 ± 550,3686000 ± 80000,29.2 ± 1.9,192 ± 49,47 ± 25,144600 ± 1900,7780 ± 110,4500 ± 110,124500 ± 8100,3379000 ± 76000,24500 ± 550,3686000 ± 80000,0.04340 ± 0.00068,273.8 ± 4.2,0.3222 ± 0.0054,283.3 ± 4.1,0.0396 ± 0.0027,782 ± 51,0.02170 ± 0.00034,138.4 ± 2.2,0.1611 ± 0.0027,151.6 ± 2.4,0.0198 ± 0.0013,396 ± 26,0.05381 ± 0.00039,364 ± 17,0.05104 ± 0.00081,320.8 ± 4.9,0.3729 ± 0.0063,321.4 ± 4.6,0 ± 6.5E-11,0.0000194 ± 0.0000013,0.05344 ± 0.00039,348 ± 17,19.75 ± 0.30,0.000000747 ± 0.000000047,703 ± 16,66.3 ± 4.3,0.891171,0.115316
Oracle,,-,,,,,,,1273 ± 53,327 ± 28,280300 ± 7200,25810 ± 720,19750 ± 770,124800 ± 9400,1413000 ± 57000,10240 ± 420,1878000 ± 71000,1.00E+0 ± 0,0 ± 0.0E+0,146 ± 53,50 ± 28,280000 ± 7200,25600 ± 720,19220 ± 770,124800 ± 9400,1413000 ± 57000,10240 ± 420,1875000 ± 71000,13.2 ± 1.1,146 ± 53,50 ± 28,280000 ± 7200,25600 ± 720,19220 ± 770,124800 ± 9400,1413000 ± 57000,10240 ± 420,1875000 ± 71000,0.2030 ± 0.0041,1190 ± 22,2.545 ± 0.052,1281 ± 15,0.176 ± 0.013,3240 ± 220,0.1015 ± 0.0020,623 ± 12,1.272 ± 0.026,831 ± 11,0.0881 ± 0.0066,1700 ± 120,0.09096 ± 0.00050,1444 ± 10,0.2379 ± 0.0048,1374 ± 25,2.936 ± 0.060,1387 ± 15,4.02E-9 ± 0,0.0000813 ± 0.0000061,0.09035 ± 0.00050,1431 ± 11,4.239 ± 0.087,0.000000294 ± 0.000000025,297 ± 12,66.9 ± 5.0,0.96782,0.037368
Temora2,,-,,,,,,,1295 ± 49,308 ± 22,64500 ± 1900,3740 ± 110,11340 ± 280,247000 ± 12000,1199000 ± 59000,8700 ± 420,1535000 ± 62000,1.00E+0 ± 0,0 ± 0.0E+0,166 ± 49,30 ± 22,64200 ± 1900,3520 ± 110,10800 ± 280,247000 ± 12000,1199000 ± 59000,8700 ± 420,1532000 ± 62000,5.20 ± 0.38,166 ± 49,30 ± 22,64200 ± 1900,3520 ± 110,10800 ± 280,247000 ± 12000,1199000 ± 59000,8700 ± 420,1532000 ± 62000,0.0542 ± 0.0013,340.3 ± 7.9,0.412 ± 0.010,350.5 ± 7.6,0.0458 ± 0.0022,903 ± 42,0.02712 ± 0.00064,172.4 ± 4.0,0.2061 ± 0.0052,190.6 ± 4.5,0.0229 ± 0.0011,457 ± 21,0.05514 ± 0.00065,413 ± 26,0.0633 ± 0.0015,395.6 ± 9.1,0.474 ± 0.012,394.2 ± 8.4,0 ± 4.7E-11,0.00002006 ± 0.00000094,0.05479 ± 0.00065,402 ± 25,16.00 ± 0.40,0.0000001037 ± 0.0000000074,254 ± 12,133.0 ± 6.6,0.90215,0.175449
Temora2,,-,,,,,,,1320 ± 56,317 ± 22,70800 ± 4100,4160 ± 240,10880 ± 540,219000 ± 13000,1292000 ± 89000,9370 ± 650,1610000 ± 100000,1.00E+0 ± 0,0 ± 0.0E+0,176 ± 56,33 ± 22,70500 ± 4100,3920 ± 240,10290 ± 540,219000 ± 13000,1292000 ± 89000,9370 ± 650,1610000 ± 100000,6.02 ± 0.39,176 ± 56,33 ± 22,70500 ± 4100,3920 ± 240,10290 ± 540,219000 ± 13000,1292000 ± 89000,9370 ± 650,1610000 ± 100000,0.0559 ± 0.0012,351.8 ± 7.7,0.427 ± 0.010,361.6 ± 7.4,0.0490 ± 0.0026,965 ± 50,0.02796 ± 0.00061,177.8 ± 3.8,0.2137 ± 0.0050,196.4 ± 4.2,0.0245 ± 0.0013,489 ± 26,0.05542 ± 0.00063,426 ± 25,0.0631 ± 0.0014,395.4 ± 8.7,0.478 ± 0.011,397.2 ± 8.0,1.39E-9 ± 0,0.0000281 ± 0.0000015,0.05524 ± 0.00063,418 ± 25,16.01 ± 0.37,0.0000001230 ± 0.0000000081,305 ± 21,126.8 ± 7.5,0.878774,0.0570155
TANBR,,-,,,,,,,1301 ± 45,337 ± 25,351000 ± 18000,58100 ± 3000,76700 ± 4200,280000 ± 18000,920000 ± 60000,6670 ± 430,1694000 ± 98000,1.00E+0 ± 0,0 ± 0.0E+0,156 ± 45,53 ± 25,350000 ± 18000,57900 ± 3000,76100 ± 4200,280000 ± 18000,920000 ± 60000,6670 ± 430,1691000 ± 98000,3.54 ± 0.23,156 ± 45,53 ± 25,350000 ± 18000,57900 ± 3000,76100 ± 4200,280000 ± 18000,920000 ± 60000,6670 ± 430,1691000 ± 98000,0.3943 ± 0.0094,2137 ± 43,9.00 ± 0.22,2331 ± 23,0.291 ± 0.016,4990 ± 200,0.1972 ± 0.0047,1158 ± 25,4.50 ± 0.11,1726 ± 21,0.1455 ± 0.0082,2660 ± 120,0.16539 ± 0.00062,2510.3 ± 6.3,0.443 ± 0.011,2358 ± 47,10.05 ± 0.25,2432 ± 23,1.01E-8 ± 0,0.0001991 ± 0.0000094,0.16487 ± 0.00062,2504.9 ± 6.3,2.280 ± 0.058,0.0000000877 ± 0.0000000057,220 ± 14,164 ± 11,0.980756,0.0536404
OG1,,-,,,,,,,1300 ± 42,345 ± 25,344000 ± 21000,103400 ± 6400,81300 ± 5900,227000 ± 20000,589000 ± 38000,4270 ± 270,1350000 ± 86000,1.00E+0 ± 0,0 ± 0.0E+0,154 ± 42,60 ± 25,344000 ± 21000,103200 ± 6400,80700 ± 5900,227000 ± 20000,589000 ± 38000,4270 ± 270,1348000 ± 86000,3.37 ± 0.43,154 ± 42,60 ± 25,344000 ± 21000,103200 ± 6400,80700 ± 5900,227000 ± 20000,589000 ± 38000,4270 ± 270,1348000 ± 86000,0.607 ± 0.024,2988 ± 73,25.15 ± 0.98,3275 ± 30,0.411 ± 0.030,6620 ± 300,0.303 ± 0.012,1669 ± 45,12.57 ± 0.49,2611 ± 29,0.205 ± 0.015,3600 ± 170,0.3000 ± 0.0011,3468.8 ± 5.7,0.680 ± 0.026,3267 ± 78,28.0 ± 1.1,3379 ± 30,0.0000000198 ± 0.0000000015,0.000382 ± 0.000021,0.2991 ± 0.0011,3464.2 ± 5.7,1.536 ± 0.048,0.000000116 ± 0.000000015,142.6 ± 9.1,134 ± 12,1,0.0120923
9453,,-,,,,,,,1319 ± 60,314 ± 21,3063 ± 68,361 ± 12,1147 ± 55,116300 ± 7600,379000 ± 16000,2750 ± 120,506000 ± 17000,1.00E+0 ± 0,0 ± 0.0E+0,172 ± 60,29 ± 21,2731 ± 68,119 ± 12,541 ± 55,116300 ± 7600,379000 ± 16000,2750 ± 120,503000 ± 17000,3.70 ± 0.34,172 ± 60,29 ± 21,2731 ± 68,119 ± 12,541 ± 55,116300 ± 7600,379000 ± 16000,2750 ± 120,503000 ± 17000,0.00742 ± 0.00031,47.6 ± 2.0,0.0444 ± 0.0049,43.8 ± 4.7,0.00521 ± 0.00066,105 ± 13,0.00371 ± 0.00015,23.86 ± 0.99,0.0222 ± 0.0024,22.2 ± 2.4,0.00261 ± 0.00033,52.6 ± 6.7,0.0435 ± 0.0046,670 ± 140,0.00828 ± 0.00035,53.1 ± 2.2,0.0492 ± 0.0054,48.4 ± 5.2,0 ± 6.0E-11,0.0000095 ± 0.0000012,0.0434 ± 0.0045,670 ± 140,125.2 ± 5.3,0.000000242 ± 0.000000023,93.2 ± 3.9,69.5 ± 4.5,0.460708,0.0414968
9453,,-,,,,,,,1377 ± 60,338 ± 28,3740 ± 140,403 ± 15,1081 ± 57,92500 ± 7000,470000 ± 28000,3410 ± 210,573000 ± 32000,1.00E+0 ± 0,0 ± 0.0E+0,227 ± 60,51 ± 28,3410 ± 140,156 ± 15,465 ± 57,92500 ± 7000,470000 ± 28000,3410 ± 210,571000 ± 32000,5.58 ± 0.46,227 ± 60,51 ± 28,3410 ± 140,156 ± 15,465 ± 57,92500 ± 7000,470000 ± 28000,3410 ± 210,571000 ± 32000,0.00758 ± 0.00034,48.7 ± 2.2,0.0472 ± 0.0048,46.5 ± 4.6,0.00507 ± 0.00071,102 ± 14,0.00379 ± 0.00017,24.4 ± 1.1,0.0236 ± 0.0024,23.6 ± 2.4,0.00253 ± 0.00035,51.1 ± 7.1,0.0452 ± 0.0041,770 ± 130,0.00840 ± 0.00037,53.9 ± 2.4,0.0520 ± 0.0052,51.1 ± 5.0,0 ± 5.9E-11,-0.0000082 ± 0.0000012,0.0451 ± 0.0041,760 ± 130,124.8 ± 5.6,-0.000000313 ± 0.000000029,119.2 ± 7.2,56.6 ± 4.3,0.350251,-0.00689706
Ples,,-,,,,,,,1343 ± 50,345 ± 25,145200 ± 6300,8010 ± 350,5300 ± 250,141000 ± 10000,3230000 ± 170000,23400 ± 1200,3560000 ± 190000,1.00E+0 ± 0,0 ± 0.0E+0,191 ± 50,58 ± 25,144800 ± 6300,7760 ± 350,4670 ± 250,141000 ± 10000,3230000 ± 170000,23400 ± 1200,3550000 ± 190000,26.2 ± 2.0,191 ± 50,58 ± 25,144800 ± 6300,7760 ± 350,4670 ± 250,141000 ± 10000,3230000 ± 170000,23400 ± 1200,3550000 ± 190000,0.04566 ± 0.00080,287.8 ± 4.9,0.3368 ± 0.0060,294.4 ± 4.6,0.0379 ± 0.0030,722 ± 49,0.02283 ± 0.00040,145.5 ± 2.5,0.1684 ± 0.0030,157.9 ± 2.6,0.0189 ± 0.0015,365 ± 25,0.05354 ± 0.00044,347 ± 19,0.05045 ± 0.00088,317.2 ± 5.4,0.3701 ± 0.0067,319.4 ± 4.9,-1.44E-9 ± 0,-0.0000290 ± 0.0000024,0.05341 ± 0.00044,341 ± 19,19.93 ± 0.35,-0.000000681 ± 0.000000055,831 ± 45,87.2 ± 6.4,0.909704,0.125876
Oracle,,-,,,,,,,1372 ± 58,341 ± 25,167800 ± 7000,15360 ± 640,24940 ± 770,164000 ± 11000,800000 ± 45000,5810 ± 320,1182000 ± 55000,1.00E+0 ± 0,0 ± 0.0E+0,218 ± 58,53 ± 25,167500 ± 7000,15110 ± 640,24310 ± 770,164000 ± 11000,800000 ± 45000,5810 ± 320,1179000 ± 55000,5.36 ± 0.41,218 ± 58,53 ± 25,167500 ± 7000,15110 ± 640,24310 ± 770,164000 ± 11000,800000 ± 45000,5810 ± 320,1179000 ± 55000,0.2154 ± 0.0057,1255 ± 30,2.678 ± 0.072,1317 ± 20,0.1582 ± 0.0091,2980 ± 160,0.1077 ± 0.0029,659 ± 17,1.339 ± 0.036,859 ± 15,0.0791 ± 0.0045,1533 ± 84,0.09022 ± 0.00055,1428 ± 12,0.2372 ± 0.0063,1369 ± 33,2.934 ± 0.079,1385 ± 20,-3.76E-9 ± 0,-0.0000760 ± 0.0000044,0.09000 ± 0.00055,1423 ± 12,4.31 ± 0.11,-0.0000000867 ± 0.0000000064,209 ± 12,103.3 ± 6.7,0.973223,0.0926844
Ples,,-,,,,,,,1298 ± 48,309 ± 25,38600 ± 2100,2370 ± 120,7640 ± 390,180000 ± 12000,701000 ± 47000,5080 ± 340,936000 ± 58000,1.00E+0 ± 0,0 ± 0.0E+0,143 ± 48,21 ± 25,38300 ± 2100,2110 ± 120,7010 ± 390,180000 ± 12000,701000 ± 47000,5080 ± 340,933000 ± 58000,4.05 ± 0.24,143 ± 48,21 ± 25,38300 ± 2100,2110 ± 120,7010 ± 390,180000 ± 12000,701000 ± 47000,5080 ± 340,933000 ± 58000,0.0562 ± 0.0016,352.5 ± 9.9,0.434 ± 0.015,364 ± 10,0.0415 ± 0.0023,806 ± 40,0.02812 ± 0.00081,178.7 ± 5.1,0.2171 ± 0.0075,198.8 ± 6.2,0.0208 ± 0.0012,408 ± 21,0.05528 ± 0.00084,432 ± 33,0.0617 ± 0.0018,386 ± 11,0.474 ± 0.016,392 ± 11,0 ± 4.0E-11,-0.00001435 ± 0.00000081,0.05515 ± 0.00084,427 ± 33,16.41 ± 0.52,-0.0000000472 ± 0.0000000028,186 ± 12,114.9 ± 7.5,0.911825,-0.00593846
TANBR,,-,,,,,,,1322 ± 54,359 ± 28,487000 ± 19000,65100 ± 2900,87700 ± 3800,735000 ± 23000,2970000 ± 97000,21540 ± 700,4370000 ± 130000,1.00E+0 ± 0,0 ± 0.0E+0,166 ± 54,70 ± 28,486000 ± 19000,64800 ± 2900,87000 ± 3800,735000 ± 23000,2970000 ± 97000,21540 ± 700,4360000 ± 130000,4.09 ± 0.14,166 ± 54,70 ± 28,486000 ± 19000,64800 ± 2900,87000 ± 3800,735000 ± 23000,2970000 ± 97000,21540 ± 700,4360000 ± 130000,0.1632 ± 0.0031,974 ± 17,2.984 ± 0.076,1401 ± 19,0.1189 ± 0.0050,2265 ± 89,0.0816 ± 0.0016,505.5 ± 9.3,1.492 ± 0.038,926 ± 15,0.0595 ± 0.0025,1166 ± 47,0.1322 ± 0.0012,2126 ± 16,0.1785 ± 0.0034,1058 ± 19,3.249 ± 0.083,1466 ± 20,-1.55E-9 ± 0,-0.0000313 ± 0.0000012,0.1319 ± 0.0012,2122 ± 16,5.65 ± 0.11,-0.0000000365 ± 0.0000000012,804 ± 26,476 ± 15,0.94966,-0.490953
OG1,,-,,,,,,,1315 ± 57,322 ± 25,344400 ± 6700,103800 ± 2000,74300 ± 1500,209000 ± 12000,557000 ± 21000,4040 ± 150,1296000 ± 31000,1.00E+0 ± 0,0 ± 0.0E+0,157 ± 57,32 ± 25,344000 ± 6700,103600 ± 2000,73600 ± 1500,209000 ± 12000,557000 ± 21000,4040 ± 150,1294000 ± 31000,2.79 ± 0.18,157 ± 57,32 ± 25,344000 ± 6700,103600 ± 2000,73600 ± 1500,209000 ± 12000,557000 ± 21000,4040 ± 150,1294000 ± 31000,0.624 ± 0.019,3117 ± 73,25.90 ± 0.78,3338 ± 31,0.366 ± 0.021,6250 ± 300,0.3121 ± 0.0093,1747 ± 45,12.95 ± 0.39,2667 ± 28,0.183 ± 0.010,3380 ± 170,0.3010 ± 0.0013,3474.4 ± 6.6,0.681 ± 0.020,3336 ± 77,28.11 ± 0.85,3418 ± 31,-3.81E-9 ± 0,-0.0000770 ± 0.0000043,0.3003 ± 0.0013,3470.8 ± 6.6,1.478 ± 0.046,-0.0000000199 ± 0.0000000013,153.6 ± 5.7,137.2 ± 7.7,0.993639,-0.109199
Ples,,-,,,,,,,1331 ± 46,321 ± 24,136100 ± 3900,7480 ± 210,4530 ± 160,125200 ± 8000,3030000 ± 110000,21980 ± 800,3330000 ± 120000,1.00E+0 ± 0,0 ± 0.0E+0,171 ± 46,31 ± 24,135800 ± 3900,7220 ± 210,3880 ± 160,125200 ± 8000,3030000 ± 110000,21980 ± 800,3320000 ± 120000,27.4 ± 2.3,171 ± 46,31 ± 24,135800 ± 3900,7220 ± 210,3880 ± 160,125200 ± 8000,3030000 ± 110000,21980 ± 800,3320000 ± 120000,0.04487 ± 0.00071,282.9 ± 4.4,0.3284 ± 0.0057,288.0 ± 4.4,0.0354 ± 0.0030,662 ± 44,0.02244 ± 0.00036,143.0 ± 2.2,0.1642 ± 0.0029,154.3 ± 2.5,0.0177 ± 0.0015,334 ± 22,0.05327 ± 0.00045,335 ± 19,0.04877 ± 0.00077,306.9 ± 4.8,0.3553 ± 0.0062,308.3 ± 4.6,0 ± 2.6E-11,-0.00000615 ± 0.00000052,0.05314 ± 0.00045,330 ± 19,20.68 ± 0.32,-0.000000160 ± 0.000000013,852 ± 31,83.7 ± 5.4,0.855497,0.0396964
9453,,-,,,,,,,1313 ± 58,322 ± 34,2494 ± 63,351 ± 13,870 ± 55,43000 ± 5600,288000 ± 16000,2090 ± 120,339000 ± 17000,1.00E+0 ± 0,0 ± 0.0E+0,151 ± 58,30 ± 34,2134 ± 63,87 ± 13,213 ± 55,43000 ± 5600,288000 ± 16000,2090 ± 120,336000 ± 17000,-610000000 ± 850000000,151 ± 58,30 ± 34,2134 ± 63,87 ± 13,213 ± 55,43000 ± 5600,288000 ± 16000,2090 ± 120,336000 ± 17000,0.00780 ± 0.00046,50.1 ± 3.0,0.0442 ± 0.0073,43.3 ± 7.1,-430000 ± 860000,127 ± 40,0.00390 ± 0.00023,25.1 ± 1.5,0.0221 ± 0.0036,22.0 ± 3.6,-210000 ± 430000,64 ± 20,0.0419 ± 0.0065,870 ± 170,0.00842 ± 0.00050,54.0 ± 3.2,0.0475 ± 0.0078,46.4 ± 7.6,0.0027 ± 0.0054,80 ± 120,0.0418 ± 0.0065,890 ± 170,125.4 ± 7.3,1.1 ± 2.1,84.2 ± 4.8,29.8 ± 3.9,-0.0176176,0.215656
Ples,,-,,,,,,,1291 ± 44,308 ± 20,143200 ± 6000,7920 ± 330,4420 ± 180,111600 ± 8100,3080000 ± 160000,22300 ± 1200,3370000 ± 170000,1.00E+0 ± 0,0 ± 0.0E+0,127 ± 44,15 ± 20,142900 ± 6000,7660 ± 330,3750 ± 180,111600 ± 8100,3080000 ± 160000,22300 ± 1200,3370000 ± 170000,30.9 ± 2.2,127 ± 44,15 ± 20,142900 ± 6000,7660 ± 330,3750 ± 180,111600 ± 8100,3080000 ± 160000,22300 ± 1200,3370000 ± 170000,0.04730 ± 0.00083,297.8 ± 5.1,0.3502 ± 0.0066,304.5 ± 4.9,0.0375 ± 0.0026,742 ± 50,0.02365 ± 0.00041,150.7 ± 2.6,0.1751 ± 0.0033,163.7 ± 2.8,0.0187 ± 0.0013,375 ± 26,0.05369 ± 0.00036,357 ± 15,0.05091 ± 0.00089,320.0 ± 5.5,0.3752 ± 0.0071,323.0 ± 5.2,0 ± 1.4E-11,-0.00000416 ± 0.00000029,0.05356 ± 0.00036,351 ± 15,19.78 ± 0.36,-0.0000001164 ± 0.0000000081,919 ± 49,78.9 ± 5.7,0.912018,0.0891391
Oracle,,-,,,,,,,1342 ± 49,334 ± 21,66000 ± 3800,6250 ± 340,28540 ± 710,196000 ± 12000,290000 ± 23000,2110 ± 170,591000 ± 30000,1.00E+0 ± 0,0 ± 0.0E+0,176 ± 49,41 ± 21,65600 ± 3800,5980 ± 340,27870 ± 710,196000 ± 12000,290000 ± 23000,2110 ± 170,588000 ± 30000,1.60 ± 0.15,176 ± 49,41 ± 21,65600 ± 3800,5980 ± 340,27870 ± 710,196000 ± 12000,290000 ± 23000,2110 ± 170,588000 ± 30000,0.2406 ± 0.0098,1383 ± 50,3.05 ± 0.14,1403 ± 32,0.1530 ± 0.0085,2860 ± 150,0.1203 ± 0.0049,730 ± 28,1.526 ± 0.068,930 ± 26,0.0765 ± 0.0042,1485 ± 79,0.09120 ± 0.00081,1447 ± 17,0.258 ± 0.010,1473 ± 53,3.26 ± 0.14,1453 ± 33,0 ± 4.1E-11,-0.00001509 ± 0.00000084,0.09096 ± 0.00081,1442 ± 17,4.02 ± 0.17,-5.32E-9 ± 0,88.7 ± 7.1,141.6 ± 8.4,0.985932,-0.0659988
Temora2,,-,,,,,,,1358 ± 58,342 ± 24,65500 ± 2000,3850 ± 120,10320 ± 280,229000 ± 13000,1087000 ± 55000,7880 ± 400,1404000 ± 65000,1.00E+0 ± 0,0 ± 0.0E+0,192 ± 58,48 ± 24,65200 ± 2000,3580 ± 120,9650 ± 280,229000 ± 13000,1087000 ± 55000,7880 ± 400,1401000 ± 65000,4.88 ± 0.26,192 ± 58,48 ± 24,65200 ± 2000,3580 ± 120,9650 ± 280,229000 ± 13000,1087000 ± 55000,7880 ± 400,1401000 ± 65000,0.0606 ± 0.0016,378.7 ± 9.9,0.463 ± 0.013,385.1 ± 9.1,0.0436 ± 0.0022,862 ± 42,0.03028 ± 0.00082,192.2 ± 5.1,0.2316 ± 0.0066,211.0 ± 5.4,0.0218 ± 0.0011,436 ± 22,0.05557 ± 0.00068,434 ± 27,0.0648 ± 0.0018,404 ± 11,0.493 ± 0.014,405.5 ± 9.6,0 ± 9.6E-12,-0.00000386 ± 0.00000019,0.05542 ± 0.00068,428 ± 27,15.78 ± 0.42,-1.46E-8 ± 0,339 ± 17,168.9 ± 9.4,0.890516,0.0294941
TANBR,,-,,,,,,,1387 ± 51,359 ± 25,253100 ± 8600,42500 ± 1400,79200 ± 2100,291000 ± 14000,616000 ± 30000,4470 ± 220,1292000 ± 44000,1.00E+0 ± 0,0 ± 0.0E+0,219 ± 51,65 ± 25,252800 ± 8600,42200 ± 1400,78500 ± 2100,291000 ± 14000,616000 ± 30000,4470 ± 220,1289000 ± 44000,2.24 ± 0.16,219 ± 51,65 ± 25,252800 ± 8600,42200 ± 1400,78500 ± 2100,291000 ± 14000,616000 ± 30000,4470 ± 220,1289000 ± 44000,0.424 ± 0.013,2271 ± 56,9.77 ± 0.29,2402 ± 27,0.278 ± 0.011,4940 ± 180,0.2120 ± 0.0063,1237 ± 33,4.88 ± 0.15,1790 ± 25,0.1392 ± 0.0057,2630 ± 100,0.16694 ± 0.00072,2525.9 ± 7.3,0.452 ± 0.013,2396 ± 59,10.36 ± 0.31,2457 ± 27,-1.10E-9 ± 0,-0.00002227 ± 0.00000091,0.16649 ± 0.00072,2521.3 ± 7.3,2.269 ± 0.063,-6.10E-9 ± 0,196.5 ± 9.8,219 ± 10,0.98877,-0.0288094
OG1,,-,,,,,,,1332 ± 47,325 ± 22,400000 ± 31000,120400 ± 9400,59200 ± 4100,164000 ± 14000,627000 ± 58000,4550 ± 420,1380000 ± 110000,1.00E+0 ± 0,0 ± 0.0E+0,162 ± 47,30 ± 22,400000 ± 31000,120100 ± 9400,58500 ± 4100,164000 ± 14000,627000 ± 58000,4550 ± 420,1380000 ± 110000,4.07 ± 0.31,162 ± 47,30 ± 22,400000 ± 31000,120100 ± 9400,58500 ± 4100,164000 ± 14000,627000 ± 58000,4550 ± 420,1380000 ± 110000,0.671 ± 0.022,3290 ± 83,27.74 ± 0.91,3397 ± 33,0.390 ± 0.026,6540 ± 360,0.335 ± 0.011,1857 ± 52,13.87 ± 0.45,2729 ± 32,0.195 ± 0.013,3560 ± 210,0.3003 ± 0.0012,3470.5 ± 5.9,0.713 ± 0.023,3449 ± 86,29.35 ± 0.96,3452 ± 33,-1.41E-9 ± 0,-0.0000285 ± 0.0000019,0.2994 ± 0.0012,3466.1 ± 5.9,1.443 ± 0.046,-1.01E-8 ± 0,205 ± 19,126 ± 11,0.992625,0.00556296
Temora2,,-,,,,,,,1364 ± 52,339 ± 27,585000 ± 42000,53600 ± 3900,116600 ± 8300,817000 ± 72000,2750000 ± 220000,20000 ± 1600,4350000 ± 250000,1.00E+0 ± 0,0 ± 0.0E+0,193 ± 52,44 ± 27,585000 ± 42000,53400 ± 3900,115900 ± 8300,817000 ± 72000,2750000 ± 220000,20000 ± 1600,4340000 ± 250000,4.78 ± 0.69,193 ± 52,44 ± 27,585000 ± 42000,53400 ± 3900,115900 ± 8300,817000 ± 72000,2750000 ± 220000,20000 ± 1600,4340000 ± 250000,0.2185 ± 0.0044,1272 ± 23,2.749 ± 0.054,1338 ± 15,0.1488 ± 0.0048,2797 ± 84,0.1092 ± 0.0022,668 ± 13,1.375 ± 0.027,876 ± 12,0.0744 ± 0.0024,1448 ± 45,0.09125 ± 0.00034,1451.3 ± 7.0,0.2315 ± 0.0047,1341 ± 24,2.899 ± 0.058,1378 ± 15,0 ± 1.6E-11,-0.00000998 ± 0.00000032,0.09098 ± 0.00034,1445.8 ± 7.0,4.368 ± 0.088,-0.0000000109 ± 0.0000000016,921 ± 74,643 ± 56,0.979619,0.145819
9453,,-,,,,,,,1328 ± 58,330 ± 26,5110 ± 110,502 ± 20,1089 ± 45,68600 ± 7500,628000 ± 26000,4560 ± 190,710000 ± 27000,1.00E+0 ± 0,0 ± 0.0E+0,154 ± 58,33 ± 26,4730 ± 110,222 ± 20,389 ± 45,68600 ± 7500,628000 ± 26000,4560 ± 190,707000 ± 27000,12.8 ± 2.1,154 ± 58,33 ± 26,4730 ± 110,222 ± 20,389 ± 45,68600 ± 7500,628000 ± 26000,4560 ± 190,707000 ± 27000,0.00774 ± 0.00029,49.7 ± 1.9,0.0497 ± 0.0046,49.1 ± 4.4,0.0078 ± 0.0015,145 ± 25,0.00387 ± 0.00014,24.91 ± 0.93,0.0249 ± 0.0023,24.9 ± 2.3,0.00392 ± 0.00075,73 ± 12,0.0470 ± 0.0043,620 ± 120,0.00815 ± 0.00031,52.3 ± 2.0,0.0521 ± 0.0048,51.3 ± 4.6,0 ± 4.3E-12,-0.000000451 ± 0.000000086,0.0468 ± 0.0043,630 ± 120,125.0 ± 4.4,-0.0000000252 ± 0.0000000042,221.0 ± 9.0,56.6 ± 6.2,0.295184,0.0995139
Ples,,-,,,,,,,1340 ± 46,356 ± 23,132200 ± 8000,7360 ± 440,4230 ± 240,110200 ± 9300,2780000 ± 190000,20100 ± 1400,3050000 ± 210000,1.00E+0 ± 0,0 ± 0.0E+0,165 ± 46,59 ± 23,131800 ± 8000,7080 ± 440,3520 ± 240,110200 ± 9300,2780000 ± 190000,20100 ± 1400,3050000 ± 210000,-270000000 ± 380000000,165 ± 46,59 ± 23,131800 ± 8000,7080 ± 440,3520 ± 240,110200 ± 9300,2780000 ± 190000,20100 ± 1400,3050000 ± 210000,0.04869 ± 0.00097,306.4 ± 6.0,0.3593 ± 0.0074,311.1 ± 5.5,160000 ± 490000,708 ± 60,0.02435 ± 0.00049,155.0 ± 3.1,0.1797 ± 0.0037,167.6 ± 3.2,80000 ± 240000,358 ± 31,0.05361 ± 0.00041,355 ± 17,0.0511 ± 0.0010,321.3 ± 6.3,0.3754 ± 0.0077,323.0 ± 5.7,-0.0004 ± 0.0013,4.2 ± 8.3,0.05344 ± 0.00041,347 ± 17,19.78 ± 0.41,0.51 ± 0.72,1001 ± 69,93.2 ± 7.9,0.919027,0.101756
Oracle,,-,,,,,,,1346 ± 59,339 ± 27,145400 ± 3700,13420 ± 350,30900 ± 970,212000 ± 12000,670000 ± 26000,4860 ± 190,1080000 ± 37000,1.00E+0 ± 0,0 ± 0.0E+0,169 ± 59,41 ± 27,145000 ± 3700,13140 ± 350,30190 ± 970,212000 ± 12000,670000 ± 26000,4860 ± 190,1078000 ± 37000,3.29 ± 0.18,169 ± 59,41 ± 27,145000 ± 3700,13140 ± 350,30190 ± 970,212000 ± 12000,670000 ± 26000,4860 ± 190,1078000 ± 37000,0.2218 ± 0.0068,1289 ± 35,2.769 ± 0.086,1340 ± 23,0.1492 ± 0.0085,2800 ± 150,0.1109 ± 0.0034,677 ± 20,1.384 ± 0.043,878 ± 18,0.0746 ± 0.0042,1451 ± 79,0.09060 ± 0.00070,1435 ± 15,0.2320 ± 0.0071,1342 ± 37,2.883 ± 0.090,1371 ± 23,0 ± 2.1E-11,-0.00000752 ± 0.00000043,0.09030 ± 0.00070,1429 ± 15,4.41 ± 0.13,-5.69E-9 ± 0,248.3 ± 9.8,184 ± 11,0.968373,0.0445933
Temora2,,-,,,,,,,1400 ± 57,332 ± 24,68600 ± 2400,4060 ± 140,11410 ± 370,239000 ± 16000,1131000 ± 57000,8200 ± 410,1465000 ± 69000,1.00E+0 ± 0,0 ± 0.0E+0,221 ± 57,34 ± 24,68200 ± 2400,3770 ± 140,10690 ± 370,239000 ± 16000,1131000 ± 57000,8200 ± 410,1462000 ± 69000,5.07 ± 0.33,221 ± 57,34 ± 24,68200 ± 2400,3770 ± 140,10690 ± 370,239000 ± 16000,1131000 ± 57000,8200 ± 410,1462000 ± 69000,0.0616 ± 0.0016,385.1 ± 9.5,0.470 ± 0.013,391.4 ± 9.0,0.0478 ± 0.0027,943 ± 53,0.03079 ± 0.00079,195.5 ± 4.9,0.2349 ± 0.0063,213.9 ± 5.2,0.0239 ± 0.0014,477 ± 27,0.05532 ± 0.00067,423 ± 26,0.0642 ± 0.0016,401.2 ± 9.9,0.488 ± 0.013,403.7 ± 9.2,0 ± 6.5E-12,-0.00000228 ± 0.00000013,0.05514 ± 0.00067,415 ± 26,15.77 ± 0.40,-8.27E-9 ± 0,431 ± 22,213 ± 14,0.893684,0.119448
TANBR,,-,,,,,,,1429 ± 55,344 ± 26,460000 ± 20000,76700 ± 3300,77700 ± 3100,284000 ± 16000,1033000 ± 60000,7430 ± 420,1943000 ± 96000,1.00E+0 ± 0,0 ± 0.0E+0,249 ± 55,45 ± 26,459000 ± 20000,76400 ± 3300,77000 ± 3100,284000 ± 16000,1033000 ± 60000,7430 ± 420,1940000 ± 96000,3.82 ± 0.24,249 ± 55,45 ± 26,459000 ± 20000,76400 ± 3300,77000 ± 3100,284000 ± 16000,1033000 ± 60000,7430 ± 420,1940000 ± 96000,0.455 ± 0.012,2411 ± 51,10.43 ± 0.27,2466 ± 23,0.281 ± 0.013,5010 ± 210,0.2275 ± 0.0059,1319 ± 31,5.22 ± 0.13,1848 ± 21,0.1406 ± 0.0065,2670 ± 120,0.16656 ± 0.00064,2522.2 ± 6.4,0.473 ± 0.012,2491 ± 53,10.80 ± 0.28,2498 ± 23,0 ± 2.9E-11,-0.00001266 ± 0.00000059,0.16599 ± 0.00063,2516.4 ± 6.4,2.147 ± 0.054,-5.91E-9 ± 0,404 ± 24,259 ± 15,0.989449,0.0330233
OG1,,-,,,,,,,1383 ± 54,369 ± 29,636000 ± 35000,191000 ± 10000,73800 ± 3600,200000 ± 12000,1029000 ± 76000,7460 ± 550,2140000 ± 130000,1.00E+0 ± 0,0 ± 0.0E+0,202 ± 54,69 ± 29,635000 ± 35000,191000 ± 10000,73000 ± 3600,200000 ± 12000,1029000 ± 76000,7460 ± 550,2140000 ± 130000,5.22 ± 0.33,202 ± 54,69 ± 29,635000 ± 35000,191000 ± 10000,73000 ± 3600,200000 ± 12000,1029000 ± 76000,7460 ± 550,2140000 ± 130000,0.651 ± 0.022,3214 ± 84,26.97 ± 0.91,3367 ± 33,0.376 ± 0.018,6410 ± 250,0.325 ± 0.011,1809 ± 53,13.48 ± 0.45,2699 ± 32,0.1881 ± 0.0088,3470 ± 150,0.3009 ± 0.0010,3474.1 ± 5.3,0.674 ± 0.023,3306 ± 86,27.83 ± 0.94,3397 ± 33,0 ± 3.7E-11,-0.00001603 ± 0.00000075,0.2999 ± 0.0010,3468.6 ± 5.3,1.525 ± 0.049,-7.62E-9 ± 0,415 ± 31,188 ± 12,0.994668,-0.103528
Temora2,,-,,,,,,,1409 ± 47,334 ± 25,36100 ± 1100,2279 ± 67,6280 ± 220,144000 ± 10000,600000 ± 26000,4350 ± 190,794000 ± 33000,1.00E+0 ± 0,0 ± 0.0E+0,226 ± 47,34 ± 25,35700 ± 1100,1987 ± 67,5550 ± 220,144000 ± 10000,600000 ± 26000,4350 ± 190,791000 ± 33000,4.58 ± 0.31,226 ± 47,34 ± 25,35700 ± 1100,1987 ± 67,5550 ± 220,144000 ± 10000,600000 ± 26000,4350 ± 190,791000 ± 33000,0.0613 ± 0.0020,383 ± 12,0.468 ± 0.015,388 ± 10,0.0424 ± 0.0026,838 ± 51,0.0306 ± 0.0010,194.4 ± 6.2,0.2342 ± 0.0076,213.1 ± 6.2,0.0212 ± 0.0013,424 ± 26,0.05569 ± 0.00096,445 ± 35,0.0633 ± 0.0021,395 ± 13,0.482 ± 0.016,399 ± 11,0 ± 5.3E-12,-0.00000172 ± 0.00000011,0.05548 ± 0.00095,437 ± 35,16.20 ± 0.52,-6.39E-9 ± 0,249 ± 11,139 ± 10,0.866698,0.213539
Baseline,,-,,,,,,,1102 ± 53,259 ± 30,284 ± 31,189 ± 11,480 ± 42,0 ± 0.0E+0,690 ± 680,5.0 ± 4.9,3010 ± 690,1.00E+0 ± 0,0 ± 0.0E+0,-8 ± 53,-11 ± 30,23 ± 31,-1 ± 11,6 ± 42,-0.0000027952 ± 0.0000000022,690 ± 680,5.0 ± 4.9,680 ± 690,-250000000 ± 240000000,-8 ± 53,-11 ± 30,23 ± 31,-1 ± 11,6 ± 42,-0.0000027952 ± 0.0000000022,690 ± 680,5.0 ± 4.9,680 ± 690,-110000 ± 200000,76200 ± 6100,70 ± 500,6560 ± 630,-2000000 ± 15000000,355100 ± 4100,-55000 ± 98000,72100 ± 5800,40 ± 250,5930 ± 570,-1100000 ± 7600000,341000 ± 4100,0.41 ± 0.40,2920 ± 420,-130000 ± 240000,77400 ± 6200,90 ± 590,6710 ± 660,-0.2 ± 1.4,22500 ± 7400,0.40 ± 0.40,2900 ± 420,-0.8 ± 7.4,9.6 ± 9.4,0.13 ± 0.13,-1.40E-9 ± 0,nan,nan
Baseline,,-,,,,,,,1192 ± 45,266 ± 28,271 ± 20,198 ± 10,493 ± 37,300 ± 430,610 ± 600,4.4 ± 4.4,3340 ± 750,1.00E+0 ± 0,0 ± 0.0E+0,81 ± 45,-5 ± 28,7 ± 20,6 ± 10,14 ± 37,300 ± 430,610 ± 600,4.4 ± 4.4,1000 ± 750,-210000000 ± 200000000,81 ± 45,-5 ± 28,7 ± 20,6 ± 10,14 ± 37,300 ± 430,610 ± 600,4.4 ± 4.4,1000 ± 750,-40000 ± 130000,76700 ± 6300,-270 ± 480,6670 ± 570,-3000000 ± 12000000,340000 ± 21000,-22000 ± 65000,72600 ± 6000,-140 ± 240,6020 ± 530,-1700000 ± 6100000,327000 ± 20000,-0.09 ± 0.32,3010 ± 390,-50000 ± 160000,77900 ± 6400,-320 ± 570,6830 ± 580,-0.25 ± 0.89,17800 ± 5200,-0.09 ± 0.32,3100 ± 400,-1 ± 23,11 ± 10,0.12 ± 0.11,0.15 ± 0.22,nan,nan
Baseline,,-,,,,,,,1108 ± 61,267 ± 29,275 ± 28,194 ± 10,505 ± 41,0 ± 0.0E+0,400 ± 560,2.9 ± 4.1,2750 ± 570,1.00E+0 ± 0,0 ± 0.0E+0,-5 ± 61,-4 ± 29,8 ± 28,0 ± 10,21 ± 41,-0.0000030765 ± 0.0000000021,400 ± 560,2.9 ± 4.1,400 ± 570,-130000000 ± 180000000,-5 ± 61,-4 ± 29,8 ± 28,0 ± 10,21 ± 41,-0.0000030765 ± 0.0000000021,400 ± 560,2.9 ± 4.1,400 ± 570,-50000 ± 180000,78600 ± 4700,-30 ± 480,6880 ± 610,-7000000 ± 13000000,350700 ± 4000,-27000 ± 92000,74300 ± 4500,-20 ± 240,6220 ± 550,-3400000 ± 6600000,336700 ± 4000,0.05 ± 0.26,2650 ± 630,-70000 ± 220000,79800 ± 4800,-40 ± 570,7050 ± 620,-0.41 ± 0.80,15500 ± 4300,0.04 ± 0.26,2640 ± 630,-13 ± 21,10 ± 14,0.08 ± 0.11,-1.56E-9 ± 0,nan,nan
Baseline,,-,,,,,,,1095 ± 75,271 ± 36,280 ± 23,189 ± 13,479 ± 43,0 ± 0.0E+0,830 ± 820,6.1 ± 5.9,3150 ± 820,1.00E+0 ± 0,0 ± 0.0E+0,-20 ± 75,-1 ± 36,10 ± 23,-7 ± 13,-10 ± 43,-0.0000032128 ± 0.0000000020,830 ± 820,6.0 ± 5.9,790 ± 820,-260000000 ± 250000000,-20 ± 75,-1 ± 36,10 ± 23,-7 ± 13,-10 ± 43,-0.0000032128 ± 0.0000000020,830 ± 820,6.0 ± 5.9,790 ± 820,-80000 ± 150000,73700 ± 8700,280 ± 590,6790 ± 730,3000000 ± 13000000,355500 ± 4300,-40000 ± 73000,69700 ± 8200,140 ± 290,6170 ± 650,1500000 ± 6700000,341500 ± 4300,0.13 ± 0.36,3260 ± 410,-100000 ± 180000,74800 ± 8800,330 ± 690,6930 ± 760,0.15 ± 0.69,19300 ± 4100,0.13 ± 0.36,3250 ± 410,-5 ± 13,35 ± 35,0.16 ± 0.16,-1.64E-9 ± 0,nan,nan
Baseline,,-,,,,,,,1119 ± 68,283 ± 30,283 ± 28,204 ± 13,500 ± 40,0 ± 0.0E+0,0 ± 0.0E+0,0 ± 0.0E+0,2389 ± 87,1.00E+0 ± 0,0 ± 0.0E+0,3 ± 68,10 ± 30,10 ± 28,6 ± 13,6 ± 40,-0.0000033560 ± 0.0000000019,-0.0001537402 ± 0.0000000074,-0.02100338 ± 0.00000098,9 ± 87,45.811 ± 0.024,3 ± 68,10 ± 30,10 ± 28,6 ± 13,6 ± 40,-0.0000033560 ± 0.0000000019,-0.0001537402 ± 0.0000000074,-0.02100338 ± 0.00000098,9 ± 87,-70000 ± 190000,83900 ± 1700,-290 ± 620,7260 ± 250,-2000000 ± 12000000,351700 ± 4500,-33000 ± 93000,79400 ± 1700,-150 ± 310,6560 ± 250,-800000 ± 5900000,337600 ± 4500,0.09 ± 0.36,2920 ± 510,-80000 ± 220000,85100 ± 1700,-350 ± 730,7420 ± 250,-0.07 ± 0.53,4900 ± 7300,0.09 ± 0.36,2910 ± 510,-0.0000013 ± 0.0000013,-0.0000322 ± 0.0000019,-3.01E-8 ± 0,-1.72E-9 ± 0,nan,nan
Baseline,,-,,,,,,,1121 ± 71,276 ± 36,339 ± 93,212 ± 13,521 ± 43,0 ± 0.0E+0,260 ± 510,1.9 ± 3.7,2730 ± 550,1.00E+0 ± 0,0 ± 0.0E+0,4 ± 71,3 ± 36,64 ± 93,12 ± 13,22 ± 43,-0.0000034927 ± 0.0000000019,260 ± 510,1.8 ± 3.7,340 ± 550,-70000000 ± 150000000,4 ± 71,3 ± 36,64 ± 93,12 ± 13,22 ± 43,-0.0000034927 ± 0.0000000019,260 ± 510,1.8 ± 3.7,340 ± 550,-410000 ± 600000,78700 ± 6700,-600 ± 620,6200 ± 1100,-6000000 ± 12000000,348900 ± 4800,-210000 ± 300000,74400 ± 6400,-300 ± 310,5600 ± 1000,-3100000 ± 6100000,334900 ± 4800,0.2 ± 1.0,3210 ± 770,-500000 ± 720000,79900 ± 6800,-700 ± 730,6300 ± 1200,-0.25 ± 0.49,7800 ± 4500,0.24 ± 0.99,3190 ± 770,36 ± 72,-16 ± 31,0.05 ± 0.10,-1.80E-9 ± 0,nan,nan
Baseline,,-,,,,,,,1090 ± 81,276 ± 33,290 ± 30,204 ± 12,488 ± 47,0 ± 0.0E+0,0 ± 0.0E+0,0 ± 0.0E+0,2350 ± 100,1.00E+0 ± 0,0 ± 0.0E+0,-28 ± 81,2 ± 33,12 ± 30,2 ± 12,-16 ± 47,-0.0000036314 ± 0.0000000019,-0.0001547982 ± 0.0000000073,-0.02114357 ± 0.00000096,-60 ± 100,42.628 ± 0.020,-28 ± 81,2 ± 33,12 ± 30,2 ± 12,-16 ± 47,-0.0000036314 ± 0.0000000019,-0.0001547982 ± 0.0000000073,-0.02114357 ± 0.00000096,-60 ± 100,-80000 ± 200000,83000 ± 1500,-110 ± 550,6860 ± 370,4000000 ± 13000000,337000 ± 10000,-39000 ± 98000,78600 ± 1500,-50 ± 280,6160 ± 370,2200000 ± 6500000,323000 ± 10000,-0.6 ± 1.0,2040 ± 620,-90000 ± 230000,84200 ± 1500,-130 ± 650,7020 ± 370,0.16 ± 0.47,10700 ± 4200,-0.6 ± 1.0,2030 ± 630,-0.0000042 ± 0.0000032,0.000004059 ± 0.000000034,-3.09E-8 ± 0,-1.88E-9 ± 0,nan,nan
Baseline,,-,,,,,,,1073 ± 69,236 ± 27,364 ± 38,222 ± 15,515 ± 48,0 ± 0.0E+0,0 ± 0.0E+0,0 ± 0.0E+0,2410 ± 100,1.00E+0 ± 0,0 ± 0.0E+0,-48 ± 69,-38 ± 27,83 ± 38,18 ± 15,5 ± 48,-0.0000037780 ± 0.0000000019,-0.0001553614 ± 0.0000000074,-0.02121819 ± 0.00000098,-10 ± 100,41.122 ± 0.019,-48 ± 69,-38 ± 27,83 ± 38,18 ± 15,5 ± 48,-0.0000037780 ± 0.0000000019,-0.0001553614 ± 0.0000000074,-0.02121819 ± 0.00000098,-10 ± 100,-530000 ± 250000,83400 ± 1900,-840 ± 720,6930 ± 440,-1000000 ± 13000000,341400 ± 8300,-270000 ± 120000,79000 ± 1900,-420 ± 360,6230 ± 440,-700000 ± 6400000,327300 ± 8300,-4.4 ± 6.4,3130 ± 490,-640000 ± 290000,84600 ± 1900,-980 ± 840,7080 ± 440,-0.04 ± 0.41,-4000 ± 11000,-4.4 ± 6.3,3110 ± 500,-0.000037 ± 0.000028,0.000002433 ± 0.000000013,-3.13E-8 ± 0,-1.97E-9 ± 0,nan,nan
Baseline,,-,,,,,,,1119 ± 59,275 ± 28,282 ± 24,210 ± 12,528 ± 38,0 ± 0.0E+0,0 ± 0.0E+0,0 ± 0.0E+0,2415 ± 76,1.00E+0 ± 0,0 ± 0.0E+0,-3 ± 59,-0 ± 28,-1 ± 24,4 ± 12,13 ± 38,-0.0000039232 ± 0.0000000020,-0.0001559191 ± 0.0000000079,-0.0212921 ± 0.0000010,-16 ± 76,39.743 ± 0.019,-3 ± 59,-0 ± 28,-1 ± 24,4 ± 12,13 ± 38,-0.0000039232 ± 0.0000000020,-0.0001559191 ± 0.0000000079,-0.0212921 ± 0.0000010,-16 ± 76,10000 ± 150000,81400 ± 2700,-190 ± 580,7050 ± 360,-3200000 ± 9600000,340100 ± 5900,4000 ± 76000,76900 ± 2700,-100 ± 290,6350 ± 360,-1600000 ± 4800000,326100 ± 5900,-0.6 ± 1.6,2150 ± 670,10000 ± 180000,82500 ± 2700,-220 ± 680,7200 ± 360,-0.09 ± 0.28,500 ± 4500,-0.6 ± 1.6,2140 ± 670,0.0000044 ± 0.0000036,0.0000017106 ± 0.0000000074,-3.17E-8 ± 0,-2.06E-9 ± 0,nan,nan
Baseline,,-,,,,,,,1080 ± 61,312 ± 31,264 ± 23,211 ± 11,499 ± 36,0 ± 0.0E+0,210 ± 430,1.6 ± 3.1,2580 ± 440,1.00E+0 ± 0,0 ± 0.0E+0,-43 ± 61,36 ± 31,-23 ± 23,3 ± 11,-21 ± 36,-0.0000040666 ± 0.0000000020,210 ± 430,1.5 ± 3.1,140 ± 440,-50000000 ± 110000000,-43 ± 61,36 ± 31,-23 ± 23,3 ± 11,-21 ± 36,-0.0000040666 ± 0.0000000020,210 ± 430,1.5 ± 3.1,140 ± 440,150000 ± 150000,79500 ± 4000,-140 ± 520,7140 ± 540,5200000 ± 8900000,338200 ± 5800,73000 ± 73000,75100 ± 3900,-70 ± 260,6460 ± 500,2600000 ± 4500000,324200 ± 5800,-0.79 ± 0.89,2860 ± 440,170000 ± 170000,80600 ± 4100,-170 ± 600,7290 ± 550,0.14 ± 0.24,3500 ± 3200,-0.79 ± 0.88,2990 ± 450,7 ± 14,-1.8 ± 3.5,0.044 ± 0.088,-2.15E-9 ± 0,nan,nan
Baseline,,-,,,,,,,1126 ± 61,296 ± 32,281 ± 26,211 ± 12,529 ± 46,0 ± 0.0E+0,230 ± 450,1.6 ± 3.3,2670 ± 450,1.00E+0 ± 0,0 ± 0.0E+0,1 ± 61,20 ± 32,-8 ± 26,1 ± 12,4 ± 46,-0.0000042068 ± 0.0000000020,230 ± 450,1.6 ± 3.3,220 ± 450,-50000000 ± 110000000,1 ± 61,20 ± 32,-8 ± 26,1 ± 12,4 ± 46,-0.0000042068 ± 0.0000000020,230 ± 450,1.6 ± 3.3,220 ± 450,40000 ± 160000,80000 ± 4500,-70 ± 570,7150 ± 560,-1000000 ± 11000000,341700 ± 6100,20000 ± 82000,75700 ± 4300,-40 ± 280,6480 ± 520,-400000 ± 5500000,327600 ± 6100,0.03 ± 0.53,2870 ± 540,50000 ± 190000,81100 ± 4500,-80 ± 660,7300 ± 580,-0.02 ± 0.28,2000 ± 4800,0.03 ± 0.53,2860 ± 540,-1.4 ± 2.9,-1.5 ± 3.0,0.047 ± 0.094,-2.23E-9 ± 0,nan,nan
Baseline,,-,,,,,,,1129 ± 64,285 ± 33,280 ± 31,200 ± 11,543 ± 50,0 ± 0.0E+0,240 ± 480,1.7 ± 3.5,2680 ± 490,1.00E+0 ± 0,0 ± 0.0E+0,3 ± 64,8 ± 33,-12 ± 31,-12 ± 11,12 ± 50,-0.0000043413 ± 0.0000000019,240 ± 480,1.7 ± 3.5,210 ± 490,-60000000 ± 110000000,3 ± 64,8 ± 33,-12 ± 31,-12 ± 11,12 ± 50,-0.0000043413 ± 0.0000000019,240 ± 480,1.7 ± 3.5,210 ± 490,80000 ± 200000,81500 ± 4400,560 ± 530,6570 ± 780,-3000000 ± 12000000,343400 ± 6000,38000 ± 99000,77200 ± 4200,280 ± 270,5960 ± 700,-1400000 ± 5800000,329400 ± 6000,-0.02 ± 0.29,2780 ± 620,90000 ± 230000,82500 ± 4400,650 ± 610,6920 ± 680,-0.06 ± 0.27,900 ± 4300,-0.02 ± 0.28,2770 ± 630,-19 ± 37,-1.3 ± 2.6,0.05 ± 0.10,-2.32E-9 ± 0,nan,nan
Baseline,,-,,,,,,,1101 ± 69,281 ± 32,302 ± 32,205 ± 11,532 ± 40,0 ± 0.0E+0,430 ± 610,3.2 ± 4.4,2860 ± 630,1.00E+0 ± 0,0 ± 0.0E+0,-27 ± 69,4 ± 32,7 ± 32,-10 ± 11,-4 ± 40,-0.0000044833 ± 0.0000000020,430 ± 610,3.1 ± 4.4,380 ± 630,-100000000 ± 140000000,-27 ± 69,4 ± 32,7 ± 32,-10 ± 11,-4 ± 40,-0.0000044833 ± 0.0000000020,430 ± 610,3.1 ± 4.4,380 ± 630,-60000 ± 200000,78500 ± 5800,450 ± 520,6680 ± 540,900000 ± 9000000,342100 ± 5700,-29000 ± 99000,74200 ± 5500,230 ± 260,6010 ± 510,500000 ± 4500000,328100 ± 5700,0.04 ± 0.48,3340 ± 430,-70000 ± 230000,79500 ± 5800,520 ± 600,6820 ± 550,0.02 ± 0.20,1300 ± 3000,0.04 ± 0.47,3330 ± 430,-15 ± 27,-2.0 ± 2.9,0.09 ± 0.13,-2.41E-9 ± 0,nan,nan
Baseline,,-,,,,,,,1080 ± 55,276 ± 33,261 ± 19,204 ± 12,522 ± 39,0 ± 0.0E+0,190 ± 380,1.4 ± 2.8,2540 ± 410,1.00E+0 ± 0,0 ± 0.0E+0,-49 ± 55,-2 ± 33,-37 ± 19,-12 ± 12,-19 ± 39,-0.0000046206 ± 0.0000000021,190 ± 380,1.4 ± 2.8,40 ± 410,-41000000 ± 83000000,-49 ± 55,-2 ± 33,-37 ± 19,-12 ± 12,-19 ± 39,-0.0000046206 ± 0.0000000021,190 ± 380,1.4 ± 2.8,40 ± 410,250000 ± 120000,82000 ± 3200,600 ± 530,7360 ± 340,4100000 ± 8400000,343900 ± 4700,123000 ± 59000,77600 ± 3100,300 ± 270,6660 ± 330,2100000 ± 4200000,329900 ± 4700,0.11 ± 0.40,3350 ± 400,290000 ± 140000,82900 ± 3300,690 ± 610,7500 ± 340,0.09 ± 0.18,800 ± 3200,0.11 ± 0.40,3340 ± 400,1.0 ± 1.9,-0.8 ± 1.6,0.041 ± 0.081,-2.50E-9 ± 0,nan,nan
Baseline,,-,,,,,,,1175 ± 56,281 ± 30,339 ± 28,243 ± 13,584 ± 40,0 ± 0.0E+0,0 ± 0.0E+0,0 ± 0.0E+0,2622 ± 77,1.00E+0 ± 0,0 ± 0.0E+0,31 ± 56,-3 ± 30,14 ± 28,6 ± 13,-8 ± 40,-0.0000060099 ± 0.0000000021,-0.0001639335 ± 0.0000000080,-0.0223541 ± 0.0000011,3 ± 77,27.2774 ± 0.0081,31 ± 56,-3 ± 30,14 ± 28,6 ± 13,-8 ± 40,-0.0000060099 ± 0.0000000021,-0.0001639335 ± 0.0000000080,-0.0223541 ± 0.0000011,3 ± 77,-90000 ± 170000,81900 ± 1800,-260 ± 560,7620 ± 270,1300000 ± 6700000,332600 ± 5300,-44000 ± 85000,77400 ± 1800,-130 ± 280,6920 ± 270,700000 ± 3400000,318600 ± 5300,-0.04 ± 0.43,2970 ± 600,-100000 ± 190000,82600 ± 1800,-300 ± 630,7730 ± 270,0.04 ± 0.21,2700 ± 2600,-0.04 ± 0.43,2970 ± 600,0.0000011 ± 0.0000011,0.0000005973 ± 0.0000000015,-3.89E-8 ± 0,-3.50E-9 ± 0,nan,nan
Baseline,,-,,,,,,,1172 ± 65,317 ± 30,388 ± 31,250 ± 14,591 ± 45,0 ± 0.0E+0,210 ± 420,1.5 ± 3.1,2930 ± 430,1.00E+0 ± 0,0 ± 0.0E+0,27 ± 65,32 ± 30,60 ± 31,11 ± 14,-6 ± 45,-0.0000061498 ± 0.0000000020,210 ± 420,1.5 ± 3.1,300 ± 430,-34000000 ± 69000000,27 ± 65,32 ± 30,60 ± 31,11 ± 14,-6 ± 45,-0.0000061498 ± 0.0000000020,210 ± 420,1.5 ± 3.1,300 ± 430,-370000 ± 190000,79200 ± 5700,-500 ± 600,6750 ± 640,1000000 ± 7200000,339200 ± 4500,-185000 ± 95000,74900 ± 5400,-250 ± 300,6070 ± 610,500000 ± 3600000,325200 ± 4500,-0.06 ± 0.37,3210 ± 320,-420000 ± 210000,79900 ± 5700,-560 ± 670,6850 ± 640,0.04 ± 0.28,2700 ± 5200,-0.06 ± 0.37,3210 ± 320,-4.1 ± 8.1,-0.9 ± 1.9,0.05 ± 0.10,-3.61E-9 ± 0,nan,nan
Baseline,,-,,,,,,,1130 ± 58,271 ± 32,323 ± 27,246 ± 13,610 ± 45,0 ± 0.0E+0,230 ± 460,1.7 ± 3.3,2810 ± 480,1.00E+0 ± 0,0 ± 0.0E+0,-16 ± 58,-14 ± 32,-7 ± 27,5 ± 13,7 ± 45,-0.0000062888 ± 0.0000000020,230 ± 460,1.6 ± 3.3,170 ± 480,-36000000 ± 73000000,-16 ± 58,-14 ± 32,-7 ± 27,5 ± 13,7 ± 45,-0.0000062888 ± 0.0000000020,230 ± 460,1.6 ± 3.3,170 ± 480,40000 ± 160000,81000 ± 4500,-190 ± 560,7070 ± 460,-1200000 ± 7100000,338900 ± 4900,19000 ± 81000,76700 ± 4300,-90 ± 280,6380 ± 440,-600000 ± 3600000,324900 ± 4900,0.03 ± 0.52,3140 ± 550,40000 ± 180000,81700 ± 4600,-210 ± 630,7180 ± 460,-0.07 ± 0.41,4700 ± 5400,0.03 ± 0.51,3140 ± 550,-2.6 ± 5.1,-1.5 ± 3.0,0.06 ± 0.11,-3.73E-9 ± 0,nan,nan
Baseline,,-,,,,,,,1178 ± 54,288 ± 30,300 ± 26,234 ± 11,598 ± 47,0 ± 0.0E+0,410 ± 570,2.9 ± 4.1,3010 ± 590,1.00E+0 ± 0,0 ± 0.0E+0,30 ± 54,3 ± 30,-34 ± 26,-9 ± 11,-10 ± 47,-0.0000064376 ± 0.0000000021,410 ± 570,2.9 ± 4.1,350 ± 590,-63000000 ± 89000000,30 ± 54,3 ± 30,-34 ± 26,-9 ± 11,-10 ± 47,-0.0000064376 ± 0.0000000021,410 ± 570,2.9 ± 4.1,350 ± 590,220000 ± 160000,81300 ± 5100,390 ± 500,6940 ± 510,1500000 ± 7300000,342400 ± 4500,108000 ± 78000,77100 ± 4900,190 ± 250,6270 ± 480,800000 ± 3600000,328400 ± 4500,-0.62 ± 0.53,2950 ± 660,240000 ± 170000,82000 ± 5200,430 ± 550,7040 ± 520,0.3 ± 1.1,23700 ± 5400,-0.61 ± 0.53,2940 ± 670,19 ± 36,-6.7 ± 9.5,0.10 ± 0.14,-3.87E-9 ± 0,nan,nan
Baseline,,-,,,,,,,1226 ± 55,311 ± 35,306 ± 17,234 ± 12,604 ± 44,0 ± 0.0E+0,490 ± 560,3.6 ± 4.1,3180 ± 560,1.00E+0 ± 0,0 ± 0.0E+0,76 ± 55,25 ± 35,-30 ± 17,-12 ± 12,-9 ± 44,-0.0000065844 ± 0.0000000023,490 ± 560,3.5 ± 4.1,500 ± 560,-74000000 ± 85000000,76 ± 55,25 ± 35,-30 ± 17,-12 ± 12,-9 ± 44,-0.0000065844 ± 0.0000000023,490 ± 560,3.5 ± 4.1,500 ± 560,170000 ± 100000,79300 ± 5200,510 ± 510,7170 ± 520,1300000 ± 6600000,340800 ± 3700,87000 ± 52000,75000 ± 5000,260 ± 250,6510 ± 470,700000 ± 3300000,326800 ± 3700,-0.28 ± 0.86,3230 ± 470,190000 ± 120000,79900 ± 5300,560 ± 560,7270 ± 520,-0.3 ± 1.4,33400 ± 4300,-0.28 ± 0.86,3230 ± 470,-4 ± 15,9 ± 11,0.12 ± 0.14,-4.00E-9 ± 0,nan,nan
Baseline,,-,,,,,,,1136 ± 58,280 ± 29,328 ± 44,234 ± 12,616 ± 45,0 ± 0.0E+0,0 ± 0.0E+0,0 ± 0.0E+0,2594 ± 100,1.00E+0 ± 0,0 ± 0.0E+0,-15 ± 58,-7 ± 29,-11 ± 44,-14 ± 12,-2 ± 45,-0.0000067228 ± 0.0000000021,-0.0001666716 ± 0.0000000082,-0.0227169 ± 0.0000011,-89 ± 100,24.7921 ± 0.0066,-15 ± 58,-7 ± 29,-11 ± 44,-14 ± 12,-2 ± 45,-0.0000067228 ± 0.0000000021,-0.0001666716 ± 0.0000000082,-0.0227169 ± 0.0000011,-89 ± 100,60000 ± 260000,84300 ± 1300,590 ± 540,7530 ± 230,300000 ± 6700000,342600 ± 3900,30000 ± 130000,79800 ± 1300,300 ± 270,6830 ± 230,200000 ± 3400000,328600 ± 3900,-0.14 ± 0.92,2800 ± 490,70000 ± 290000,84900 ± 1300,650 ± 600,7630 ± 230,-0.01 ± 0.37,-5100 ± 9900,-0.14 ± 0.91,2800 ± 490,-0.0000021 ± 0.0000022,-0.000000937 ± 0.000000011,-4.25E-8 ± 0,-4.14E-9 ± 0,nan,nan
Baseline,,-,,,,,,,1149 ± 64,276 ± 33,346 ± 38,247 ± 14,575 ± 49,0 ± 0.0E+0,220 ± 440,1.6 ± 3.2,2810 ± 470,1.00E+0 ± 0,0 ± 0.0E+0,-3 ± 64,-12 ± 33,4 ± 38,-2 ± 14,-48 ± 49,-0.0000068569 ± 0.0000000020,220 ± 440,1.6 ± 3.2,120 ± 470,-32000000 ± 64000000,-3 ± 64,-12 ± 33,4 ± 38,-2 ± 14,-48 ± 49,-0.0000068569 ± 0.0000000020,220 ± 440,1.6 ± 3.2,120 ± 470,-30000 ± 220000,81300 ± 4500,210 ± 550,7470 ± 430,7100000 ± 7100000,342600 ± 3700,-20000 ± 110000,76900 ± 4300,100 ± 280,6780 ± 410,3500000 ± 3500000,328500 ± 3700,0.8 ± 1.8,3110 ± 490,-40000 ± 250000,81900 ± 4500,230 ± 610,7560 ± 430,-0.22 ± 0.22,-5800 ± 4700,0.8 ± 1.8,3110 ± 490,-2.2 ± 4.4,0.7 ± 1.4,0.06 ± 0.11,-4.27E-9 ± 0,nan,nan
Baseline,,-,,,,,,,1124 ± 55,305 ± 29,358 ± 32,251 ± 12,602 ± 36,0 ± 0.0E+0,400 ± 560,2.9 ± 4.1,3040 ± 560,1.00E+0 ± 0,0 ± 0.0E+0,-30 ± 55,16 ± 29,13 ± 32,-0 ± 12,-27 ± 36,-0.0000070045 ± 0.0000000021,400 ± 560,2.9 ± 4.1,340 ± 560,-57000000 ± 80000000,-30 ± 55,16 ± 29,13 ± 32,-0 ± 12,-27 ± 36,-0.0000070045 ± 0.0000000021,400 ± 560,2.9 ± 4.1,340 ± 560,-70000 ± 190000,74500 ± 6200,10 ± 510,6740 ± 600,3800000 ± 5200000,316000 ± 10000,-36000 ± 95000,70300 ± 6000,10 ± 260,6070 ± 570,1900000 ± 2600000,302000 ± 10000,4.4 ± 5.4,2980 ± 500,-80000 ± 210000,75100 ± 6200,20 ± 560,6820 ± 610,-0.08 ± 0.11,-3700 ± 2900,4.4 ± 5.4,2980 ± 500,-1.0 ± 4.4,0.8 ± 1.1,0.11 ± 0.15,-4.43E-9 ± 0,nan,nan
Baseline,,-,,,,,,,1165 ± 64,276 ± 34,367 ± 27,259 ± 14,664 ± 48,0 ± 0.0E+0,410 ± 580,3.0 ± 4.2,3150 ± 590,1.00E+0 ± 0,0 ± 0.0E+0,9 ± 64,-13 ± 34,20 ± 27,6 ± 14,30 ± 48,-0.0000071442 ± 0.0000000021,410 ± 580,3.0 ± 4.2,420 ± 590,-58000000 ± 81000000,9 ± 64,-13 ± 34,20 ± 27,6 ± 14,30 ± 48,-0.0000071442 ± 0.0000000021,410 ± 580,3.0 ± 4.2,420 ± 590,-110000 ± 160000,75600 ± 6200,-230 ± 600,6900 ± 650,-4200000 ± 6800000,329200 ± 8500,-55000 ± 79000,71400 ± 5900,-110 ± 300,6230 ± 610,-2100000 ± 3400000,315200 ± 8500,-0.3 ± 1.0,3320 ± 430,-120000 ± 170000,76200 ± 6200,-250 ± 650,6980 ± 650,0.06 ± 0.10,-900 ± 2300,-0.3 ± 1.0,3320 ± 430,-4 ± 11,0.58 ± 0.82,0.11 ± 0.16,-4.58E-9 ± 0,nan,nan
Baseline,,-,,,,,,,1143 ± 63,279 ± 33,368 ± 31,251 ± 14,618 ± 39,0 ± 0.0E+0,0 ± 0.0E+0,0 ± 0.0E+0,2660 ± 100,1.00E+0 ± 0,0 ± 0.0E+0,-13 ± 63,-10 ± 33,18 ± 31,-5 ± 14,-21 ± 39,-0.0000072791 ± 0.0000000020,-0.0001688085 ± 0.0000000076,-0.0230000 ± 0.0000010,-70 ± 100,23.1907 ± 0.0053,-13 ± 63,-10 ± 33,18 ± 31,-5 ± 14,-21 ± 39,-0.0000072791 ± 0.0000000020,-0.0001688085 ± 0.0000000076,-0.0230000 ± 0.0000010,-70 ± 100,-100000 ± 190000,81100 ± 2500,220 ± 620,7480 ± 280,2800000 ± 5400000,329700 ± 6600,-52000 ± 93000,76600 ± 2500,110 ± 310,6780 ± 280,1400000 ± 2700000,315600 ± 6600,0.33 ± 0.89,3090 ± 510,-110000 ± 200000,81600 ± 2500,240 ± 680,7570 ± 280,-0.034 ± 0.064,-1700 ± 1600,0.33 ± 0.89,3090 ± 510,0.0000027 ± 0.0000020,-1.89E-7 ± 0,-4.60E-8 ± 0,-4.74E-9 ± 0,nan,nan
Baseline,,-,,,,,,,1218 ± 76,268 ± 36,341 ± 32,260 ± 13,659 ± 50,0 ± 0.0E+0,270 ± 540,1.9 ± 3.9,3020 ± 550,1.00E+0 ± 0,0 ± 0.0E+0,60 ± 76,-22 ± 36,-12 ± 32,2 ± 13,15 ± 50,-0.0000074250 ± 0.0000000018,270 ± 540,1.9 ± 3.9,270 ± 550,-36000000 ± 72000000,60 ± 76,-22 ± 36,-12 ± 32,2 ± 13,15 ± 50,-0.0000074250 ± 0.0000000018,270 ± 540,1.9 ± 3.9,270 ± 550,70000 ± 190000,81100 ± 5700,-100 ± 570,6970 ± 550,-2000000 ± 6700000,328000 ± 7700,34000 ± 94000,76800 ± 5400,-50 ± 280,6290 ± 520,-1000000 ± 3300000,314000 ± 7700,-0.35 ± 0.41,2880 ± 520,70000 ± 200000,81700 ± 5700,-100 ± 610,7050 ± 560,0.019 ± 0.064,-200 ± 1300,-0.35 ± 0.41,2880 ± 520,-27 ± 55,0.24 ± 0.47,0.07 ± 0.15,-4.92E-9 ± 0,nan,nan
Baseline,,-,,,,,,,1197 ± 69,287 ± 30,363 ± 25,263 ± 13,658 ± 50,0 ± 0.0E+0,0 ± 0.0E+0,0 ± 0.0E+0,2770 ± 100,1.00E+0 ± 0,0 ± 0.0E+0,37 ± 69,-4 ± 30,8 ± 25,4 ± 13,9 ± 50,-0.0000075669 ± 0.0000000019,-0.0001699138 ± 0.0000000072,-0.02314648 ± 0.00000096,10 ± 100,22.4548 ± 0.0046,37 ± 69,-4 ± 30,8 ± 25,4 ± 13,9 ± 50,-0.0000075669 ± 0.0000000019,-0.0001699138 ± 0.0000000072,-0.02314648 ± 0.00000096,10 ± 100,-50000 ± 150000,81400 ± 2300,-160 ± 560,7300 ± 290,-1200000 ± 6600000,332900 ± 5800,-23000 ± 73000,76900 ± 2300,-80 ± 280,6600 ± 290,-600000 ± 3300000,318900 ± 5800,-0.01 ± 0.39,2870 ± 610,-50000 ± 160000,81900 ± 2300,-170 ± 600,7380 ± 290,0.009 ± 0.053,-300 ± 1100,-0.01 ± 0.39,2860 ± 610,0.0000007 ± 0.0000014,-1.23E-7 ± 0,-4.81E-8 ± 0,-5.10E-9 ± 0,nan,nan
Baseline,,-,,,,,,,1177 ± 62,293 ± 31,315 ± 19,251 ± 13,643 ± 46,0 ± 0.0E+0,210 ± 420,1.5 ± 3.1,2890 ± 430,1.00E+0 ± 0,0 ± 0.0E+0,15 ± 62,2 ± 31,-43 ± 19,-11 ± 12,-12 ± 46,-0.0000077097 ± 0.0000000020,210 ± 420,1.5 ± 3.1,120 ± 430,-27000000 ± 55000000,15 ± 62,2 ± 31,-43 ± 19,-11 ± 12,-12 ± 46,-0.0000077097 ± 0.0000000020,210 ± 420,1.5 ± 3.1,120 ± 430,250000 ± 110000,81200 ± 3200,460 ± 540,7390 ± 440,1500000 ± 6000000,337100 ± 4800,124000 ± 57000,76800 ± 3000,230 ± 270,6710 ± 410,800000 ± 3000000,323100 ± 4800,-0.02 ± 0.35,3430 ± 650,270000 ± 120000,81700 ± 3200,490 ± 580,7460 ± 450,-0.010 ± 0.041,-530 ± 840,-0.02 ± 0.35,3420 ± 650,-4.3 ± 8.5,0.13 ± 0.26,0.06 ± 0.12,-5.29E-9 ± 0,nan,nan
Baseline,,-,,,,,,,1118 ± 52,299 ± 31,349 ± 29,265 ± 14,628 ± 47,0 ± 0.0E+0,210 ± 410,1.5 ± 3.0,2870 ± 410,1.00E+0 ± 0,0 ± 0.0E+0,-45 ± 52,7 ± 31,-12 ± 29,1 ± 14,-31 ± 47,-0.0000078490 ± 0.0000000021,210 ± 410,1.5 ± 3.0,80 ± 410,-26000000 ± 52000000,-45 ± 52,7 ± 31,-12 ± 29,1 ± 14,-31 ± 47,-0.0000078490 ± 0.0000000021,210 ± 410,1.5 ± 3.0,80 ± 410,70000 ± 170000,80100 ± 3700,-110 ± 590,7090 ± 580,4000000 ± 5900000,337800 ± 4300,34000 ± 86000,75700 ± 3500,-50 ± 290,6450 ± 500,2000000 ± 3000000,323800 ± 4300,-0.09 ± 0.52,3180 ± 400,70000 ± 190000,80500 ± 3700,-120 ± 630,7140 ± 620,-0.024 ± 0.035,-730 ± 720,-0.09 ± 0.52,3170 ± 400,-11 ± 22,0.11 ± 0.21,0.06 ± 0.12,-5.49E-9 ± 0,nan,nan
Baseline,,-,,,,,,,1137 ± 74,278 ± 26,338 ± 29,270 ± 19,686 ± 49,0 ± 0.0E+0,480 ± 670,3.5 ± 4.9,3190 ± 690,1.00E+0 ± 0,0 ± 0.0E+0,-27 ± 74,-14 ± 26,-26 ± 29,4 ± 19,21 ± 49,-0.0000079829 ± 0.0000000019,480 ± 670,3.5 ± 4.9,400 ± 690,-60000000 ± 84000000,-27 ± 74,-14 ± 26,-26 ± 29,4 ± 19,21 ± 49,-0.0000079829 ± 0.0000000019,480 ± 670,3.5 ± 4.9,400 ± 690,150000 ± 160000,79500 ± 5600,-110 ± 790,6940 ± 690,-2600000 ± 6100000,334300 ± 5500,73000 ± 81000,75300 ± 5400,-60 ± 400,6270 ± 650,-1300000 ± 3100000,320300 ± 5500,-0.23 ± 0.44,2800 ± 580,160000 ± 170000,80000 ± 5700,-120 ± 850,7010 ± 690,0.014 ± 0.032,110 ± 660,-0.23 ± 0.44,2790 ± 580,0.6 ± 4.0,0.22 ± 0.30,0.14 ± 0.20,-5.68E-9 ± 0,nan,nan
Baseline,,-,,,,,,,1123 ± 60,278 ± 27,352 ± 28,259 ± 14,661 ± 50,210 ± 410,410 ± 580,3.0 ± 4.2,3290 ± 720,1.00E+0 ± 0,0 ± 0.0E+0,-43 ± 60,-15 ± 27,-15 ± 28,-9 ± 14,-9 ± 50,210 ± 410,410 ± 580,3.0 ± 4.2,480 ± 720,-51000000 ± 71000000,-43 ± 60,-15 ± 27,-15 ± 28,-9 ± 14,-9 ± 50,210 ± 410,410 ± 580,3.0 ± 4.2,480 ± 720,90000 ± 160000,80100 ± 5500,350 ± 580,7150 ± 530,1300000 ± 6200000,331000 ± 17000,43000 ± 82000,75900 ± 5300,170 ± 290,6490 ± 480,600000 ± 3100000,317000 ± 16000,0.04 ± 0.53,3550 ± 220,90000 ± 170000,80600 ± 5600,370 ± 610,7220 ± 530,-0.006 ± 0.029,-280 ± 570,0.04 ± 0.53,3540 ± 220,47 ± 66,0.16 ± 0.23,0.13 ± 0.18,0.15 ± 0.30,nan,nan
Baseline,,-,,,,,,,1128 ± 63,272 ± 28,382 ± 27,273 ± 14,722 ± 47,0 ± 0.0E+0,0 ± 0.0E+0,0 ± 0.0E+0,2777 ± 82,1.00E+0 ± 0,0 ± 0.0E+0,-40 ± 63,-22 ± 28,12 ± 27,3 ± 14,47 ± 47,-0.0000082687 ± 0.0000000020,-0.0001726092 ± 0.0000000075,-0.02350364 ± 0.00000099,-46 ± 82,20.8750 ± 0.0040,-40 ± 63,-22 ± 28,12 ± 27,3 ± 14,47 ± 47,-0.0000082687 ± 0.0000000020,-0.0001726092 ± 0.0000000075,-0.02350364 ± 0.00000099,-46 ± 82,-70000 ± 160000,84200 ± 1500,-140 ± 610,7500 ± 290,-5700000 ± 5700000,334100 ± 5300,-36000 ± 79000,79700 ± 1500,-70 ± 310,6790 ± 280,-2800000 ± 2900000,320100 ± 5300,0.3 ± 1.3,2830 ± 540,-80000 ± 170000,84600 ± 1500,-150 ± 650,7560 ± 290,0.024 ± 0.024,380 ± 470,0.3 ± 1.3,2830 ± 540,-0.0000053 ± 0.0000027,-6.03E-8 ± 0,-5.43E-8 ± 0,-6.14E-9 ± 0,nan,nan
Baseline,,-,,,,,,,1280 ± 250,320 ± 130,420 ± 130,271 ± 33,800 ± 220,0 ± 0.0E+0,5300 ± 6700,38 ± 48,8400 ± 6500,1.00E+0 ± 0,0 ± 0.0E+0,110 ± 250,30 ± 130,50 ± 130,0 ± 33,130 ± 220,-8.29E-6 ± 0,5300 ± 6700,38 ± 48,5600 ± 6500,-640000000 ± 810000000,110 ± 250,30 ± 130,50 ± 130,0 ± 33,130 ± 220,-8.29E-6 ± 0,5300 ± 6700,38 ± 48,5600 ± 6500,-380000 ± 680000,29000 ± 58000,500 ± 1100,4300 ± 3400,-15000000 ± 27000000,324000 ± 16000,-190000 ± 340000,27000 ± 55000,240 ± 530,3900 ± 3100,-8000000 ± 13000000,310000 ± 16000,0.19 ± 0.45,3000 ± 2300,-410000 ± 730000,29000 ± 58000,500 ± 1100,4400 ± 3400,0.06 ± 0.11,1100 ± 2000,0.19 ± 0.45,3000 ± 2300,50 ± 150,1.8 ± 2.3,1.7 ± 2.1,-6.18E-9 ± 0,nan,nan
Baseline,,-,,,,,,,1188 ± 56,318 ± 31,397 ± 55,267 ± 13,657 ± 43,0 ± 0.0E+0,180 ± 360,1.3 ± 2.6,3010 ± 370,1.00E+0 ± 0,0 ± 0.0E+0,19 ± 56,24 ± 31,25 ± 55,-5 ± 13,-23 ± 43,-0.0000084078 ± 0.0000000022,180 ± 360,1.3 ± 2.6,170 ± 370,-21000000 ± 43000000,19 ± 56,24 ± 31,25 ± 55,-5 ± 13,-23 ± 43,-0.0000084078 ± 0.0000000022,180 ± 360,1.3 ± 2.6,170 ± 370,-140000 ± 320000,82300 ± 3900,210 ± 550,7350 ± 410,2800000 ± 5200000,339400 ± 3400,-70000 ± 160000,77900 ± 3700,110 ± 270,6660 ± 380,1400000 ± 2600000,325400 ± 3400,-1.3 ± 1.5,3070 ± 380,-150000 ± 340000,82700 ± 3900,230 ± 580,7410 ± 410,-0.011 ± 0.020,-300 ± 400,-1.3 ± 1.5,3070 ± 380,1.8 ± 3.5,0.06 ± 0.11,0.06 ± 0.12,-6.38E-9 ± 0,nan,nan
Baseline,,-,,,,,,,1183 ± 71,285 ± 30,457 ± 54,287 ± 15,677 ± 55,0 ± 0.0E+0,210 ± 430,1.6 ± 3.1,3110 ± 440,1.00E+0 ± 0,0 ± 0.0E+0,13 ± 71,-10 ± 30,82 ± 54,13 ± 15,-8 ± 55,-0.0000085541 ± 0.0000000020,210 ± 430,1.5 ± 3.1,260 ± 440,-25000000 ± 50000000,13 ± 71,-10 ± 30,82 ± 54,13 ± 15,-8 ± 55,-0.0000085541 ± 0.0000000020,210 ± 430,1.5 ± 3.1,260 ± 440,-480000 ± 310000,80100 ± 6300,-560 ± 640,7200 ± 510,1000000 ± 6400000,335900 ± 4500,-240000 ± 150000,75800 ± 6000,-280 ± 320,6520 ± 470,500000 ± 3200000,321900 ± 4500,13 ± 37,3040 ± 440,-510000 ± 330000,80500 ± 6300,-590 ± 670,7250 ± 520,-0.003 ± 0.022,-160 ± 440,13 ± 37,3040 ± 440,-1.3 ± 2.6,0.06 ± 0.12,0.07 ± 0.14,-6.64E-9 ± 0,nan,nan
Baseline,,-,,,,,,,1152 ± 69,309 ± 35,410 ± 40,279 ± 14,657 ± 44,230 ± 450,0 ± 0.0E+0,0 ± 0.0E+0,3030 ± 460,1.00E+0 ± 0,0 ± 0.0E+0,-20 ± 69,13 ± 35,32 ± 40,2 ± 14,-34 ± 44,230 ± 450,-0.0001742433 ± 0.0000000075,-0.0237202 ± 0.0000010,170 ± 460,19.76 ± 0.57,-20 ± 69,13 ± 35,32 ± 40,2 ± 14,-34 ± 44,230 ± 450,-0.0001742433 ± 0.0000000075,-0.0237202 ± 0.0000010,170 ± 460,-190000 ± 230000,80600 ± 3000,-100 ± 580,7290 ± 390,3900000 ± 5100000,312000 ± 16000,-90000 ± 110000,76100 ± 3000,-50 ± 290,6590 ± 390,1900000 ± 2500000,299000 ± 16000,-0.7 ± 1.3,3560 ± 450,-200000 ± 240000,81000 ± 3000,-100 ± 610,7340 ± 390,-0.012 ± 0.016,-300 ± 330,-0.7 ± 1.3,3560 ± 460,0.0000053 ± 0.0000040,-0.0000000438 ± 0.0000000013,-5.88E-8 ± 0,0.18 ± 0.36,nan,nan
Baseline,,-,,,,,,,1183 ± 58,293 ± 32,368 ± 25,263 ± 12,743 ± 48,0 ± 0.0E+0,180 ± 360,1.3 ± 2.6,3030 ± 370,1.00E+0 ± 0,0 ± 0.0E+0,9 ± 58,-4 ± 32,-12 ± 25,-16 ± 12,47 ± 48,-0.0000088356 ± 0.0000000022,180 ± 360,1.3 ± 2.6,160 ± 370,-20000000 ± 41000000,9 ± 58,-4 ± 32,-12 ± 25,-16 ± 12,47 ± 48,-0.0000088356 ± 0.0000000022,180 ± 360,1.3 ± 2.6,160 ± 370,70000 ± 140000,79600 ± 3900,710 ± 500,7000 ± 390,-5300000 ± 5400000,316600 ± 8900,36000 ± 71000,75200 ± 3700,350 ± 250,6310 ± 380,-2700000 ± 2700000,302600 ± 8900,0.1 ± 1.1,3230 ± 550,80000 ± 150000,79900 ± 3900,740 ± 520,7050 ± 390,0.016 ± 0.016,260 ± 310,0.1 ± 1.1,3230 ± 550,7 ± 13,0.042 ± 0.084,0.06 ± 0.12,-7.19E-9 ± 0,nan,nan
Baseline,,-,,,,,,,1195 ± 62,297 ± 30,381 ± 24,276 ± 13,698 ± 48,0 ± 0.0E+0,580 ± 660,4.2 ± 4.8,3430 ± 680,1.00E+0 ± 0,0 ± 0.0E+0,20 ± 62,0 ± 30,-2 ± 24,-4 ± 13,-3 ± 48,-0.0000089769 ± 0.0000000021,580 ± 660,4.2 ± 4.8,550 ± 680,-65000000 ± 74000000,20 ± 62,0 ± 30,-2 ± 24,-4 ± 13,-3 ± 48,-0.0000089769 ± 0.0000000021,580 ± 660,4.2 ± 4.8,550 ± 680,10000 ± 130000,75400 ± 7300,180 ± 540,6800 ± 590,300000 ± 5400000,327200 ± 6800,6000 ± 66000,71300 ± 6900,90 ± 270,6140 ± 550,200000 ± 2700000,313200 ± 6800,0.25 ± 0.67,2920 ± 540,10000 ± 140000,75700 ± 7300,190 ± 560,6850 ± 600,-0.001 ± 0.015,-60 ± 300,0.25 ± 0.67,2920 ± 540,-23 ± 45,0.12 ± 0.14,0.21 ± 0.23,-7.48E-9 ± 0,nan,nan
Baseline,,-,,,,,,,1162 ± 56,290 ± 31,404 ± 51,277 ± 13,656 ± 41,190 ± 390,0 ± 0.0E+0,0 ± 0.0E+0,2980 ± 410,1.00E+0 ± 0,0 ± 0.0E+0,-14 ± 56,-7 ± 31,18 ± 51,-5 ± 13,-50 ± 41,190 ± 390,-0.0001758548 ± 0.0000000082,-0.0239338 ± 0.0000011,80 ± 410,19.06 ± 0.47,-14 ± 56,-7 ± 31,18 ± 51,-5 ± 13,-50 ± 41,190 ± 390,-0.0001758548 ± 0.0000000082,-0.0239338 ± 0.0000011,80 ± 410,-100000 ± 290000,82900 ± 1600,230 ± 540,7380 ± 290,5500000 ± 4500000,324000 ± 15000,-50000 ± 140000,78400 ± 1600,110 ± 270,6680 ± 290,2800000 ± 2300000,310000 ± 14000,-0.07 ± 0.33,3120 ± 410,-110000 ± 300000,83200 ± 1600,240 ± 570,7420 ± 290,-0.014 ± 0.012,-320 ± 240,-0.07 ± 0.33,3120 ± 410,0.0000001 ± 0.0000011,-3.43E-8 ± 0,-6.41E-8 ± 0,0.16 ± 0.33,nan,nan
Baseline,,-,,,,,,,1138 ± 66,321 ± 29,397 ± 35,287 ± 15,712 ± 53,0 ± 0.0E+0,220 ± 450,1.6 ± 3.2,3080 ± 440,1.00E+0 ± 0,0 ± 0.0E+0,-40 ± 66,23 ± 29,8 ± 35,3 ± 15,1 ± 53,-0.0000092611 ± 0.0000000020,220 ± 450,1.6 ± 3.2,170 ± 440,-24000000 ± 48000000,-40 ± 66,23 ± 29,8 ± 35,3 ± 15,1 ± 53,-0.0000092611 ± 0.0000000020,220 ± 450,1.6 ± 3.2,170 ± 440,-50000 ± 200000,81600 ± 4600,-160 ± 630,7170 ± 560,-100000 ± 5700000,325100 ± 7500,-25000 ± 99000,77300 ± 4400,-80 ± 320,6510 ± 480,0 ± 2800000,311100 ± 7500,0.60 ± 0.42,3010 ± 670,-50000 ± 210000,81900 ± 4700,-160 ± 660,7200 ± 570,0.000 ± 0.014,-30 ± 280,0.59 ± 0.42,3170 ± 610,-15 ± 30,0.040 ± 0.081,0.08 ± 0.17,-8.12E-9 ± 0,nan,nan
Baseline,,-,,,,,,,1143 ± 76,333 ± 48,427 ± 52,296 ± 18,691 ± 59,0 ± 0.0E+0,0 ± 0.0E+0,0 ± 0.0E+0,2890 ± 110,1.00E+0 ± 0,0 ± 0.0E+0,-36 ± 76,34 ± 48,35 ± 52,9 ± 18,-26 ± 59,-0.0000094055 ± 0.0000000018,-0.0001769747 ± 0.0000000068,-0.02408218 ± 0.00000090,-40 ± 110,18.8161 ± 0.0028,-36 ± 76,34 ± 48,35 ± 52,9 ± 18,-26 ± 59,-0.0000094055 ± 0.0000000018,-0.0001769747 ± 0.0000000068,-0.02408218 ± 0.00000090,-40 ± 110,-200000 ± 300000,81600 ± 2100,-380 ± 760,7540 ± 300,2800000 ± 6300000,332400 ± 6800,-100000 ± 150000,77100 ± 2100,-190 ± 380,6830 ± 300,1400000 ± 3100000,318400 ± 6800,0.43 ± 0.49,2840 ± 800,-210000 ± 310000,81900 ± 2100,-390 ± 790,7570 ± 300,-0.006 ± 0.014,-160 ± 290,0.43 ± 0.49,2830 ± 800,0.0000008 ± 0.0000015,-2.99E-8 ± 0,-6.82E-8 ± 0,-8.47E-9 ± 0,nan,nan
Baseline,,-,,,,,,,1182 ± 61,291 ± 35,460 ± 31,306 ± 16,770 ± 49,0 ± 0.0E+0,210 ± 420,1.5 ± 3.0,3220 ± 440,1.00E+0 ± 0,0 ± 0.0E+0,1 ± 61,-8 ± 35,66 ± 31,18 ± 16,48 ± 49,-0.0000095371 ± 0.0000000020,210 ± 420,1.5 ± 3.0,280 ± 440,-22000000 ± 44000000,1 ± 61,-8 ± 35,66 ± 31,18 ± 16,48 ± 49,-0.0000095371 ± 0.0000000020,210 ± 420,1.5 ± 3.0,280 ± 440,-370000 ± 170000,78100 ± 8100,-710 ± 650,6450 ± 650,-5000000 ± 5100000,330200 ± 5400,-187000 ± 86000,73900 ± 7700,-350 ± 320,5770 ± 630,-2500000 ± 2500000,316200 ± 5400,0.30 ± 0.53,3070 ± 490,-390000 ± 180000,78400 ± 8100,-730 ± 670,6480 ± 650,0.011 ± 0.011,200 ± 220,0.30 ± 0.53,3060 ± 490,-3.9 ± 7.9,0.033 ± 0.066,0.08 ± 0.17,-8.81E-9 ± 0,nan,nan
Baseline,,-,,,,,,,1213 ± 66,293 ± 32,418 ± 41,301 ± 15,850 ± 180,0 ± 0.0E+0,230 ± 460,1.7 ± 3.3,3310 ± 500,1.00E+0 ± 0,0 ± 0.0E+0,31 ± 66,-7 ± 32,21 ± 41,11 ± 15,120 ± 180,-0.0000096795 ± 0.0000000020,230 ± 460,1.6 ± 3.3,360 ± 500,-24000000 ± 47000000,31 ± 66,-7 ± 32,21 ± 41,11 ± 15,120 ± 180,-0.0000096795 ± 0.0000000020,230 ± 460,1.6 ± 3.3,360 ± 500,-130000 ± 230000,82200 ± 5300,-440 ± 630,6770 ± 610,-13000000 ± 18000000,324700 ± 5500,-60000 ± 110000,77900 ± 5000,-220 ± 320,6090 ± 580,-6400000 ± 9100000,310700 ± 5500,0.26 ± 0.47,2850 ± 670,-130000 ± 240000,82500 ± 5300,-460 ± 650,6800 ± 610,0.027 ± 0.038,390 ± 510,0.26 ± 0.47,2850 ± 670,-2.6 ± 5.2,0.034 ± 0.068,0.09 ± 0.19,-9.19E-9 ± 0,nan,nan
Baseline,,-,,,,,,,1179 ± 66,296 ± 34,384 ± 23,299 ± 13,771 ± 53,0 ± 0.0E+0,450 ± 640,3.3 ± 4.6,3380 ± 660,1.00E+0 ± 0,0 ± 0.0E+0,-5 ± 66,-5 ± 34,-16 ± 23,6 ± 13,39 ± 53,-0.0000098247 ± 0.0000000020,450 ± 640,3.3 ± 4.6,420 ± 660,-46000000 ± 65000000,-5 ± 66,-5 ± 34,-16 ± 23,6 ± 13,39 ± 53,-0.0000098247 ± 0.0000000020,450 ± 640,3.3 ± 4.6,420 ± 660,90000 ± 120000,78400 ± 5800,-240 ± 520,6690 ± 590,-4000000 ± 5400000,329300 ± 5200,47000 ± 60000,74100 ± 5500,-120 ± 260,6020 ± 540,-2000000 ± 2700000,315300 ± 5200,-0.02 ± 0.83,2790 ± 600,100000 ± 120000,78600 ± 5800,-250 ± 530,6710 ± 590,0.008 ± 0.011,140 ± 210,-0.02 ± 0.82,2780 ± 600,-0.2 ± 3.1,0.063 ± 0.088,0.19 ± 0.27,-9.60E-9 ± 0,nan,nan