Label,Comment,Components,Shape,Height,Width,Rep Rate,Speed,Angle,Hg202,Pb204,Pb206,Pb207,Pb208,Th232,U238,U235,TotalBeam,BeamSeconds,Mask,Hg202_CPS,Pb204_CPS,Pb206_CPS,Pb207_CPS,Pb208_CPS,Th232_CPS,U238_CPS,U235_CPS,TotalBeam_CPS,Raw U/Th,Hg202_CPS,Pb204_CPS,Pb206_CPS,Pb207_CPS,Pb208_CPS,Th232_CPS,U238_CPS,U235_CPS,TotalBeam_CPS,Pb206/U238,Pb206/U238 age,Pb207/U235,Pb207/U235 age,Pb208/Th232,Pb208/Th232 age,DC Pb206/U238,DC Pb206/U238 age,DC Pb207/U235,DC Pb207/U235 age,DC Pb208/Th232,DC Pb208/Th232 age,DC Pb207/Pb206,DC Pb207/Pb206 age,Final Pb206/U238,Final Pb206/U238 age,Final Pb207/U235,Final Pb207/U235 age,Final Pb208/Th232,Final Pb208/Th232 age,Final Pb207/Pb206,Final Pb207/Pb206 age,Final U238/Pb206,Final U/Th,Approx_U_PPM,Approx_Th_PPM,rho 206Pb/238U v 207Pb/235U,rho 207Pb/206Pb v 238U/206Pb
OG1,,-,,,,,,,1284 ± 49,319 ± 24,460000 ± 17000,138400 ± 5100,76300 ± 2600,193000 ± 12000,815000 ± 40000,5910 ± 290,1690000 ± 69000,0 ± 0.0E+0,1.00E+0 ± 0,165 ± 49,45 ± 24,459000 ± 17000,138200 ± 5100,75800 ± 2600,193000 ± 12000,815000 ± 40000,5910 ± 290,1688000 ± 69000,4.49 ± 0.28,165 ± 49,45 ± 24,459000 ± 17000,138200 ± 5100,75800 ± 2600,193000 ± 12000,815000 ± 40000,5910 ± 290,1688000 ± 69000,0.574 ± 0.014,2915 ± 55,23.80 ± 0.56,3258 ± 24,0.418 ± 0.022,6980 ± 300,0.2869 ± 0.0068,1623 ± 34,11.90 ± 0.28,2594 ± 23,0.209 ± 0.011,3810 ± 180,0.3008 ± 0.0010,3473.8 ± 5.4,0.707 ± 0.017,3438 ± 63,29.14 ± 0.69,3456 ± 24,0.0568 ± 0.0030,1115 ± 56,0.2989 ± 0.0010,3464.4 ± 5.4,1.429 ± 0.035,3.13 ± 0.19,100.0 ± 4.9,17.5 ± 1.0,0.991439,0.14043
OG1,,-,,,,,,,1314 ± 46,357 ± 29,398000 ± 14000,119600 ± 4400,94500 ± 5200,269000 ± 19000,671000 ± 29000,4870 ± 210,1556000 ± 63000,0 ± 0.0E+0,1.00E+0 ± 0,168 ± 46,72 ± 29,397000 ± 14000,119400 ± 4400,93900 ± 5200,269000 ± 19000,671000 ± 29000,4870 ± 210,1553000 ± 63000,2.80 ± 0.21,168 ± 46,72 ± 29,397000 ± 14000,119400 ± 4400,93900 ± 5200,269000 ± 19000,671000 ± 29000,4870 ± 210,1553000 ± 63000,0.600 ± 0.017,3018 ± 70,24.86 ± 0.73,3289 ± 29,0.375 ± 0.018,6410 ± 270,0.3001 ± 0.0087,1687 ± 43,12.43 ± 0.37,2625 ± 28,0.1874 ± 0.0092,3450 ± 150,0.3004 ± 0.0010,3472.2 ± 5.1,0.692 ± 0.020,3374 ± 76,28.46 ± 0.84,3422 ± 29,0.0544 ± 0.0027,1069 ± 51,0.2986 ± 0.0010,3462.5 ± 5.1,1.473 ± 0.044,2.44 ± 0.18,88.2 ± 3.8,32.8 ± 2.3,0.994425,-0.078752
OG1,,-,,,,,,,1300 ± 52,328 ± 25,351900 ± 6400,106100 ± 2000,75400 ± 1500,212000 ± 11000,567000 ± 19000,4110 ± 140,1320000 ± 29000,0 ± 0.0E+0,1.00E+0 ± 0,142 ± 52,38 ± 25,351600 ± 6400,105900 ± 2000,74800 ± 1500,212000 ± 11000,567000 ± 19000,4110 ± 140,1317000 ± 29000,2.82 ± 0.17,142 ± 52,38 ± 25,351600 ± 6400,105900 ± 2000,74800 ± 1500,212000 ± 11000,567000 ± 19000,4110 ± 140,1317000 ± 29000,0.628 ± 0.017,3131 ± 67,26.07 ± 0.73,3343 ± 28,0.368 ± 0.019,6280 ± 270,0.3139 ± 0.0086,1756 ± 42,13.03 ± 0.36,2672 ± 26,0.1841 ± 0.0094,3400 ± 160,0.3012 ± 0.0012,3475.2 ± 5.9,0.698 ± 0.019,3403 ± 72,28.80 ± 0.81,3440 ± 28,0.0542 ± 0.0028,1064 ± 53,0.2992 ± 0.0011,3464.9 ± 6.0,1.451 ± 0.039,2.36 ± 0.14,75.9 ± 2.5,30.5 ± 1.5,0.993373,-0.122087
OG1,,-,,,,,,,1327 ± 52,325 ± 25,372000 ± 24000,113100 ± 7600,55600 ± 3200,150000 ± 11000,569000 ± 47000,4120 ± 340,1267000 ± 87000,0 ± 0.0E+0,1.00E+0 ± 0,157 ± 52,31 ± 25,372000 ± 24000,112900 ± 7600,54900 ± 3200,150000 ± 11000,569000 ± 47000,4120 ± 340,1264000 ± 87000,4.09 ± 0.34,157 ± 52,31 ± 25,372000 ± 24000,112900 ± 7600,54900 ± 3200,150000 ± 11000,569000 ± 47000,4120 ± 340,1264000 ± 87000,0.684 ± 0.024,3340 ± 91,28.32 ± 1.00,3418 ± 35,0.399 ± 0.029,6670 ± 400,0.342 ± 0.012,1889 ± 58,14.16 ± 0.50,2749 ± 34,0.200 ± 0.015,3640 ± 240,0.3005 ± 0.0012,3471.5 ± 6.3,0.734 ± 0.026,3528 ± 95,30.2 ± 1.1,3481 ± 36,0.0589 ± 0.0043,1152 ± 81,0.2983 ± 0.0012,3460.5 ± 6.3,1.407 ± 0.051,3.00 ± 0.25,71.8 ± 5.9,25.3 ± 1.8,0.993175,0.0526623
OG1,,-,,,,,,,1380 ± 51,364 ± 28,610000 ± 34000,184000 ± 10000,71500 ± 3500,195000 ± 12000,956000 ± 70000,6930 ± 500,2030000 ± 120000,0 ± 0.0E+0,1.00E+0 ± 0,198 ± 51,64 ± 28,610000 ± 34000,184000 ± 10000,70800 ± 3500,195000 ± 12000,956000 ± 70000,6930 ± 500,2020000 ± 120000,5.01 ± 0.30,198 ± 51,64 ± 28,610000 ± 34000,184000 ± 10000,70800 ± 3500,195000 ± 12000,956000 ± 70000,6930 ± 500,2020000 ± 120000,0.670 ± 0.021,3289 ± 80,27.80 ± 0.87,3398 ± 30,0.379 ± 0.019,6470 ± 280,0.335 ± 0.011,1856 ± 50,13.90 ± 0.43,2730 ± 29,0.1893 ± 0.0093,3510 ± 160,0.30134 ± 0.00090,3476.2 ± 4.6,0.695 ± 0.022,3385 ± 82,28.66 ± 0.89,3428 ± 30,0.0558 ± 0.0027,1095 ± 52,0.29901 ± 0.00089,3464.1 ± 4.6,1.483 ± 0.045,3.13 ± 0.19,108.2 ± 7.8,36.5 ± 2.3,0.995232,0.136058
FC1,,-,,,,,,,1274 ± 47,312 ± 23,44610 ± 790,3500 ± 69,5270 ± 140,46100 ± 4600,306000 ± 15000,2220 ± 110,410000 ± 16000,0 ± 0.0E+0,1.00E+0 ± 0,165 ± 47,42 ± 23,44350 ± 790,3311 ± 69,4800 ± 140,46100 ± 4600,306000 ± 15000,2220 ± 110,408000 ± 16000,8.7 ± 1.1,165 ± 47,42 ± 23,44350 ± 790,3311 ± 69,4800 ± 140,46100 ± 4600,306000 ± 15000,2220 ± 110,408000 ± 16000,0.1533 ± 0.0073,915 ± 40,1.579 ± 0.074,953 ± 29,0.137 ± 0.016,2530 ± 280,0.0766 ± 0.0036,475 ± 22,0.789 ± 0.037,587 ± 21,0.0684 ± 0.0081,1320 ± 150,0.07500 ± 0.00088,1065 ± 25,0.1939 ± 0.0092,1136 ± 49,1.983 ± 0.093,1099 ± 31,0.0181 ± 0.0021,361 ± 43,0.07455 ± 0.00088,1053 ± 25,5.46 ± 0.23,5.49 ± 0.67,36.5 ± 1.8,3.79 ± 0.38,0.95837,0.0869989
9453,,-,,,,,,,1332 ± 52,355 ± 27,7300 ± 170,529 ± 17,1150 ± 48,117700 ± 8600,1071000 ± 36000,7770 ± 260,1202000 ± 41000,0 ± 0.0E+0,1.00E+0 ± 0,219 ± 52,84 ± 27,7040 ± 170,336 ± 17,668 ± 48,117700 ± 8600,1071000 ± 36000,7770 ± 260,1200000 ± 41000,10.18 ± 0.71,219 ± 52,84 ± 27,7040 ± 170,336 ± 17,668 ± 48,117700 ± 8600,1071000 ± 36000,7770 ± 260,1200000 ± 41000,0.00669 ± 0.00017,43.0 ± 1.1,0.0443 ± 0.0021,43.9 ± 2.0,0.00655 ± 0.00066,132 ± 13,0.003343 ± 0.000084,21.51 ± 0.54,0.0221 ± 0.0010,22.2 ± 1.0,0.00328 ± 0.00033,66.1 ± 6.6,0.0484 ± 0.0023,510 ± 81,0.00839 ± 0.00021,53.9 ± 1.4,0.0552 ± 0.0026,54.4 ± 2.5,0.000873 ± 0.000088,17.6 ± 1.8,0.0481 ± 0.0023,503 ± 81,121.1 ± 3.1,6.59 ± 0.46,128.9 ± 4.4,9.92 ± 0.73,0.207136,0.326953
Ples,,-,,,,,,,1307 ± 54,302 ± 25,109000 ± 2600,6040 ± 150,3290 ± 110,71600 ± 5800,2574000 ± 88000,18670 ± 640,2784000 ± 93000,0 ± 0.0E+0,1.00E+0 ± 0,194 ± 54,31 ± 25,108700 ± 2600,5850 ± 150,2810 ± 110,71600 ± 5800,2574000 ± 88000,18670 ± 640,2782000 ± 93000,46.4 ± 5.8,194 ± 54,31 ± 25,108700 ± 2600,5850 ± 150,2810 ± 110,71600 ± 5800,2574000 ± 88000,18670 ± 640,2782000 ± 93000,0.04270 ± 0.00068,269.5 ± 4.2,0.3166 ± 0.0057,279.0 ± 4.4,0.0519 ± 0.0073,913 ± 95,0.02135 ± 0.00034,136.2 ± 2.2,0.1583 ± 0.0029,149.1 ± 2.5,0.0259 ± 0.0036,463 ± 49,0.05385 ± 0.00047,360 ± 20,0.05341 ± 0.00086,335.4 ± 5.2,0.3923 ± 0.0068,336.4 ± 5.2,0.00694 ± 0.00097,125 ± 14,0.05353 ± 0.00047,346 ± 20,18.87 ± 0.30,30.5 ± 3.8,311 ± 11,6.12 ± 0.50,0.87886,0.0420328
Oracle,,-,,,,,,,1307 ± 57,339 ± 28,423000 ± 19000,38400 ± 1700,57500 ± 3000,346000 ± 26000,2150000 ± 120000,15580 ± 870,3030000 ± 170000,0 ± 0.0E+0,1.00E+0 ± 0,192 ± 57,67 ± 28,423000 ± 19000,38200 ± 1700,57000 ± 3000,346000 ± 26000,2150000 ± 120000,15580 ± 870,3030000 ± 170000,6.52 ± 0.31,192 ± 57,67 ± 28,423000 ± 19000,38200 ± 1700,57000 ± 3000,346000 ± 26000,2150000 ± 120000,15580 ± 870,3030000 ± 170000,0.2003 ± 0.0041,1180 ± 23,2.493 ± 0.052,1267 ± 15,0.1734 ± 0.0071,3220 ± 120,0.1001 ± 0.0021,617 ± 13,1.247 ± 0.026,820 ± 11,0.0867 ± 0.0035,1678 ± 66,0.09032 ± 0.00049,1430 ± 10,0.2495 ± 0.0052,1439 ± 28,3.086 ± 0.064,1429 ± 16,0.02331 ± 0.00095,465 ± 19,0.08977 ± 0.00049,1419 ± 10,4.026 ± 0.085,4.35 ± 0.20,260 ± 15,30.0 ± 2.3,0.972172,0.113107
Temora2,,-,,,,,,,1282 ± 49,335 ± 23,133300 ± 6900,7610 ± 390,13390 ± 380,310000 ± 15000,2540000 ± 160000,18400 ± 1200,3020000 ± 180000,0 ± 0.0E+0,1.00E+0 ± 0,166 ± 49,63 ± 23,133100 ± 6900,7410 ± 390,12890 ± 380,310000 ± 15000,2540000 ± 160000,18400 ± 1200,3020000 ± 180000,8.17 ± 0.47,166 ± 49,63 ± 23,133100 ± 6900,7410 ± 390,12890 ± 380,310000 ± 15000,2540000 ± 160000,18400 ± 1200,3020000 ± 180000,0.0540 ± 0.0011,338.8 ± 6.5,0.4140 ± 0.0086,351.2 ± 6.1,0.0424 ± 0.0018,838 ± 35,0.02699 ± 0.00053,171.6 ± 3.3,0.2070 ± 0.0043,190.8 ± 3.6,0.02120 ± 0.00090,424 ± 18,0.05574 ± 0.00050,437 ± 20,0.0670 ± 0.0013,418.1 ± 8.0,0.511 ± 0.011,418.1 ± 7.1,0.00572 ± 0.00024,115.2 ± 4.9,0.05540 ± 0.00050,423 ± 20,15.07 ± 0.29,5.52 ± 0.32,309 ± 19,27.2 ± 1.3,0.923231,-0.013553
TANBR,,-,,,,,,,1293 ± 45,353 ± 26,811000 ± 24000,134300 ± 3900,241400 ± 7200,892000 ± 36000,2158000 ± 80000,15650 ± 580,4270000 ± 140000,0 ± 0.0E+0,1.00E+0 ± 0,174 ± 45,80 ± 26,811000 ± 24000,134100 ± 3900,240900 ± 7200,892000 ± 36000,2158000 ± 80000,15650 ± 580,4270000 ± 140000,2.438 ± 0.065,174 ± 45,80 ± 26,811000 ± 24000,134100 ± 3900,240900 ± 7200,892000 ± 36000,2158000 ± 80000,15650 ± 580,4270000 ± 140000,0.3792 ± 0.0065,2070 ± 30,8.65 ± 0.15,2298 ± 15,0.2720 ± 0.0061,4856 ± 96,0.1896 ± 0.0033,1118 ± 18,4.327 ± 0.074,1695 ± 14,0.1360 ± 0.0030,2575 ± 54,0.16557 ± 0.00056,2512.2 ± 5.6,0.4692 ± 0.0081,2477 ± 35,10.64 ± 0.18,2488 ± 16,0.03685 ± 0.00082,731 ± 16,0.16456 ± 0.00055,2502.0 ± 5.6,2.148 ± 0.035,1.672 ± 0.045,263.5 ± 9.7,79.5 ± 3.3,0.980827,0.154497
FC1,,-,,,,,,,1302 ± 50,300 ± 22,43420 ± 800,3446 ± 74,5080 ± 120,46200 ± 4600,292000 ± 15000,2120 ± 110,394000 ± 18000,0 ± 0.0E+0,1.00E+0 ± 0,181 ± 50,26 ± 22,43140 ± 800,3241 ± 74,4560 ± 120,46200 ± 4600,292000 ± 15000,2120 ± 110,391000 ± 18000,-290000000 ± 570000000,181 ± 50,26 ± 22,43140 ± 800,3241 ± 74,4560 ± 120,46200 ± 4600,292000 ± 15000,2120 ± 110,391000 ± 18000,0.1558 ± 0.0070,930 ± 38,1.627 ± 0.076,967 ± 28,-4100000 ± 8000000,2290 ± 220,0.0779 ± 0.0035,482 ± 21,0.813 ± 0.038,597 ± 21,-2000000 ± 4000000,1190 ± 120,0.07561 ± 0.00097,1077 ± 26,0.1913 ± 0.0085,1123 ± 46,1.985 ± 0.093,1095 ± 31,-600000 ± 1100000,333 ± 35,0.07515 ± 0.00096,1065 ± 26,5.46 ± 0.23,-210000000 ± 400000000,36.0 ± 1.9,4.24 ± 0.43,0.970607,-0.0916678
91500,,-,,,,,,,1291 ± 54,336 ± 29,57100 ± 1200,4481 ± 98,6700 ± 160,55700 ± 5700,394000 ± 18000,2860 ± 130,519000 ± 20000,0 ± 0.0E+0,1.00E+0 ± 0,169 ± 54,61 ± 29,56800 ± 1200,4274 ± 98,6190 ± 160,55700 ± 5700,394000 ± 18000,2860 ± 130,517000 ± 20000,9.2 ± 1.1,169 ± 54,61 ± 29,56800 ± 1200,4274 ± 98,6190 ± 160,55700 ± 5700,394000 ± 18000,2860 ± 130,517000 ± 20000,0.1494 ± 0.0056,896 ± 31,1.531 ± 0.053,949 ± 24,0.147 ± 0.018,2610 ± 270,0.0747 ± 0.0028,464 ± 17,0.766 ± 0.026,581 ± 17,0.0734 ± 0.0090,1360 ± 150,0.07559 ± 0.00085,1082 ± 22,0.1829 ± 0.0068,1079 ± 37,1.861 ± 0.064,1073 ± 26,0.0201 ± 0.0025,385 ± 44,0.07514 ± 0.00085,1069 ± 22,5.64 ± 0.20,6.61 ± 0.78,48.7 ± 2.3,5.19 ± 0.53,0.958933,0.0505319
9453,,-,,,,,,,1306 ± 51,310 ± 24,4310 ± 200,387 ± 17,888 ± 44,73800 ± 6400,597000 ± 39000,4330 ± 280,683000 ± 42000,0 ± 0.0E+0,1.00E+0 ± 0,182 ± 51,34 ± 24,4030 ± 200,178 ± 17,365 ± 44,73800 ± 6400,597000 ± 39000,4330 ± 280,681000 ± 42000,9.9 ± 1.3,182 ± 51,34 ± 24,4030 ± 200,178 ± 17,365 ± 44,73800 ± 6400,597000 ± 39000,4330 ± 280,681000 ± 42000,0.00707 ± 0.00031,45.4 ± 2.0,0.0421 ± 0.0037,41.7 ± 3.6,0.0064 ± 0.0013,121 ± 21,0.00354 ± 0.00015,22.76 ± 0.99,0.0210 ± 0.0019,21.1 ± 1.8,0.00321 ± 0.00065,61 ± 11,0.0439 ± 0.0037,570 ± 110,0.00862 ± 0.00038,55.3 ± 2.4,0.0509 ± 0.0045,50.2 ± 4.3,0.00088 ± 0.00018,16.8 ± 2.9,0.0436 ± 0.0036,570 ± 110,121.0 ± 5.0,7.27 ± 0.98,74.0 ± 4.8,6.99 ± 0.61,0.493729,-0.0231264
Ples,,-,,,,,,,1317 ± 49,324 ± 25,144900 ± 1900,8000 ± 110,5030 ± 110,124500 ± 8100,3379000 ± 76000,24500 ± 550,3689000 ± 80000,0 ± 0.0E+0,1.00E+0 ± 0,192 ± 49,47 ± 25,144600 ± 1900,7780 ± 110,4500 ± 110,124500 ± 8100,3379000 ± 76000,24500 ± 550,3686000 ± 80000,29.2 ± 1.9,192 ± 49,47 ± 25,144600 ± 1900,7780 ± 110,4500 ± 110,124500 ± 8100,3379000 ± 76000,24500 ± 550,3686000 ± 80000,0.04340 ± 0.00068,273.8 ± 4.2,0.3222 ± 0.0054,283.3 ± 4.1,0.0396 ± 0.0027,782 ± 51,0.02170 ± 0.00034,138.4 ± 2.2,0.1611 ± 0.0027,151.6 ± 2.4,0.0198 ± 0.0013,396 ± 26,0.05381 ± 0.00039,364 ± 17,0.05273 ± 0.00083,331.2 ± 5.1,0.3889 ± 0.0066,333.2 ± 4.8,0.00548 ± 0.00037,110.3 ± 7.4,0.05349 ± 0.00039,350 ± 17,19.12 ± 0.30,21.7 ± 1.4,420.7 ± 9.5,11.95 ± 0.77,0.891279,0.114749
Oracle,,-,,,,,,,1273 ± 53,327 ± 28,280300 ± 7200,25810 ± 720,19750 ± 770,124800 ± 9400,1413000 ± 57000,10240 ± 420,1878000 ± 71000,0 ± 0.0E+0,1.00E+0 ± 0,146 ± 53,50 ± 28,280000 ± 7200,25600 ± 720,19220 ± 770,124800 ± 9400,1413000 ± 57000,10240 ± 420,1875000 ± 71000,13.2 ± 1.1,146 ± 53,50 ± 28,280000 ± 7200,25600 ± 720,19220 ± 770,124800 ± 9400,1413000 ± 57000,10240 ± 420,1875000 ± 71000,0.2030 ± 0.0041,1190 ± 22,2.545 ± 0.052,1281 ± 15,0.176 ± 0.013,3240 ± 220,0.1015 ± 0.0020,623 ± 12,1.272 ± 0.026,831 ± 11,0.0881 ± 0.0066,1700 ± 120,0.09096 ± 0.00050,1444 ± 10,0.2457 ± 0.0050,1415 ± 25,3.060 ± 0.063,1419 ± 15,0.0245 ± 0.0018,488 ± 36,0.09041 ± 0.00050,1432 ± 11,4.104 ± 0.084,9.93 ± 0.82,176.6 ± 7.2,12.18 ± 0.92,0.967878,0.0368138
Temora2,,-,,,,,,,1288 ± 53,307 ± 24,64800 ± 1700,3777 ± 100,11590 ± 250,253000 ± 13000,1223000 ± 51000,8870 ± 370,1566000 ± 52000,0 ± 0.0E+0,1.00E+0 ± 0,160 ± 53,30 ± 24,64500 ± 1700,3561 ± 100,11050 ± 250,253000 ± 13000,1223000 ± 51000,8870 ± 370,1564000 ± 52000,5.22 ± 0.38,160 ± 53,30 ± 24,64500 ± 1700,3561 ± 100,11050 ± 250,253000 ± 13000,1223000 ± 51000,8870 ± 370,1564000 ± 52000,0.0542 ± 0.0013,339.8 ± 8.1,0.412 ± 0.010,349.3 ± 7.5,0.0465 ± 0.0023,916 ± 44,0.02708 ± 0.00066,172.2 ± 4.1,0.2059 ± 0.0052,189.8 ± 4.4,0.0232 ± 0.0011,464 ± 23,0.05523 ± 0.00065,414 ± 27,0.0653 ± 0.0016,407.6 ± 9.6,0.493 ± 0.013,406.1 ± 8.5,0.00648 ± 0.00032,130.5 ± 6.4,0.05489 ± 0.00064,403 ± 26,15.59 ± 0.37,3.99 ± 0.29,153.4 ± 6.4,25.0 ± 1.3,0.886034,0.155264
Temora2,,-,,,,,,,1324 ± 56,319 ± 22,72400 ± 4000,4250 ± 230,11110 ± 520,223000 ± 13000,1324000 ± 88000,9600 ± 640,1650000 ± 100000,0 ± 0.0E+0,1.00E+0 ± 0,181 ± 56,35 ± 22,72100 ± 4000,4020 ± 230,10520 ± 520,223000 ± 13000,1324000 ± 88000,9600 ± 640,1650000 ± 100000,6.12 ± 0.41,181 ± 56,35 ± 22,72100 ± 4000,4020 ± 230,10520 ± 520,223000 ± 13000,1324000 ± 88000,9600 ± 640,1650000 ± 100000,0.0557 ± 0.0012,349.4 ± 7.4,0.427 ± 0.010,361.0 ± 7.5,0.0491 ± 0.0027,967 ± 51,0.02786 ± 0.00061,177.1 ± 3.8,0.2133 ± 0.0051,196.7 ± 4.4,0.0246 ± 0.0013,490 ± 26,0.05550 ± 0.00062,429 ± 24,0.0647 ± 0.0014,404.2 ± 8.5,0.492 ± 0.012,406.7 ± 8.3,0.00709 ± 0.00039,142.8 ± 7.7,0.05516 ± 0.00062,415 ± 24,15.59 ± 0.36,5.27 ± 0.35,173 ± 11,26.2 ± 1.5,0.889503,0.0206917
TANBR,,-,,,,,,,1301 ± 45,337 ± 25,351000 ± 18000,58100 ± 3000,76700 ± 4200,280000 ± 18000,920000 ± 60000,6670 ± 430,1694000 ± 98000,0 ± 0.0E+0,1.00E+0 ± 0,156 ± 45,53 ± 25,350000 ± 18000,57900 ± 3000,76100 ± 4200,280000 ± 18000,920000 ± 60000,6670 ± 430,1691000 ± 98000,3.54 ± 0.23,156 ± 45,53 ± 25,350000 ± 18000,57900 ± 3000,76100 ± 4200,280000 ± 18000,920000 ± 60000,6670 ± 430,1691000 ± 98000,0.3943 ± 0.0094,2137 ± 43,9.00 ± 0.22,2331 ± 23,0.291 ± 0.016,4990 ± 200,0.1972 ± 0.0047,1158 ± 25,4.50 ± 0.11,1726 ± 21,0.1455 ± 0.0082,2660 ± 120,0.16539 ± 0.00062,2510.3 ± 6.3,0.456 ± 0.011,2416 ± 48,10.35 ± 0.26,2459 ± 23,0.0421 ± 0.0024,809 ± 37,0.16437 ± 0.00062,2499.8 ± 6.3,2.215 ± 0.056,3.06 ± 0.20,120.5 ± 7.8,33.6 ± 2.2,0.980777,0.0532038
9453,,-,,,,,,,1319 ± 60,314 ± 21,3063 ± 68,361 ± 12,1147 ± 55,116300 ± 7600,379000 ± 16000,2750 ± 120,506000 ± 17000,0 ± 0.0E+0,1.00E+0 ± 0,172 ± 60,29 ± 21,2731 ± 68,119 ± 12,541 ± 55,116300 ± 7600,379000 ± 16000,2750 ± 120,503000 ± 17000,3.70 ± 0.34,172 ± 60,29 ± 21,2731 ± 68,119 ± 12,541 ± 55,116300 ± 7600,379000 ± 16000,2750 ± 120,503000 ± 17000,0.00742 ± 0.00031,47.6 ± 2.0,0.0444 ± 0.0049,43.8 ± 4.7,0.00521 ± 0.00066,105 ± 13,0.00371 ± 0.00015,23.86 ± 0.99,0.0222 ± 0.0024,22.2 ± 2.4,0.00261 ± 0.00033,52.6 ± 6.7,0.0435 ± 0.0046,670 ± 140,0.00851 ± 0.00035,54.6 ± 2.3,0.0505 ± 0.0055,49.7 ± 5.3,0.000759 ± 0.000096,15.3 ± 1.9,0.0432 ± 0.0045,660 ± 140,121.8 ± 5.2,3.22 ± 0.29,50.1 ± 2.1,14.48 ± 0.95,0.460701,0.041545
91500,,-,,,,,,,1324 ± 53,362 ± 26,61700 ± 1600,4810 ± 140,7200 ± 220,60900 ± 5800,395000 ± 18000,2870 ± 130,538000 ± 22000,0 ± 0.0E+0,1.00E+0 ± 0,175 ± 53,76 ± 26,61400 ± 1600,4570 ± 140,6590 ± 220,60900 ± 5800,395000 ± 18000,2870 ± 130,536000 ± 22000,8.3 ± 1.0,175 ± 53,76 ± 26,61400 ± 1600,4570 ± 140,6590 ± 220,60900 ± 5800,395000 ± 18000,2870 ± 130,536000 ± 22000,0.1586 ± 0.0054,947 ± 30,1.632 ± 0.057,976 ± 22,0.139 ± 0.018,2410 ± 240,0.0793 ± 0.0027,491 ± 16,0.816 ± 0.029,602 ± 16,0.0695 ± 0.0088,1250 ± 130,0.07465 ± 0.00084,1057 ± 22,0.1811 ± 0.0061,1071 ± 33,1.852 ± 0.065,1057 ± 23,0.0203 ± 0.0026,376 ± 40,0.07418 ± 0.00084,1044 ± 22,5.65 ± 0.18,7.19 ± 0.90,52.4 ± 2.3,7.75 ± 0.74,0.953845,0.052086
9453,,-,,,,,,,1377 ± 60,338 ± 28,3740 ± 140,403 ± 15,1081 ± 57,92500 ± 7000,470000 ± 28000,3410 ± 210,573000 ± 32000,0 ± 0.0E+0,1.00E+0 ± 0,227 ± 60,51 ± 28,3410 ± 140,156 ± 15,465 ± 57,92500 ± 7000,470000 ± 28000,3410 ± 210,571000 ± 32000,5.58 ± 0.46,227 ± 60,51 ± 28,3410 ± 140,156 ± 15,465 ± 57,92500 ± 7000,470000 ± 28000,3410 ± 210,571000 ± 32000,0.00758 ± 0.00034,48.7 ± 2.2,0.0472 ± 0.0048,46.5 ± 4.6,0.00507 ± 0.00071,102 ± 14,0.00379 ± 0.00017,24.4 ± 1.1,0.0236 ± 0.0024,23.6 ± 2.4,0.00253 ± 0.00035,51.1 ± 7.1,0.0452 ± 0.0041,770 ± 130,0.00862 ± 0.00038,55.3 ± 2.5,0.0533 ± 0.0054,52.4 ± 5.1,0.00074 ± 0.00010,15.0 ± 2.1,0.0449 ± 0.0041,760 ± 130,121.6 ± 5.4,4.85 ± 0.40,62.6 ± 3.8,12.00 ± 0.90,0.350268,-0.00688447
Ples,,-,,,,,,,1339 ± 55,352 ± 28,154900 ± 5300,8550 ± 290,5640 ± 230,152000 ± 10000,3470000 ± 160000,25200 ± 1100,3820000 ± 170000,0 ± 0.0E+0,1.00E+0 ± 0,187 ± 55,64 ± 28,154600 ± 5300,8310 ± 290,5020 ± 230,152000 ± 10000,3470000 ± 160000,25200 ± 1100,3820000 ± 170000,25.1 ± 1.8,187 ± 55,64 ± 28,154600 ± 5300,8310 ± 290,5020 ± 230,152000 ± 10000,3470000 ± 160000,25200 ± 1100,3820000 ± 170000,0.04527 ± 0.00082,285.3 ± 5.1,0.3363 ± 0.0067,294.0 ± 5.1,0.0366 ± 0.0027,725 ± 53,0.02263 ± 0.00041,144.3 ± 2.6,0.1682 ± 0.0033,157.7 ± 2.9,0.0183 ± 0.0014,366 ± 27,0.05377 ± 0.00049,357 ± 20,0.05126 ± 0.00093,322.2 ± 5.7,0.3783 ± 0.0075,325.4 ± 5.5,0.00536 ± 0.00040,108.0 ± 8.1,0.05343 ± 0.00048,342 ± 20,19.65 ± 0.35,21.7 ± 1.6,463 ± 21,20.1 ± 1.4,0.895583,0.0830896
Oracle,,-,,,,,,,1372 ± 58,341 ± 25,167800 ± 7000,15360 ± 640,24940 ± 770,164000 ± 11000,800000 ± 45000,5810 ± 320,1182000 ± 55000,0 ± 0.0E+0,1.00E+0 ± 0,218 ± 58,53 ± 25,167500 ± 7000,15110 ± 640,24310 ± 770,164000 ± 11000,800000 ± 45000,5810 ± 320,1179000 ± 55000,5.36 ± 0.41,218 ± 58,53 ± 25,167500 ± 7000,15110 ± 640,24310 ± 770,164000 ± 11000,800000 ± 45000,5810 ± 320,1179000 ± 55000,0.2154 ± 0.0057,1255 ± 30,2.678 ± 0.072,1317 ± 20,0.1582 ± 0.0091,2980 ± 160,0.1077 ± 0.0029,659 ± 17,1.339 ± 0.036,859 ± 15,0.0791 ± 0.0045,1533 ± 84,0.09022 ± 0.00055,1428 ± 12,0.2428 ± 0.0064,1399 ± 33,2.999 ± 0.080,1401 ± 20,0.0232 ± 0.0013,463 ± 26,0.08964 ± 0.00055,1416 ± 12,4.21 ± 0.11,4.62 ± 0.36,107.1 ± 6.0,22.2 ± 1.4,0.97324,0.0927179
Temora2,,-,,,,,,,1292 ± 51,315 ± 27,41300 ± 1600,2510 ± 93,8130 ± 320,194000 ± 11000,750000 ± 41000,5440 ± 300,1002000 ± 49000,0 ± 0.0E+0,1.00E+0 ± 0,137 ± 51,26 ± 27,40900 ± 1600,2257 ± 93,7500 ± 320,194000 ± 11000,750000 ± 41000,5440 ± 300,1000000 ± 49000,4.00 ± 0.22,137 ± 51,26 ± 27,40900 ± 1600,2257 ± 93,7500 ± 320,194000 ± 11000,750000 ± 41000,5440 ± 300,1000000 ± 49000,0.0564 ± 0.0017,353 ± 10,0.427 ± 0.013,360.9 ± 9.8,0.0405 ± 0.0020,806 ± 40,0.02818 ± 0.00084,179.1 ± 5.2,0.2134 ± 0.0067,195.9 ± 5.5,0.02023 ± 0.00099,408 ± 20,0.05521 ± 0.00087,428 ± 33,0.0633 ± 0.0019,395 ± 11,0.476 ± 0.015,395 ± 11,0.00598 ± 0.00030,120.6 ± 6.1,0.05485 ± 0.00087,417 ± 32,16.02 ± 0.44,3.42 ± 0.18,100.4 ± 5.5,26.7 ± 1.5,0.889533,0.0906375
TANBR,,-,,,,,,,1322 ± 54,359 ± 28,487000 ± 19000,65100 ± 2900,87700 ± 3800,735000 ± 23000,2970000 ± 97000,21540 ± 700,4370000 ± 130000,0 ± 0.0E+0,1.00E+0 ± 0,166 ± 54,70 ± 28,486000 ± 19000,64800 ± 2900,87000 ± 3800,735000 ± 23000,2970000 ± 97000,21540 ± 700,4360000 ± 130000,4.09 ± 0.14,166 ± 54,70 ± 28,486000 ± 19000,64800 ± 2900,87000 ± 3800,735000 ± 23000,2970000 ± 97000,21540 ± 700,4360000 ± 130000,0.1632 ± 0.0031,974 ± 17,2.984 ± 0.076,1401 ± 19,0.1189 ± 0.0050,2265 ± 89,0.0816 ± 0.0016,505.5 ± 9.3,1.492 ± 0.038,926 ± 15,0.0595 ± 0.0025,1166 ± 47,0.1322 ± 0.0012,2126 ± 16,0.1824 ± 0.0035,1079 ± 19,3.313 ± 0.084,1481 ± 20,0.01748 ± 0.00073,350 ± 14,0.1313 ± 0.0011,2115 ± 16,5.53 ± 0.10,3.47 ± 0.12,398 ± 13,103.6 ± 3.3,0.949561,-0.490382
Ples,,-,,,,,,,1331 ± 46,321 ± 24,136100 ± 3900,7480 ± 210,4530 ± 160,125200 ± 8000,3030000 ± 110000,21980 ± 800,3330000 ± 120000,0 ± 0.0E+0,1.00E+0 ± 0,171 ± 46,31 ± 24,135800 ± 3900,7220 ± 210,3880 ± 160,125200 ± 8000,3030000 ± 110000,21980 ± 800,3320000 ± 120000,27.4 ± 2.3,171 ± 46,31 ± 24,135800 ± 3900,7220 ± 210,3880 ± 160,125200 ± 8000,3030000 ± 110000,21980 ± 800,3320000 ± 120000,0.04487 ± 0.00071,282.9 ± 4.4,0.3284 ± 0.0057,288.0 ± 4.4,0.0354 ± 0.0030,662 ± 44,0.02244 ± 0.00036,143.0 ± 2.2,0.1642 ± 0.0029,154.3 ± 2.5,0.0177 ± 0.0015,334 ± 22,0.05327 ± 0.00045,335 ± 19,0.04969 ± 0.00079,312.6 ± 4.8,0.3612 ± 0.0063,312.8 ± 4.7,0.00521 ± 0.00044,99.0 ± 6.7,0.05291 ± 0.00045,320 ± 19,20.30 ± 0.32,22.7 ± 1.9,404 ± 15,18.4 ± 1.2,0.855686,0.0394523
91500,,-,,,,,,,1330 ± 52,316 ± 24,45400 ± 1300,3650 ± 100,5280 ± 160,50100 ± 5300,282000 ± 16000,2050 ± 110,390000 ± 19000,0 ± 0.0E+0,1.00E+0 ± 0,170 ± 52,25 ± 24,45000 ± 1300,3390 ± 100,4630 ± 160,50100 ± 5300,282000 ± 16000,2050 ± 110,388000 ± 19000,-880000000 ± 760000000,170 ± 52,25 ± 24,45000 ± 1300,3390 ± 100,4630 ± 160,50100 ± 5300,282000 ± 16000,2050 ± 110,388000 ± 19000,0.1657 ± 0.0068,985 ± 37,1.724 ± 0.072,1010 ± 28,-6800000 ± 9300000,2110 ± 220,0.0828 ± 0.0034,512 ± 20,0.862 ± 0.036,628 ± 20,-3400000 ± 4600000,1070 ± 120,0.07533 ± 0.00090,1074 ± 25,0.1826 ± 0.0075,1077 ± 41,1.887 ± 0.079,1068 ± 29,-1000000 ± 1400000,325 ± 36,0.07483 ± 0.00090,1060 ± 25,5.71 ± 0.26,-720000000 ± 620000000,37.5 ± 2.1,7.53 ± 0.80,0.970153,0.0202857
9453,,-,,,,,,,1313 ± 58,322 ± 34,2494 ± 63,351 ± 13,870 ± 55,43000 ± 5600,288000 ± 16000,2090 ± 120,339000 ± 17000,0 ± 0.0E+0,1.00E+0 ± 0,151 ± 58,30 ± 34,2134 ± 63,87 ± 13,213 ± 55,43000 ± 5600,288000 ± 16000,2090 ± 120,336000 ± 17000,-610000000 ± 850000000,151 ± 58,30 ± 34,2134 ± 63,87 ± 13,213 ± 55,43000 ± 5600,288000 ± 16000,2090 ± 120,336000 ± 17000,0.00780 ± 0.00046,50.1 ± 3.0,0.0442 ± 0.0073,43.3 ± 7.1,-430000 ± 860000,127 ± 40,0.00390 ± 0.00023,25.1 ± 1.5,0.0221 ± 0.0036,22.0 ± 3.6,-210000 ± 430000,64 ± 20,0.0419 ± 0.0065,870 ± 170,0.00856 ± 0.00051,54.9 ± 3.2,0.0481 ± 0.0079,47.1 ± 7.7,-60000 ± 130000,18.9 ± 6.0,0.0416 ± 0.0065,880 ± 170,123.4 ± 7.2,-200000000 ± 390000000,38.0 ± 2.2,6.60 ± 0.86,-0.0174937,0.215582
Ples,,-,,,,,,,1291 ± 44,308 ± 20,143200 ± 6000,7920 ± 330,4420 ± 180,111600 ± 8100,3080000 ± 160000,22300 ± 1200,3370000 ± 170000,0 ± 0.0E+0,1.00E+0 ± 0,127 ± 44,15 ± 20,142900 ± 6000,7660 ± 330,3750 ± 180,111600 ± 8100,3080000 ± 160000,22300 ± 1200,3370000 ± 170000,30.9 ± 2.2,127 ± 44,15 ± 20,142900 ± 6000,7660 ± 330,3750 ± 180,111600 ± 8100,3080000 ± 160000,22300 ± 1200,3370000 ± 170000,0.04730 ± 0.00083,297.8 ± 5.1,0.3502 ± 0.0066,304.5 ± 4.9,0.0375 ± 0.0026,742 ± 50,0.02365 ± 0.00041,150.7 ± 2.6,0.1751 ± 0.0033,163.7 ± 2.8,0.0187 ± 0.0013,375 ± 26,0.05369 ± 0.00036,357 ± 15,0.05166 ± 0.00091,324.6 ± 5.5,0.3800 ± 0.0072,326.6 ± 5.3,0.00553 ± 0.00038,111.3 ± 7.7,0.05333 ± 0.00036,341 ± 15,19.49 ± 0.36,24.4 ± 1.7,404 ± 21,17.5 ± 1.3,0.912151,0.0891699
Oracle,,-,,,,,,,1342 ± 49,334 ± 21,66000 ± 3800,6250 ± 340,28540 ± 710,196000 ± 12000,290000 ± 23000,2110 ± 170,591000 ± 30000,0 ± 0.0E+0,1.00E+0 ± 0,176 ± 49,41 ± 21,65600 ± 3800,5980 ± 340,27870 ± 710,196000 ± 12000,290000 ± 23000,2110 ± 170,588000 ± 30000,1.60 ± 0.15,176 ± 49,41 ± 21,65600 ± 3800,5980 ± 340,27870 ± 710,196000 ± 12000,290000 ± 23000,2110 ± 170,588000 ± 30000,0.2406 ± 0.0098,1383 ± 50,3.05 ± 0.14,1403 ± 32,0.1530 ± 0.0085,2860 ± 150,0.1203 ± 0.0049,730 ± 28,1.526 ± 0.068,930 ± 26,0.0765 ± 0.0042,1485 ± 79,0.09120 ± 0.00081,1447 ± 17,0.262 ± 0.011,1491 ± 53,3.30 ± 0.15,1462 ± 33,0.0226 ± 0.0013,450 ± 25,0.09057 ± 0.00080,1434 ± 17,3.97 ± 0.17,1.24 ± 0.12,37.8 ± 3.0,31.3 ± 1.9,0.985937,-0.0659941
Temora2,,-,,,,,,,1357 ± 62,340 ± 25,66200 ± 1900,3920 ± 120,10430 ± 280,234000 ± 13000,1106000 ± 54000,8020 ± 390,1429000 ± 63000,0 ± 0.0E+0,1.00E+0 ± 0,191 ± 62,46 ± 25,65800 ± 1900,3650 ± 120,9760 ± 280,234000 ± 13000,1106000 ± 54000,8020 ± 390,1427000 ± 63000,4.92 ± 0.27,191 ± 62,46 ± 25,65800 ± 1900,3650 ± 120,9760 ± 280,234000 ± 13000,1106000 ± 54000,8020 ± 390,1427000 ± 63000,0.0611 ± 0.0017,382 ± 10,0.466 ± 0.013,387.4 ± 9.2,0.0444 ± 0.0023,877 ± 45,0.03055 ± 0.00086,193.9 ± 5.4,0.2332 ± 0.0067,212.4 ± 5.5,0.0222 ± 0.0012,444 ± 23,0.05519 ± 0.00063,427 ± 28,0.0662 ± 0.0019,413 ± 11,0.502 ± 0.014,411.3 ± 9.6,0.00655 ± 0.00035,132.0 ± 6.9,0.05481 ± 0.00063,412 ± 28,15.43 ± 0.43,3.75 ± 0.21,142.7 ± 6.9,38.0 ± 2.2,0.898029,0.105412
TANBR,,-,,,,,,,1387 ± 51,359 ± 25,253100 ± 8600,42500 ± 1400,79200 ± 2100,291000 ± 14000,616000 ± 30000,4470 ± 220,1292000 ± 44000,0 ± 0.0E+0,1.00E+0 ± 0,219 ± 51,65 ± 25,252800 ± 8600,42200 ± 1400,78500 ± 2100,291000 ± 14000,616000 ± 30000,4470 ± 220,1289000 ± 44000,2.24 ± 0.16,219 ± 51,65 ± 25,252800 ± 8600,42200 ± 1400,78500 ± 2100,291000 ± 14000,616000 ± 30000,4470 ± 220,1289000 ± 44000,0.424 ± 0.013,2271 ± 56,9.77 ± 0.29,2402 ± 27,0.278 ± 0.011,4940 ± 180,0.2120 ± 0.0063,1237 ± 33,4.88 ± 0.15,1790 ± 25,0.1392 ± 0.0057,2630 ± 100,0.16694 ± 0.00072,2525.9 ± 7.3,0.457 ± 0.014,2418 ± 59,10.46 ± 0.31,2465 ± 27,0.0410 ± 0.0017,812 ± 33,0.16577 ± 0.00072,2514.1 ± 7.3,2.244 ± 0.063,1.67 ± 0.12,78.7 ± 3.9,48.2 ± 2.3,0.988776,-0.0288317
Oracle,,-,,,,,,,1364 ± 52,339 ± 27,585000 ± 42000,53600 ± 3900,116600 ± 8300,817000 ± 72000,2750000 ± 220000,20000 ± 1600,4350000 ± 250000,0 ± 0.0E+0,1.00E+0 ± 0,193 ± 52,44 ± 27,585000 ± 42000,53400 ± 3900,115900 ± 8300,817000 ± 72000,2750000 ± 220000,20000 ± 1600,4340000 ± 250000,4.78 ± 0.69,193 ± 52,44 ± 27,585000 ± 42000,53400 ± 3900,115900 ± 8300,817000 ± 72000,2750000 ± 220000,20000 ± 1600,4340000 ± 250000,0.2185 ± 0.0044,1272 ± 23,2.749 ± 0.054,1338 ± 15,0.1488 ± 0.0048,2797 ± 84,0.1092 ± 0.0022,668 ± 13,1.375 ± 0.027,876 ± 12,0.0744 ± 0.0024,1448 ± 45,0.09125 ± 0.00034,1451.3 ± 7.0,0.2334 ± 0.0047,1351 ± 24,2.918 ± 0.058,1383 ± 15,0.02193 ± 0.00071,438 ± 14,0.09059 ± 0.00034,1437.6 ± 7.0,4.331 ± 0.087,3.43 ± 0.49,344 ± 28,140 ± 12,0.979644,0.145739
91500,,-,,,,,,,1316 ± 49,325 ± 24,35800 ± 1100,2939 ± 87,4240 ± 140,33600 ± 4200,226000 ± 14000,1635 ± 99,307000 ± 16000,0 ± 0.0E+0,1.00E+0 ± 0,143 ± 49,29 ± 24,35400 ± 1100,2662 ± 87,3550 ± 140,33600 ± 4200,226000 ± 14000,1635 ± 99,304000 ± 16000,-3400000000 ± 1500000000,143 ± 49,29 ± 24,35400 ± 1100,2662 ± 87,3550 ± 140,33600 ± 4200,226000 ± 14000,1635 ± 99,304000 ± 16000,0.1673 ± 0.0081,992 ± 44,1.737 ± 0.089,1006 ± 31,-53000000 ± 22000000,2220 ± 230,0.0837 ± 0.0040,516 ± 24,0.869 ± 0.044,626 ± 23,-26000000 ± 11000000,1130 ± 120,0.0753 ± 0.0011,1067 ± 30,0.1780 ± 0.0086,1051 ± 46,1.836 ± 0.094,1041 ± 32,-7800000 ± 3300000,343 ± 37,0.0748 ± 0.0011,1053 ± 30,5.94 ± 0.27,-2400000000 ± 1000000000,27.8 ± 1.7,5.84 ± 0.73,0.967478,-0.0218332
9453,,-,,,,,,,1328 ± 58,330 ± 26,5110 ± 110,502 ± 20,1089 ± 45,68600 ± 7500,628000 ± 26000,4560 ± 190,710000 ± 27000,0 ± 0.0E+0,1.00E+0 ± 0,154 ± 58,33 ± 26,4730 ± 110,222 ± 20,389 ± 45,68600 ± 7500,628000 ± 26000,4560 ± 190,707000 ± 27000,12.8 ± 2.1,154 ± 58,33 ± 26,4730 ± 110,222 ± 20,389 ± 45,68600 ± 7500,628000 ± 26000,4560 ± 190,707000 ± 27000,0.00774 ± 0.00029,49.7 ± 1.9,0.0497 ± 0.0046,49.1 ± 4.4,0.0078 ± 0.0015,145 ± 25,0.00387 ± 0.00014,24.91 ± 0.93,0.0249 ± 0.0023,24.9 ± 2.3,0.00392 ± 0.00075,73 ± 12,0.0470 ± 0.0043,620 ± 120,0.00820 ± 0.00031,52.6 ± 2.0,0.0523 ± 0.0048,51.5 ± 4.6,0.00116 ± 0.00022,21.5 ± 3.7,0.0466 ± 0.0042,620 ± 120,124.3 ± 4.4,8.8 ± 1.5,76.3 ± 3.1,12.1 ± 1.3,0.295153,0.0995642
Ples,,-,,,,,,,1340 ± 46,356 ± 23,132200 ± 8000,7360 ± 440,4230 ± 240,110200 ± 9300,2780000 ± 190000,20100 ± 1400,3050000 ± 210000,0 ± 0.0E+0,1.00E+0 ± 0,165 ± 46,59 ± 23,131800 ± 8000,7080 ± 440,3520 ± 240,110200 ± 9300,2780000 ± 190000,20100 ± 1400,3050000 ± 210000,-270000000 ± 380000000,165 ± 46,59 ± 23,131800 ± 8000,7080 ± 440,3520 ± 240,110200 ± 9300,2780000 ± 190000,20100 ± 1400,3050000 ± 210000,0.04869 ± 0.00097,306.4 ± 6.0,0.3593 ± 0.0074,311.1 ± 5.5,160000 ± 490000,708 ± 60,0.02435 ± 0.00049,155.0 ± 3.1,0.1797 ± 0.0037,167.6 ± 3.2,80000 ± 240000,358 ± 31,0.05361 ± 0.00041,355 ± 17,0.0514 ± 0.0010,322.9 ± 6.3,0.3766 ± 0.0078,323.9 ± 5.7,23000 ± 72000,106.3 ± 9.3,0.05322 ± 0.00041,338 ± 17,19.68 ± 0.41,-180000000 ± 260000000,333 ± 23,19.7 ± 1.7,0.9191,0.101773
Oracle,,-,,,,,,,1346 ± 59,339 ± 27,145400 ± 3700,13420 ± 350,30900 ± 970,212000 ± 12000,670000 ± 26000,4860 ± 190,1080000 ± 37000,0 ± 0.0E+0,1.00E+0 ± 0,169 ± 59,41 ± 27,145000 ± 3700,13140 ± 350,30190 ± 970,212000 ± 12000,670000 ± 26000,4860 ± 190,1078000 ± 37000,3.29 ± 0.18,169 ± 59,41 ± 27,145000 ± 3700,13140 ± 350,30190 ± 970,212000 ± 12000,670000 ± 26000,4860 ± 190,1078000 ± 37000,0.2218 ± 0.0068,1289 ± 35,2.769 ± 0.086,1340 ± 23,0.1492 ± 0.0085,2800 ± 150,0.1109 ± 0.0034,677 ± 20,1.384 ± 0.043,878 ± 18,0.0746 ± 0.0042,1451 ± 79,0.09060 ± 0.00070,1435 ± 15,0.2330 ± 0.0071,1347 ± 37,2.889 ± 0.090,1372 ± 23,0.0220 ± 0.0012,439 ± 25,0.08992 ± 0.00069,1421 ± 15,4.39 ± 0.13,2.18 ± 0.12,79.2 ± 3.1,38.4 ± 2.2,0.968385,0.0446283
Temora2,,-,,,,,,,1399 ± 57,334 ± 23,67700 ± 2500,4010 ± 140,11250 ± 380,236000 ± 15000,1113000 ± 57000,8070 ± 410,1442000 ± 69000,0 ± 0.0E+0,1.00E+0 ± 0,220 ± 57,36 ± 23,67400 ± 2500,3730 ± 140,10540 ± 380,236000 ± 15000,1113000 ± 57000,8070 ± 410,1439000 ± 69000,5.07 ± 0.33,220 ± 57,36 ± 23,67400 ± 2500,3730 ± 140,10540 ± 380,236000 ± 15000,1113000 ± 57000,8070 ± 410,1439000 ± 69000,0.0618 ± 0.0016,386.6 ± 9.4,0.472 ± 0.013,392.8 ± 8.9,0.0479 ± 0.0027,944 ± 52,0.03092 ± 0.00078,196.2 ± 4.9,0.2360 ± 0.0063,215.5 ± 5.3,0.0239 ± 0.0014,478 ± 27,0.05535 ± 0.00065,423 ± 25,0.0647 ± 0.0016,403.9 ± 9.9,0.491 ± 0.013,405.5 ± 9.2,0.00706 ± 0.00040,142.1 ± 8.0,0.05493 ± 0.00065,406 ± 25,15.66 ± 0.39,3.29 ± 0.21,129.7 ± 6.6,43.2 ± 2.8,0.898506,0.0958049
TANBR,,-,,,,,,,1429 ± 55,344 ± 26,460000 ± 20000,76700 ± 3300,77700 ± 3100,284000 ± 16000,1033000 ± 60000,7430 ± 420,1943000 ± 96000,0 ± 0.0E+0,1.00E+0 ± 0,249 ± 55,45 ± 26,459000 ± 20000,76400 ± 3300,77000 ± 3100,284000 ± 16000,1033000 ± 60000,7430 ± 420,1940000 ± 96000,3.82 ± 0.24,249 ± 55,45 ± 26,459000 ± 20000,76400 ± 3300,77000 ± 3100,284000 ± 16000,1033000 ± 60000,7430 ± 420,1940000 ± 96000,0.455 ± 0.012,2411 ± 51,10.43 ± 0.27,2466 ± 23,0.281 ± 0.013,5010 ± 210,0.2275 ± 0.0059,1319 ± 31,5.22 ± 0.13,1848 ± 21,0.1406 ± 0.0065,2670 ± 120,0.16656 ± 0.00064,2522.2 ± 6.4,0.474 ± 0.012,2495 ± 53,10.80 ± 0.28,2498 ± 23,0.0414 ± 0.0019,819 ± 37,0.16529 ± 0.00063,2509.3 ± 6.4,2.143 ± 0.054,2.43 ± 0.15,118.7 ± 6.9,52.6 ± 3.0,0.989453,0.0330066
Temora2,,-,,,,,,,1409 ± 47,334 ± 25,36100 ± 1100,2279 ± 67,6280 ± 220,144000 ± 10000,600000 ± 26000,4350 ± 190,794000 ± 33000,0 ± 0.0E+0,1.00E+0 ± 0,226 ± 47,34 ± 25,35700 ± 1100,1987 ± 67,5550 ± 220,144000 ± 10000,600000 ± 26000,4350 ± 190,791000 ± 33000,4.58 ± 0.31,226 ± 47,34 ± 25,35700 ± 1100,1987 ± 67,5550 ± 220,144000 ± 10000,600000 ± 26000,4350 ± 190,791000 ± 33000,0.0613 ± 0.0020,383 ± 12,0.468 ± 0.015,388 ± 10,0.0424 ± 0.0026,838 ± 51,0.0306 ± 0.0010,194.4 ± 6.2,0.2342 ± 0.0076,213.1 ± 6.2,0.0212 ± 0.0013,424 ± 26,0.05569 ± 0.00096,445 ± 35,0.0633 ± 0.0021,395 ± 13,0.481 ± 0.016,398 ± 11,0.00625 ± 0.00039,125.8 ± 7.8,0.05525 ± 0.00095,428 ± 35,16.20 ± 0.52,2.81 ± 0.19,67.0 ± 2.9,27.3 ± 2.0,0.866752,0.213428
Baseline,,-,,,,,,,1102 ± 53,259 ± 30,284 ± 31,189 ± 11,480 ± 42,0 ± 0.0E+0,690 ± 680,5.0 ± 4.9,3010 ± 690,0 ± 0.0E+0,1.00E+0 ± 0,-8 ± 53,-11 ± 30,23 ± 31,-1 ± 11,6 ± 42,-0.0000027952 ± 0.0000000022,690 ± 680,5.0 ± 4.9,680 ± 690,-250000000 ± 240000000,-8 ± 53,-11 ± 30,23 ± 31,-1 ± 11,6 ± 42,-0.0000027952 ± 0.0000000022,690 ± 680,5.0 ± 4.9,680 ± 690,-110000 ± 200000,76200 ± 6100,70 ± 500,6560 ± 630,-2000000 ± 15000000,355100 ± 4100,-55000 ± 98000,72100 ± 5800,40 ± 250,5930 ± 570,-1100000 ± 7600000,341000 ± 4100,0.41 ± 0.40,2920 ± 420,-140000 ± 250000,77600 ± 6200,90 ± 630,6730 ± 690,-300000 ± 2000000,314200 ± 4100,0.40 ± 0.40,2910 ± 420,-0.8 ± 7.1,-160000000 ± 150000000,0.082 ± 0.081,0 ± 2.3E-13,nan,nan
Baseline,,-,,,,,,,1192 ± 45,266 ± 28,271 ± 20,198 ± 10,493 ± 37,300 ± 430,610 ± 600,4.4 ± 4.4,3340 ± 750,0 ± 0.0E+0,1.00E+0 ± 0,81 ± 45,-5 ± 28,7 ± 20,6 ± 10,14 ± 37,300 ± 430,610 ± 600,4.4 ± 4.4,1000 ± 750,-210000000 ± 200000000,81 ± 45,-5 ± 28,7 ± 20,6 ± 10,14 ± 37,300 ± 430,610 ± 600,4.4 ± 4.4,1000 ± 750,-40000 ± 130000,76700 ± 6300,-270 ± 480,6670 ± 570,-3000000 ± 12000000,340000 ± 21000,-22000 ± 65000,72600 ± 6000,-140 ± 240,6020 ± 530,-1700000 ± 6100000,327000 ± 20000,-0.09 ± 0.32,3010 ± 390,-60000 ± 160000,78100 ± 6500,-340 ± 600,6880 ± 590,-400000 ± 1600000,301000 ± 18000,-0.09 ± 0.32,3050 ± 400,-1 ± 22,-130000000 ± 130000000,0.073 ± 0.072,0.026 ± 0.036,nan,nan
Baseline,,-,,,,,,,1108 ± 61,267 ± 29,275 ± 28,194 ± 10,505 ± 41,0 ± 0.0E+0,400 ± 560,2.9 ± 4.1,2750 ± 570,0 ± 0.0E+0,1.00E+0 ± 0,-5 ± 61,-4 ± 29,8 ± 28,0 ± 10,21 ± 41,-0.0000030765 ± 0.0000000021,400 ± 560,2.9 ± 4.1,400 ± 570,-130000000 ± 180000000,-5 ± 61,-4 ± 29,8 ± 28,0 ± 10,21 ± 41,-0.0000030765 ± 0.0000000021,400 ± 560,2.9 ± 4.1,400 ± 570,-50000 ± 180000,78600 ± 4700,-30 ± 480,6880 ± 610,-7000000 ± 13000000,350700 ± 4000,-27000 ± 92000,74300 ± 4500,-20 ± 240,6220 ± 550,-3400000 ± 6600000,336700 ± 4000,0.05 ± 0.26,2650 ± 630,-70000 ± 230000,80000 ± 4800,-40 ± 600,7090 ± 620,-900000 ± 1800000,310000 ± 4000,0.04 ± 0.26,2640 ± 630,-13 ± 20,-80000000 ± 120000000,0.048 ± 0.068,0 ± 2.3E-13,nan,nan
Baseline,,-,,,,,,,1095 ± 75,271 ± 36,280 ± 23,189 ± 13,479 ± 43,0 ± 0.0E+0,830 ± 820,6.1 ± 5.9,3150 ± 820,0 ± 0.0E+0,1.00E+0 ± 0,-20 ± 75,-1 ± 36,10 ± 23,-7 ± 13,-10 ± 43,-0.0000032128 ± 0.0000000020,830 ± 820,6.0 ± 5.9,790 ± 820,-260000000 ± 250000000,-20 ± 75,-1 ± 36,10 ± 23,-7 ± 13,-10 ± 43,-0.0000032128 ± 0.0000000020,830 ± 820,6.0 ± 5.9,790 ± 820,-80000 ± 150000,73700 ± 8700,280 ± 590,6790 ± 730,3000000 ± 13000000,355500 ± 4300,-40000 ± 73000,69700 ± 8200,140 ± 290,6170 ± 650,1500000 ± 6700000,341500 ± 4300,0.13 ± 0.36,3260 ± 410,-100000 ± 180000,74900 ± 8800,350 ± 730,6960 ± 780,400000 ± 1800000,314900 ± 4300,0.13 ± 0.36,3250 ± 410,-5 ± 13,-170000000 ± 170000000,0.101 ± 0.099,0 ± 2.3E-13,nan,nan
Baseline,,-,,,,,,,1119 ± 68,283 ± 30,283 ± 28,204 ± 13,500 ± 40,0 ± 0.0E+0,0 ± 0.0E+0,0 ± 0.0E+0,2389 ± 87,0 ± 0.0E+0,1.00E+0 ± 0,3 ± 68,10 ± 30,10 ± 28,6 ± 13,6 ± 40,-0.0000033560 ± 0.0000000019,-0.0001537402 ± 0.0000000074,-0.02100338 ± 0.00000098,9 ± 87,45.811 ± 0.024,3 ± 68,10 ± 30,10 ± 28,6 ± 13,6 ± 40,-0.0000033560 ± 0.0000000019,-0.0001537402 ± 0.0000000074,-0.02100338 ± 0.00000098,9 ± 87,-70000 ± 190000,83900 ± 1700,-290 ± 620,7260 ± 250,-2000000 ± 12000000,351700 ± 4500,-33000 ± 93000,79400 ± 1700,-150 ± 310,6560 ± 250,-800000 ± 5900000,337600 ± 4500,0.09 ± 0.36,2920 ± 510,-80000 ± 230000,85300 ± 1700,-360 ± 770,7470 ± 250,-200000 ± 1600000,311100 ± 4500,0.09 ± 0.36,2910 ± 510,-0.0000012 ± 0.0000013,30.6921 ± 0.0099,-1.87E-8 ± 0,0 ± 2.2E-13,nan,nan
Baseline,,-,,,,,,,1121 ± 71,276 ± 36,339 ± 93,212 ± 13,521 ± 43,0 ± 0.0E+0,260 ± 510,1.9 ± 3.7,2730 ± 550,0 ± 0.0E+0,1.00E+0 ± 0,4 ± 71,3 ± 36,64 ± 93,12 ± 13,22 ± 43,-0.0000034927 ± 0.0000000019,260 ± 510,1.8 ± 3.7,340 ± 550,-70000000 ± 150000000,4 ± 71,3 ± 36,64 ± 93,12 ± 13,22 ± 43,-0.0000034927 ± 0.0000000019,260 ± 510,1.8 ± 3.7,340 ± 550,-410000 ± 600000,78700 ± 6700,-600 ± 620,6200 ± 1100,-6000000 ± 12000000,348900 ± 4800,-210000 ± 300000,74400 ± 6400,-300 ± 310,5600 ± 1000,-3100000 ± 6100000,334900 ± 4800,0.2 ± 1.0,3210 ± 770,-510000 ± 750000,80100 ± 6900,-730 ± 770,6300 ± 1200,-800000 ± 1700000,308400 ± 4800,0.24 ± 0.99,3200 ± 770,35 ± 69,-50000000 ± 99000000,0.031 ± 0.062,0 ± 2.2E-13,nan,nan
Baseline,,-,,,,,,,1090 ± 81,276 ± 33,290 ± 30,204 ± 12,488 ± 47,0 ± 0.0E+0,0 ± 0.0E+0,0 ± 0.0E+0,2350 ± 100,0 ± 0.0E+0,1.00E+0 ± 0,-28 ± 81,2 ± 33,12 ± 30,2 ± 12,-16 ± 47,-0.0000036314 ± 0.0000000019,-0.0001547982 ± 0.0000000073,-0.02114357 ± 0.00000096,-60 ± 100,42.628 ± 0.020,-28 ± 81,2 ± 33,12 ± 30,2 ± 12,-16 ± 47,-0.0000036314 ± 0.0000000019,-0.0001547982 ± 0.0000000073,-0.02114357 ± 0.00000096,-60 ± 100,-80000 ± 200000,83000 ± 1500,-110 ± 550,6860 ± 370,4000000 ± 13000000,337000 ± 10000,-39000 ± 98000,78600 ± 1500,-50 ± 280,6160 ± 370,2200000 ± 6500000,323000 ± 10000,-0.6 ± 1.0,2040 ± 620,-100000 ± 240000,84400 ± 1500,-130 ± 680,7070 ± 370,600000 ± 1800000,297000 ± 10000,-0.6 ± 1.0,2030 ± 630,-0.0000041 ± 0.0000031,29.4103 ± 0.0079,-1.89E-8 ± 0,0 ± 2.3E-13,nan,nan
Baseline,,-,,,,,,,1073 ± 69,236 ± 27,364 ± 38,222 ± 15,515 ± 48,0 ± 0.0E+0,0 ± 0.0E+0,0 ± 0.0E+0,2410 ± 100,0 ± 0.0E+0,1.00E+0 ± 0,-48 ± 69,-38 ± 27,83 ± 38,18 ± 15,5 ± 48,-0.0000037780 ± 0.0000000019,-0.0001553614 ± 0.0000000074,-0.02121819 ± 0.00000098,-10 ± 100,41.122 ± 0.019,-48 ± 69,-38 ± 27,83 ± 38,18 ± 15,5 ± 48,-0.0000037780 ± 0.0000000019,-0.0001553614 ± 0.0000000074,-0.02121819 ± 0.00000098,-10 ± 100,-530000 ± 250000,83400 ± 1900,-840 ± 720,6930 ± 440,-1000000 ± 13000000,341400 ± 8300,-270000 ± 120000,79000 ± 1900,-420 ± 360,6230 ± 440,-700000 ± 6400000,327300 ± 8300,-4.4 ± 6.4,3130 ± 490,-660000 ± 300000,84800 ± 1900,-1030 ± 880,7130 ± 440,-200000 ± 1700000,301100 ± 8300,-4.4 ± 6.3,3120 ± 490,-0.000036 ± 0.000027,28.8296 ± 0.0072,-1.91E-8 ± 0,0 ± 2.4E-13,nan,nan
Baseline,,-,,,,,,,1119 ± 59,275 ± 28,282 ± 24,210 ± 12,528 ± 38,0 ± 0.0E+0,0 ± 0.0E+0,0 ± 0.0E+0,2415 ± 76,0 ± 0.0E+0,1.00E+0 ± 0,-3 ± 59,-0 ± 28,-1 ± 24,4 ± 12,13 ± 38,-0.0000039232 ± 0.0000000020,-0.0001559191 ± 0.0000000079,-0.0212921 ± 0.0000010,-16 ± 76,39.743 ± 0.019,-3 ± 59,-0 ± 28,-1 ± 24,4 ± 12,13 ± 38,-0.0000039232 ± 0.0000000020,-0.0001559191 ± 0.0000000079,-0.0212921 ± 0.0000010,-16 ± 76,10000 ± 150000,81400 ± 2700,-190 ± 580,7050 ± 360,-3200000 ± 9600000,340100 ± 5900,4000 ± 76000,76900 ± 2700,-100 ± 290,6350 ± 360,-1600000 ± 4800000,326100 ± 5900,-0.6 ± 1.6,2150 ± 670,10000 ± 190000,82700 ± 2700,-240 ± 710,7250 ± 360,-400000 ± 1300000,299900 ± 5900,-0.6 ± 1.6,2140 ± 670,0.0000042 ± 0.0000034,28.3144 ± 0.0069,-1.92E-8 ± 0,0 ± 2.7E-13,nan,nan
Baseline,,-,,,,,,,1080 ± 61,312 ± 31,264 ± 23,211 ± 11,499 ± 36,0 ± 0.0E+0,210 ± 430,1.6 ± 3.1,2580 ± 440,0 ± 0.0E+0,1.00E+0 ± 0,-43 ± 61,36 ± 31,-23 ± 23,3 ± 11,-21 ± 36,-0.0000040666 ± 0.0000000020,210 ± 430,1.5 ± 3.1,140 ± 440,-50000000 ± 110000000,-43 ± 61,36 ± 31,-23 ± 23,3 ± 11,-21 ± 36,-0.0000040666 ± 0.0000000020,210 ± 430,1.5 ± 3.1,140 ± 440,150000 ± 150000,79500 ± 4000,-140 ± 520,7140 ± 540,5200000 ± 8900000,338200 ± 5800,73000 ± 73000,75100 ± 3900,-70 ± 260,6460 ± 500,2600000 ± 4500000,324200 ± 5800,-0.79 ± 0.89,2860 ± 440,180000 ± 180000,80800 ± 4100,-170 ± 630,7330 ± 550,700000 ± 1200000,298100 ± 5800,-0.79 ± 0.88,2990 ± 450,7 ± 14,-38000000 ± 76000000,0.027 ± 0.053,0 ± 2.7E-13,nan,nan
Baseline,,-,,,,,,,1126 ± 61,296 ± 32,281 ± 26,211 ± 12,529 ± 46,0 ± 0.0E+0,230 ± 450,1.6 ± 3.3,2670 ± 450,0 ± 0.0E+0,1.00E+0 ± 0,1 ± 61,20 ± 32,-8 ± 26,1 ± 12,4 ± 46,-0.0000042068 ± 0.0000000020,230 ± 450,1.6 ± 3.3,220 ± 450,-50000000 ± 110000000,1 ± 61,20 ± 32,-8 ± 26,1 ± 12,4 ± 46,-0.0000042068 ± 0.0000000020,230 ± 450,1.6 ± 3.3,220 ± 450,40000 ± 160000,80000 ± 4500,-70 ± 570,7150 ± 560,-1000000 ± 11000000,341700 ± 6100,20000 ± 82000,75700 ± 4300,-40 ± 280,6480 ± 520,-400000 ± 5500000,327600 ± 6100,0.03 ± 0.53,2870 ± 540,50000 ± 200000,81300 ± 4500,-90 ± 690,7340 ± 580,-100000 ± 1500000,301600 ± 6100,0.03 ± 0.53,2860 ± 540,-1.4 ± 2.8,-40000000 ± 79000000,0.028 ± 0.056,0 ± 2.7E-13,nan,nan
Baseline,,-,,,,,,,1129 ± 64,285 ± 33,280 ± 31,200 ± 11,543 ± 50,0 ± 0.0E+0,240 ± 480,1.7 ± 3.5,2680 ± 490,0 ± 0.0E+0,1.00E+0 ± 0,3 ± 64,8 ± 33,-12 ± 31,-12 ± 11,12 ± 50,-0.0000043413 ± 0.0000000019,240 ± 480,1.7 ± 3.5,210 ± 490,-60000000 ± 110000000,3 ± 64,8 ± 33,-12 ± 31,-12 ± 11,12 ± 50,-0.0000043413 ± 0.0000000019,240 ± 480,1.7 ± 3.5,210 ± 490,80000 ± 200000,81500 ± 4400,560 ± 530,6570 ± 780,-3000000 ± 12000000,343400 ± 6000,38000 ± 99000,77200 ± 4200,280 ± 270,5960 ± 700,-1400000 ± 5800000,329400 ± 6000,-0.02 ± 0.29,2780 ± 620,90000 ± 240000,82700 ± 4500,670 ± 640,6960 ± 680,-400000 ± 1600000,303400 ± 6000,-0.02 ± 0.28,2770 ± 630,-18 ± 36,-41000000 ± 82000000,0.030 ± 0.060,0 ± 2.7E-13,nan,nan
Baseline,,-,,,,,,,1101 ± 69,281 ± 32,302 ± 32,205 ± 11,532 ± 40,0 ± 0.0E+0,430 ± 610,3.2 ± 4.4,2860 ± 630,0 ± 0.0E+0,1.00E+0 ± 0,-27 ± 69,4 ± 32,7 ± 32,-10 ± 11,-4 ± 40,-0.0000044833 ± 0.0000000020,430 ± 610,3.1 ± 4.4,380 ± 630,-100000000 ± 140000000,-27 ± 69,4 ± 32,7 ± 32,-10 ± 11,-4 ± 40,-0.0000044833 ± 0.0000000020,430 ± 610,3.1 ± 4.4,380 ± 630,-60000 ± 200000,78500 ± 5800,450 ± 520,6680 ± 540,900000 ± 9000000,342100 ± 5700,-29000 ± 99000,74200 ± 5500,230 ± 260,6010 ± 510,500000 ± 4500000,328100 ± 5700,0.04 ± 0.48,3340 ± 430,-70000 ± 240000,79700 ± 5800,550 ± 620,6860 ± 550,100000 ± 1200000,302200 ± 5700,0.04 ± 0.47,3330 ± 430,-14 ± 26,-70000000 ± 100000000,0.054 ± 0.076,0 ± 3.0E-13,nan,nan
Baseline,,-,,,,,,,1080 ± 55,276 ± 33,261 ± 19,204 ± 12,522 ± 39,0 ± 0.0E+0,190 ± 380,1.4 ± 2.8,2540 ± 410,0 ± 0.0E+0,1.00E+0 ± 0,-49 ± 55,-2 ± 33,-37 ± 19,-12 ± 12,-19 ± 39,-0.0000046206 ± 0.0000000021,190 ± 380,1.4 ± 2.8,40 ± 410,-41000000 ± 83000000,-49 ± 55,-2 ± 33,-37 ± 19,-12 ± 12,-19 ± 39,-0.0000046206 ± 0.0000000021,190 ± 380,1.4 ± 2.8,40 ± 410,250000 ± 120000,82000 ± 3200,600 ± 530,7360 ± 340,4100000 ± 8400000,343900 ± 4700,123000 ± 59000,77600 ± 3100,300 ± 270,6660 ± 330,2100000 ± 4200000,329900 ± 4700,0.11 ± 0.40,3350 ± 400,300000 ± 140000,83200 ± 3300,720 ± 640,7540 ± 340,600000 ± 1200000,304100 ± 4700,0.11 ± 0.40,3340 ± 400,0.9 ± 1.8,-32000000 ± 64000000,0.024 ± 0.048,0 ± 3.2E-13,nan,nan
Baseline,,-,,,,,,,1175 ± 56,281 ± 30,339 ± 28,243 ± 13,584 ± 40,0 ± 0.0E+0,0 ± 0.0E+0,0 ± 0.0E+0,2622 ± 77,0 ± 0.0E+0,1.00E+0 ± 0,31 ± 56,-3 ± 30,14 ± 28,6 ± 13,-8 ± 40,-0.0000060099 ± 0.0000000021,-0.0001639335 ± 0.0000000080,-0.0223541 ± 0.0000011,3 ± 77,27.2774 ± 0.0081,31 ± 56,-3 ± 30,14 ± 28,6 ± 13,-8 ± 40,-0.0000060099 ± 0.0000000021,-0.0001639335 ± 0.0000000080,-0.0223541 ± 0.0000011,3 ± 77,-90000 ± 170000,81900 ± 1800,-260 ± 560,7620 ± 270,1300000 ± 6700000,332600 ± 5300,-44000 ± 85000,77400 ± 1800,-130 ± 280,6920 ± 270,700000 ± 3400000,318600 ± 5300,-0.04 ± 0.43,2970 ± 600,-100000 ± 200000,82800 ± 1800,-300 ± 650,7760 ± 270,190000 ± 970000,293500 ± 5300,-0.04 ± 0.43,2960 ± 600,0.0000011 ± 0.0000011,23.5334 ± 0.0050,-2.14E-8 ± 0,0 ± 4.4E-13,nan,nan
Baseline,,-,,,,,,,1172 ± 65,317 ± 30,388 ± 31,250 ± 14,591 ± 45,0 ± 0.0E+0,210 ± 420,1.5 ± 3.1,2930 ± 430,0 ± 0.0E+0,1.00E+0 ± 0,27 ± 65,32 ± 30,60 ± 31,11 ± 14,-6 ± 45,-0.0000061498 ± 0.0000000020,210 ± 420,1.5 ± 3.1,300 ± 430,-34000000 ± 69000000,27 ± 65,32 ± 30,60 ± 31,11 ± 14,-6 ± 45,-0.0000061498 ± 0.0000000020,210 ± 420,1.5 ± 3.1,300 ± 430,-370000 ± 190000,79200 ± 5700,-500 ± 600,6750 ± 640,1000000 ± 7200000,339200 ± 4500,-185000 ± 95000,74900 ± 5400,-250 ± 300,6070 ± 610,500000 ± 3600000,325200 ± 4500,-0.06 ± 0.37,3210 ± 320,-430000 ± 220000,80100 ± 5800,-580 ± 690,6880 ± 640,100000 ± 1000000,300200 ± 4500,-0.06 ± 0.36,3200 ± 320,-3.9 ± 7.9,-30000000 ± 60000000,0.028 ± 0.055,0 ± 4.5E-13,nan,nan
Baseline,,-,,,,,,,1130 ± 58,271 ± 32,323 ± 27,246 ± 13,610 ± 45,0 ± 0.0E+0,230 ± 460,1.7 ± 3.3,2810 ± 480,0 ± 0.0E+0,1.00E+0 ± 0,-16 ± 58,-14 ± 32,-7 ± 27,5 ± 13,7 ± 45,-0.0000062888 ± 0.0000000020,230 ± 460,1.6 ± 3.3,170 ± 480,-36000000 ± 73000000,-16 ± 58,-14 ± 32,-7 ± 27,5 ± 13,7 ± 45,-0.0000062888 ± 0.0000000020,230 ± 460,1.6 ± 3.3,170 ± 480,40000 ± 160000,81000 ± 4500,-190 ± 560,7070 ± 460,-1200000 ± 7100000,338900 ± 4900,19000 ± 81000,76700 ± 4300,-90 ± 280,6380 ± 440,-600000 ± 3600000,324900 ± 4900,0.03 ± 0.52,3140 ± 550,40000 ± 190000,81900 ± 4600,-210 ± 640,7210 ± 460,-200000 ± 1000000,300000 ± 4900,0.03 ± 0.51,3130 ± 550,-2.5 ± 5.0,-32000000 ± 63000000,0.030 ± 0.061,0 ± 4.5E-13,nan,nan
Baseline,,-,,,,,,,1178 ± 54,288 ± 30,300 ± 26,234 ± 11,598 ± 47,0 ± 0.0E+0,410 ± 570,2.9 ± 4.1,3010 ± 590,0 ± 0.0E+0,1.00E+0 ± 0,30 ± 54,3 ± 30,-34 ± 26,-9 ± 11,-10 ± 47,-0.0000064376 ± 0.0000000021,410 ± 570,2.9 ± 4.1,350 ± 590,-63000000 ± 89000000,30 ± 54,3 ± 30,-34 ± 26,-9 ± 11,-10 ± 47,-0.0000064376 ± 0.0000000021,410 ± 570,2.9 ± 4.1,350 ± 590,220000 ± 160000,81300 ± 5100,390 ± 500,6940 ± 510,1500000 ± 7300000,342400 ± 4500,108000 ± 78000,77100 ± 4900,190 ± 250,6270 ± 480,800000 ± 3600000,328400 ± 4500,-0.62 ± 0.53,2950 ± 660,250000 ± 180000,82200 ± 5200,440 ± 570,7070 ± 520,200000 ± 1100000,303500 ± 4500,-0.61 ± 0.52,2940 ± 670,18 ± 35,-55000000 ± 77000000,0.054 ± 0.076,0 ± 5.0E-13,nan,nan
Baseline,,-,,,,,,,1226 ± 55,311 ± 35,306 ± 17,234 ± 12,604 ± 44,0 ± 0.0E+0,490 ± 560,3.6 ± 4.1,3180 ± 560,0 ± 0.0E+0,1.00E+0 ± 0,76 ± 55,25 ± 35,-30 ± 17,-12 ± 12,-9 ± 44,-0.0000065844 ± 0.0000000023,490 ± 560,3.5 ± 4.1,500 ± 560,-74000000 ± 85000000,76 ± 55,25 ± 35,-30 ± 17,-12 ± 12,-9 ± 44,-0.0000065844 ± 0.0000000023,490 ± 560,3.5 ± 4.1,500 ± 560,170000 ± 100000,79300 ± 5200,510 ± 510,7170 ± 520,1300000 ± 6600000,340800 ± 3700,87000 ± 52000,75000 ± 5000,260 ± 250,6510 ± 470,700000 ± 3300000,326800 ± 3700,-0.28 ± 0.86,3230 ± 470,200000 ± 120000,80100 ± 5300,580 ± 580,7290 ± 520,190000 ± 970000,301900 ± 3700,-0.28 ± 0.86,3220 ± 470,-3 ± 14,-65000000 ± 74000000,0.065 ± 0.074,0 ± 5.8E-13,nan,nan
Baseline,,-,,,,,,,1136 ± 58,280 ± 29,328 ± 44,234 ± 12,616 ± 45,0 ± 0.0E+0,0 ± 0.0E+0,0 ± 0.0E+0,2594 ± 100,0 ± 0.0E+0,1.00E+0 ± 0,-15 ± 58,-7 ± 29,-11 ± 44,-14 ± 12,-2 ± 45,-0.0000067228 ± 0.0000000021,-0.0001666716 ± 0.0000000082,-0.0227169 ± 0.0000011,-89 ± 100,24.7921 ± 0.0066,-15 ± 58,-7 ± 29,-11 ± 44,-14 ± 12,-2 ± 45,-0.0000067228 ± 0.0000000021,-0.0001666716 ± 0.0000000082,-0.0227169 ± 0.0000011,-89 ± 100,60000 ± 260000,84300 ± 1300,590 ± 540,7530 ± 230,300000 ± 6700000,342600 ± 3900,30000 ± 130000,79800 ± 1300,300 ± 270,6830 ± 230,200000 ± 3400000,328600 ± 3900,-0.14 ± 0.92,2800 ± 490,70000 ± 300000,85100 ± 1300,670 ± 610,7650 ± 230,50000 ± 980000,303700 ± 3900,-0.14 ± 0.91,2790 ± 490,-0.0000021 ± 0.0000021,21.5348 ± 0.0068,-2.22E-8 ± 0,0 ± 5.5E-13,nan,nan
Baseline,,-,,,,,,,1149 ± 64,276 ± 33,346 ± 38,247 ± 14,575 ± 49,0 ± 0.0E+0,220 ± 440,1.6 ± 3.2,2810 ± 470,0 ± 0.0E+0,1.00E+0 ± 0,-3 ± 64,-12 ± 33,4 ± 38,-2 ± 14,-48 ± 49,-0.0000068569 ± 0.0000000020,220 ± 440,1.6 ± 3.2,120 ± 470,-32000000 ± 64000000,-3 ± 64,-12 ± 33,4 ± 38,-2 ± 14,-48 ± 49,-0.0000068569 ± 0.0000000020,220 ± 440,1.6 ± 3.2,120 ± 470,-30000 ± 220000,81300 ± 4500,210 ± 550,7470 ± 430,7100000 ± 7100000,342600 ± 3700,-20000 ± 110000,76900 ± 4300,100 ± 280,6780 ± 410,3500000 ± 3500000,328500 ± 3700,0.8 ± 1.8,3110 ± 490,-40000 ± 250000,82000 ± 4500,230 ± 620,7590 ± 430,1000000 ± 1000000,303700 ± 3700,0.8 ± 1.8,3100 ± 500,-2.1 ± 4.3,-28000000 ± 56000000,0.029 ± 0.059,0 ± 5.4E-13,nan,nan
Baseline,,-,,,,,,,1124 ± 55,305 ± 29,358 ± 32,251 ± 12,602 ± 36,0 ± 0.0E+0,400 ± 560,2.9 ± 4.1,3040 ± 560,0 ± 0.0E+0,1.00E+0 ± 0,-30 ± 55,16 ± 29,13 ± 32,-0 ± 12,-27 ± 36,-0.0000070045 ± 0.0000000021,400 ± 560,2.9 ± 4.1,340 ± 560,-57000000 ± 80000000,-30 ± 55,16 ± 29,13 ± 32,-0 ± 12,-27 ± 36,-0.0000070045 ± 0.0000000021,400 ± 560,2.9 ± 4.1,340 ± 560,-70000 ± 190000,74500 ± 6200,10 ± 510,6740 ± 600,3800000 ± 5200000,316000 ± 10000,-36000 ± 95000,70300 ± 6000,10 ± 260,6070 ± 570,1900000 ± 2600000,302000 ± 10000,4.4 ± 5.4,2980 ± 500,-80000 ± 210000,75300 ± 6200,20 ± 570,6840 ± 610,550000 ± 760000,278000 ± 10000,4.4 ± 5.3,2970 ± 500,-0.9 ± 4.3,-49000000 ± 69000000,0.054 ± 0.075,0 ± 5.8E-13,nan,nan
Baseline,,-,,,,,,,1165 ± 64,276 ± 34,367 ± 27,259 ± 14,664 ± 48,0 ± 0.0E+0,410 ± 580,3.0 ± 4.2,3150 ± 590,0 ± 0.0E+0,1.00E+0 ± 0,9 ± 64,-13 ± 34,20 ± 27,6 ± 14,30 ± 48,-0.0000071442 ± 0.0000000021,410 ± 580,3.0 ± 4.2,420 ± 590,-58000000 ± 81000000,9 ± 64,-13 ± 34,20 ± 27,6 ± 14,30 ± 48,-0.0000071442 ± 0.0000000021,410 ± 580,3.0 ± 4.2,420 ± 590,-110000 ± 160000,75600 ± 6200,-230 ± 600,6900 ± 650,-4200000 ± 6800000,329200 ± 8500,-55000 ± 79000,71400 ± 5900,-110 ± 300,6230 ± 610,-2100000 ± 3400000,315200 ± 8500,-0.3 ± 1.0,3320 ± 430,-120000 ± 180000,76300 ± 6200,-250 ± 660,7000 ± 660,-620000 ± 1000000,290400 ± 8500,-0.3 ± 1.0,3310 ± 430,-4 ± 11,-49000000 ± 69000000,0.055 ± 0.077,0 ± 5.9E-13,nan,nan
Baseline,,-,,,,,,,1143 ± 63,279 ± 33,368 ± 31,251 ± 14,618 ± 39,0 ± 0.0E+0,0 ± 0.0E+0,0 ± 0.0E+0,2660 ± 100,0 ± 0.0E+0,1.00E+0 ± 0,-13 ± 63,-10 ± 33,18 ± 31,-5 ± 14,-21 ± 39,-0.0000072791 ± 0.0000000020,-0.0001688085 ± 0.0000000076,-0.0230000 ± 0.0000010,-70 ± 100,23.1907 ± 0.0053,-13 ± 63,-10 ± 33,18 ± 31,-5 ± 14,-21 ± 39,-0.0000072791 ± 0.0000000020,-0.0001688085 ± 0.0000000076,-0.0230000 ± 0.0000010,-70 ± 100,-100000 ± 190000,81100 ± 2500,220 ± 620,7480 ± 280,2800000 ± 5400000,329700 ± 6600,-52000 ± 93000,76600 ± 2500,110 ± 310,6780 ± 280,1400000 ± 2700000,315600 ± 6600,0.33 ± 0.89,3090 ± 510,-120000 ± 210000,81800 ± 2500,240 ± 690,7590 ± 280,420000 ± 800000,290900 ± 6600,0.33 ± 0.88,3080 ± 510,0.0000027 ± 0.0000019,19.5905 ± 0.0074,-2.26E-8 ± 0,-1.03E-9 ± 0,nan,nan
Baseline,,-,,,,,,,1218 ± 76,268 ± 36,341 ± 32,260 ± 13,659 ± 50,0 ± 0.0E+0,270 ± 540,1.9 ± 3.9,3020 ± 550,0 ± 0.0E+0,1.00E+0 ± 0,60 ± 76,-22 ± 36,-12 ± 32,2 ± 13,15 ± 50,-0.0000074250 ± 0.0000000018,270 ± 540,1.9 ± 3.9,270 ± 550,-36000000 ± 72000000,60 ± 76,-22 ± 36,-12 ± 32,2 ± 13,15 ± 50,-0.0000074250 ± 0.0000000018,270 ± 540,1.9 ± 3.9,270 ± 550,70000 ± 190000,81100 ± 5700,-100 ± 570,6970 ± 550,-2000000 ± 6700000,328000 ± 7700,34000 ± 94000,76800 ± 5400,-50 ± 280,6290 ± 520,-1000000 ± 3300000,314000 ± 7700,-0.35 ± 0.41,2880 ± 520,80000 ± 210000,81800 ± 5700,-110 ± 620,7060 ± 560,-290000 ± 980000,289300 ± 7700,-0.35 ± 0.40,2870 ± 520,-27 ± 53,-30000000 ± 60000000,0.036 ± 0.072,-1.08E-9 ± 0,nan,nan
Baseline,,-,,,,,,,1197 ± 69,287 ± 30,363 ± 25,263 ± 13,658 ± 50,0 ± 0.0E+0,0 ± 0.0E+0,0 ± 0.0E+0,2770 ± 100,0 ± 0.0E+0,1.00E+0 ± 0,37 ± 69,-4 ± 30,8 ± 25,4 ± 13,9 ± 50,-0.0000075669 ± 0.0000000019,-0.0001699138 ± 0.0000000072,-0.02314648 ± 0.00000096,10 ± 100,22.4548 ± 0.0046,37 ± 69,-4 ± 30,8 ± 25,4 ± 13,9 ± 50,-0.0000075669 ± 0.0000000019,-0.0001699138 ± 0.0000000072,-0.02314648 ± 0.00000096,10 ± 100,-50000 ± 150000,81400 ± 2300,-160 ± 560,7300 ± 290,-1200000 ± 6600000,332900 ± 5800,-23000 ± 73000,76900 ± 2300,-80 ± 280,6600 ± 290,-600000 ± 3300000,318900 ± 5800,-0.01 ± 0.39,2870 ± 610,-50000 ± 160000,82000 ± 2300,-180 ± 610,7390 ± 290,-170000 ± 970000,294200 ± 5800,-0.01 ± 0.38,2860 ± 610,0.0000007 ± 0.0000014,18.4895 ± 0.0073,-2.26E-8 ± 0,-1.12E-9 ± 0,nan,nan
Baseline,,-,,,,,,,1177 ± 62,293 ± 31,315 ± 19,251 ± 13,643 ± 46,0 ± 0.0E+0,210 ± 420,1.5 ± 3.1,2890 ± 430,0 ± 0.0E+0,1.00E+0 ± 0,15 ± 62,2 ± 31,-43 ± 19,-11 ± 12,-12 ± 46,-0.0000077097 ± 0.0000000020,210 ± 420,1.5 ± 3.1,120 ± 430,-27000000 ± 55000000,15 ± 62,2 ± 31,-43 ± 19,-11 ± 12,-12 ± 46,-0.0000077097 ± 0.0000000020,210 ± 420,1.5 ± 3.1,120 ± 430,250000 ± 110000,81200 ± 3200,460 ± 540,7390 ± 440,1500000 ± 6000000,337100 ± 4800,124000 ± 57000,76800 ± 3000,230 ± 270,6710 ± 410,800000 ± 3000000,323100 ± 4800,-0.02 ± 0.35,3430 ± 650,270000 ± 130000,81800 ± 3200,500 ± 590,7480 ± 450,230000 ± 880000,298400 ± 4800,-0.02 ± 0.35,3420 ± 650,-4.2 ± 8.4,-22000000 ± 44000000,0.028 ± 0.056,-1.17E-9 ± 0,nan,nan
Baseline,,-,,,,,,,1118 ± 52,299 ± 31,349 ± 29,265 ± 14,628 ± 47,0 ± 0.0E+0,210 ± 410,1.5 ± 3.0,2870 ± 410,0 ± 0.0E+0,1.00E+0 ± 0,-45 ± 52,7 ± 31,-12 ± 29,1 ± 14,-31 ± 47,-0.0000078490 ± 0.0000000021,210 ± 410,1.5 ± 3.0,80 ± 410,-26000000 ± 52000000,-45 ± 52,7 ± 31,-12 ± 29,1 ± 14,-31 ± 47,-0.0000078490 ± 0.0000000021,210 ± 410,1.5 ± 3.0,80 ± 410,70000 ± 170000,80100 ± 3700,-110 ± 590,7090 ± 580,4000000 ± 5900000,337800 ± 4300,34000 ± 86000,75700 ± 3500,-50 ± 290,6450 ± 500,2000000 ± 3000000,323800 ± 4300,-0.09 ± 0.52,3180 ± 400,70000 ± 190000,80600 ± 3700,-120 ± 640,7150 ± 630,590000 ± 880000,299100 ± 4300,-0.09 ± 0.51,3230 ± 400,-11 ± 22,-21000000 ± 42000000,0.027 ± 0.054,-1.21E-9 ± 0,nan,nan
Baseline,,-,,,,,,,1137 ± 74,278 ± 26,338 ± 29,270 ± 19,686 ± 49,0 ± 0.0E+0,480 ± 670,3.5 ± 4.9,3190 ± 690,0 ± 0.0E+0,1.00E+0 ± 0,-27 ± 74,-14 ± 26,-26 ± 29,4 ± 19,21 ± 49,-0.0000079829 ± 0.0000000019,480 ± 670,3.5 ± 4.9,400 ± 690,-60000000 ± 84000000,-27 ± 74,-14 ± 26,-26 ± 29,4 ± 19,21 ± 49,-0.0000079829 ± 0.0000000019,480 ± 670,3.5 ± 4.9,400 ± 690,150000 ± 160000,79500 ± 5600,-110 ± 790,6940 ± 690,-2600000 ± 6100000,334300 ± 5500,73000 ± 81000,75300 ± 5400,-60 ± 400,6270 ± 650,-1300000 ± 3100000,320300 ± 5500,-0.23 ± 0.44,2800 ± 580,160000 ± 180000,80100 ± 5700,-120 ± 860,7020 ± 690,-390000 ± 910000,295600 ± 5500,-0.23 ± 0.44,2790 ± 580,0.6 ± 3.9,-47000000 ± 66000000,0.063 ± 0.088,-1.26E-9 ± 0,nan,nan
Baseline,,-,,,,,,,1123 ± 60,278 ± 27,352 ± 28,259 ± 14,661 ± 50,210 ± 410,410 ± 580,3.0 ± 4.2,3290 ± 720,0 ± 0.0E+0,1.00E+0 ± 0,-43 ± 60,-15 ± 27,-15 ± 28,-9 ± 14,-9 ± 50,210 ± 410,410 ± 580,3.0 ± 4.2,480 ± 720,-51000000 ± 71000000,-43 ± 60,-15 ± 27,-15 ± 28,-9 ± 14,-9 ± 50,210 ± 410,410 ± 580,3.0 ± 4.2,480 ± 720,90000 ± 160000,80100 ± 5500,350 ± 580,7150 ± 530,1300000 ± 6200000,331000 ± 17000,43000 ± 82000,75900 ± 5300,170 ± 290,6490 ± 480,600000 ± 3100000,317000 ± 16000,0.04 ± 0.53,3550 ± 220,90000 ± 180000,80600 ± 5600,380 ± 620,7230 ± 530,190000 ± 910000,293000 ± 15000,0.04 ± 0.53,3540 ± 220,46 ± 65,-39000000 ± 55000000,0.053 ± 0.075,0.033 ± 0.066,nan,nan
Baseline,,-,,,,,,,1128 ± 63,272 ± 28,382 ± 27,273 ± 14,722 ± 47,0 ± 0.0E+0,0 ± 0.0E+0,0 ± 0.0E+0,2777 ± 82,0 ± 0.0E+0,1.00E+0 ± 0,-40 ± 63,-22 ± 28,12 ± 27,3 ± 14,47 ± 47,-0.0000082687 ± 0.0000000020,-0.0001726092 ± 0.0000000075,-0.02350364 ± 0.00000099,-46 ± 82,20.8750 ± 0.0040,-40 ± 63,-22 ± 28,12 ± 27,3 ± 14,47 ± 47,-0.0000082687 ± 0.0000000020,-0.0001726092 ± 0.0000000075,-0.02350364 ± 0.00000099,-46 ± 82,-70000 ± 160000,84200 ± 1500,-140 ± 610,7500 ± 290,-5700000 ± 5700000,334100 ± 5300,-36000 ± 79000,79700 ± 1500,-70 ± 310,6790 ± 280,-2800000 ± 2900000,320100 ± 5300,0.3 ± 1.3,2830 ± 540,-80000 ± 170000,84700 ± 1500,-150 ± 660,7570 ± 290,-840000 ± 850000,295400 ± 5300,0.3 ± 1.3,2820 ± 540,-0.0000053 ± 0.0000027,15.7835 ± 0.0072,-2.22E-8 ± 0,-1.35E-9 ± 0,nan,nan
Baseline,,-,,,,,,,1280 ± 250,320 ± 130,420 ± 130,271 ± 33,800 ± 220,0 ± 0.0E+0,5300 ± 6700,38 ± 48,8400 ± 6500,0 ± 0.0E+0,1.00E+0 ± 0,110 ± 250,30 ± 130,50 ± 130,0 ± 33,130 ± 220,-8.29E-6 ± 0,5300 ± 6700,38 ± 48,5600 ± 6500,-640000000 ± 810000000,110 ± 250,30 ± 130,50 ± 130,0 ± 33,130 ± 220,-8.29E-6 ± 0,5300 ± 6700,38 ± 48,5600 ± 6500,-380000 ± 680000,29000 ± 58000,500 ± 1100,4300 ± 3400,-15000000 ± 27000000,324000 ± 16000,-190000 ± 340000,27000 ± 55000,240 ± 530,3900 ± 3100,-8000000 ± 13000000,310000 ± 16000,0.19 ± 0.45,3000 ± 2300,-410000 ± 740000,29000 ± 58000,500 ± 1100,4400 ± 3400,-2200000 ± 4000000,285000 ± 16000,0.19 ± 0.44,3000 ± 2300,50 ± 150,-480000000 ± 610000000,0.68 ± 0.86,-1.36E-9 ± 0,nan,nan
Baseline,,-,,,,,,,1188 ± 56,318 ± 31,397 ± 55,267 ± 13,657 ± 43,0 ± 0.0E+0,180 ± 360,1.3 ± 2.6,3010 ± 370,0 ± 0.0E+0,1.00E+0 ± 0,19 ± 56,24 ± 31,25 ± 55,-5 ± 13,-23 ± 43,-0.0000084078 ± 0.0000000022,180 ± 360,1.3 ± 2.6,170 ± 370,-21000000 ± 43000000,19 ± 56,24 ± 31,25 ± 55,-5 ± 13,-23 ± 43,-0.0000084078 ± 0.0000000022,180 ± 360,1.3 ± 2.6,170 ± 370,-140000 ± 320000,82300 ± 3900,210 ± 550,7350 ± 410,2800000 ± 5200000,339400 ± 3400,-70000 ± 160000,77900 ± 3700,110 ± 270,6660 ± 380,1400000 ± 2600000,325400 ± 3400,-1.3 ± 1.5,3070 ± 380,-150000 ± 340000,82700 ± 3900,230 ± 590,7410 ± 410,410000 ± 760000,300700 ± 3400,-1.3 ± 1.5,3060 ± 380,1.7 ± 3.5,-16000000 ± 32000000,0.023 ± 0.046,-1.40E-9 ± 0,nan,nan
Baseline,,-,,,,,,,1183 ± 71,285 ± 30,457 ± 54,287 ± 15,677 ± 55,0 ± 0.0E+0,210 ± 430,1.6 ± 3.1,3110 ± 440,0 ± 0.0E+0,1.00E+0 ± 0,13 ± 71,-10 ± 30,82 ± 54,13 ± 15,-8 ± 55,-0.0000085541 ± 0.0000000020,210 ± 430,1.5 ± 3.1,260 ± 440,-25000000 ± 50000000,13 ± 71,-10 ± 30,82 ± 54,13 ± 15,-8 ± 55,-0.0000085541 ± 0.0000000020,210 ± 430,1.5 ± 3.1,260 ± 440,-480000 ± 310000,80100 ± 6300,-560 ± 640,7200 ± 510,1000000 ± 6400000,335900 ± 4500,-240000 ± 150000,75800 ± 6000,-280 ± 320,6520 ± 470,500000 ± 3200000,321900 ± 4500,13 ± 37,3040 ± 440,-520000 ± 330000,80600 ± 6300,-600 ± 680,7260 ± 520,140000 ± 950000,297200 ± 4500,13 ± 36,3030 ± 440,-1.3 ± 2.6,-18000000 ± 36000000,0.027 ± 0.054,-1.45E-9 ± 0,nan,nan
Baseline,,-,,,,,,,1152 ± 69,309 ± 35,410 ± 40,279 ± 14,657 ± 44,230 ± 450,0 ± 0.0E+0,0 ± 0.0E+0,3030 ± 460,0 ± 0.0E+0,1.00E+0 ± 0,-20 ± 69,13 ± 35,32 ± 40,2 ± 14,-34 ± 44,230 ± 450,-0.0001742433 ± 0.0000000075,-0.0237202 ± 0.0000010,170 ± 460,19.76 ± 0.57,-20 ± 69,13 ± 35,32 ± 40,2 ± 14,-34 ± 44,230 ± 450,-0.0001742433 ± 0.0000000075,-0.0237202 ± 0.0000010,170 ± 460,-190000 ± 230000,80600 ± 3000,-100 ± 580,7290 ± 390,3900000 ± 5100000,312000 ± 16000,-90000 ± 110000,76100 ± 3000,-50 ± 290,6590 ± 390,1900000 ± 2500000,299000 ± 16000,-0.7 ± 1.3,3560 ± 450,-200000 ± 240000,81000 ± 3000,-100 ± 620,7350 ± 390,570000 ± 750000,274000 ± 15000,-0.7 ± 1.2,3550 ± 460,0.0000052 ± 0.0000040,14.07 ± 0.41,-2.16E-8 ± 0,0.039 ± 0.078,nan,nan
Baseline,,-,,,,,,,1183 ± 58,293 ± 32,368 ± 25,263 ± 12,743 ± 48,0 ± 0.0E+0,180 ± 360,1.3 ± 2.6,3030 ± 370,0 ± 0.0E+0,1.00E+0 ± 0,9 ± 58,-4 ± 32,-12 ± 25,-16 ± 12,47 ± 48,-0.0000088356 ± 0.0000000022,180 ± 360,1.3 ± 2.6,160 ± 370,-20000000 ± 41000000,9 ± 58,-4 ± 32,-12 ± 25,-16 ± 12,47 ± 48,-0.0000088356 ± 0.0000000022,180 ± 360,1.3 ± 2.6,160 ± 370,70000 ± 140000,79600 ± 3900,710 ± 500,7000 ± 390,-5300000 ± 5400000,316600 ± 8900,36000 ± 71000,75200 ± 3700,350 ± 250,6310 ± 380,-2700000 ± 2700000,302600 ± 8900,0.1 ± 1.1,3230 ± 550,80000 ± 150000,80000 ± 3900,750 ± 520,7060 ± 390,-780000 ± 800000,277900 ± 8900,0.1 ± 1.1,3220 ± 550,7 ± 13,-14000000 ± 28000000,0.022 ± 0.044,-1.54E-9 ± 0,nan,nan
Baseline,,-,,,,,,,1195 ± 62,297 ± 30,381 ± 24,276 ± 13,698 ± 48,0 ± 0.0E+0,580 ± 660,4.2 ± 4.8,3430 ± 680,0 ± 0.0E+0,1.00E+0 ± 0,20 ± 62,0 ± 30,-2 ± 24,-4 ± 13,-3 ± 48,-0.0000089769 ± 0.0000000021,580 ± 660,4.2 ± 4.8,550 ± 680,-65000000 ± 74000000,20 ± 62,0 ± 30,-2 ± 24,-4 ± 13,-3 ± 48,-0.0000089769 ± 0.0000000021,580 ± 660,4.2 ± 4.8,550 ± 680,10000 ± 130000,75400 ± 7300,180 ± 540,6800 ± 590,300000 ± 5400000,327200 ± 6800,6000 ± 66000,71300 ± 6900,90 ± 270,6140 ± 550,200000 ± 2700000,313200 ± 6800,0.25 ± 0.67,2920 ± 540,10000 ± 140000,75800 ± 7300,190 ± 570,6850 ± 600,50000 ± 800000,288500 ± 6800,0.25 ± 0.66,2910 ± 540,-22 ± 45,-44000000 ± 50000000,0.070 ± 0.080,-1.59E-9 ± 0,nan,nan
Baseline,,-,,,,,,,1162 ± 56,290 ± 31,404 ± 51,277 ± 13,656 ± 41,190 ± 390,0 ± 0.0E+0,0 ± 0.0E+0,2980 ± 410,0 ± 0.0E+0,1.00E+0 ± 0,-14 ± 56,-7 ± 31,18 ± 51,-5 ± 13,-50 ± 41,190 ± 390,-0.0001758548 ± 0.0000000082,-0.0239338 ± 0.0000011,80 ± 410,19.06 ± 0.47,-14 ± 56,-7 ± 31,18 ± 51,-5 ± 13,-50 ± 41,190 ± 390,-0.0001758548 ± 0.0000000082,-0.0239338 ± 0.0000011,80 ± 410,-100000 ± 290000,82900 ± 1600,230 ± 540,7380 ± 290,5500000 ± 4500000,324000 ± 15000,-50000 ± 140000,78400 ± 1600,110 ± 270,6680 ± 290,2800000 ± 2300000,310000 ± 14000,-0.07 ± 0.33,3120 ± 410,-110000 ± 300000,83200 ± 1600,240 ± 570,7430 ± 290,820000 ± 660000,286000 ± 13000,-0.07 ± 0.33,3180 ± 410,0.0000001 ± 0.0000011,12.78 ± 0.32,-2.10E-8 ± 0,0.035 ± 0.069,nan,nan
Baseline,,-,,,,,,,1138 ± 66,321 ± 29,397 ± 35,287 ± 15,712 ± 53,0 ± 0.0E+0,220 ± 450,1.6 ± 3.2,3080 ± 440,0 ± 0.0E+0,1.00E+0 ± 0,-40 ± 66,23 ± 29,8 ± 35,3 ± 15,1 ± 53,-0.0000092611 ± 0.0000000020,220 ± 450,1.6 ± 3.2,170 ± 440,-24000000 ± 48000000,-40 ± 66,23 ± 29,8 ± 35,3 ± 15,1 ± 53,-0.0000092611 ± 0.0000000020,220 ± 450,1.6 ± 3.2,170 ± 440,-50000 ± 200000,81600 ± 4600,-160 ± 630,7170 ± 560,-100000 ± 5700000,325100 ± 7500,-25000 ± 99000,77300 ± 4400,-80 ± 320,6510 ± 480,0 ± 2800000,311100 ± 7500,0.60 ± 0.42,3010 ± 670,-50000 ± 210000,81900 ± 4700,-160 ± 660,7200 ± 570,-10000 ± 840000,286400 ± 7500,0.59 ± 0.42,3170 ± 610,-15 ± 30,-16000000 ± 32000000,0.026 ± 0.052,-1.68E-9 ± 0,nan,nan
Baseline,,-,,,,,,,1143 ± 76,333 ± 48,427 ± 52,296 ± 18,691 ± 59,0 ± 0.0E+0,0 ± 0.0E+0,0 ± 0.0E+0,2890 ± 110,0 ± 0.0E+0,1.00E+0 ± 0,-36 ± 76,34 ± 48,35 ± 52,9 ± 18,-26 ± 59,-0.0000094055 ± 0.0000000018,-0.0001769747 ± 0.0000000068,-0.02408218 ± 0.00000090,-40 ± 110,18.8161 ± 0.0028,-36 ± 76,34 ± 48,35 ± 52,9 ± 18,-26 ± 59,-0.0000094055 ± 0.0000000018,-0.0001769747 ± 0.0000000068,-0.02408218 ± 0.00000090,-40 ± 110,-200000 ± 300000,81600 ± 2100,-380 ± 760,7540 ± 300,2800000 ± 6300000,332400 ± 6800,-100000 ± 150000,77100 ± 2100,-190 ± 380,6830 ± 300,1400000 ± 3100000,318400 ± 6800,0.43 ± 0.49,2840 ± 800,-210000 ± 310000,81900 ± 2100,-390 ± 790,7570 ± 300,410000 ± 920000,293700 ± 6800,0.43 ± 0.48,2820 ± 800,0.0000008 ± 0.0000015,12.1050 ± 0.0048,-2.05E-8 ± 0,-1.73E-9 ± 0,nan,nan
Baseline,,-,,,,,,,1182 ± 61,291 ± 35,460 ± 31,306 ± 16,770 ± 49,0 ± 0.0E+0,210 ± 420,1.5 ± 3.0,3220 ± 440,0 ± 0.0E+0,1.00E+0 ± 0,1 ± 61,-8 ± 35,66 ± 31,18 ± 16,48 ± 49,-0.0000095371 ± 0.0000000020,210 ± 420,1.5 ± 3.0,280 ± 440,-22000000 ± 44000000,1 ± 61,-8 ± 35,66 ± 31,18 ± 16,48 ± 49,-0.0000095371 ± 0.0000000020,210 ± 420,1.5 ± 3.0,280 ± 440,-370000 ± 170000,78100 ± 8100,-710 ± 650,6450 ± 650,-5000000 ± 5100000,330200 ± 5400,-187000 ± 86000,73900 ± 7700,-350 ± 320,5770 ± 630,-2500000 ± 2500000,316200 ± 5400,0.30 ± 0.53,3070 ± 490,-390000 ± 180000,78400 ± 8100,-730 ± 670,6480 ± 650,-740000 ± 750000,291500 ± 5400,0.29 ± 0.53,3060 ± 490,-3.9 ± 7.9,-14000000 ± 28000000,0.024 ± 0.048,-1.78E-9 ± 0,nan,nan
Baseline,,-,,,,,,,1213 ± 66,293 ± 32,418 ± 41,301 ± 15,850 ± 180,0 ± 0.0E+0,230 ± 460,1.7 ± 3.3,3310 ± 500,0 ± 0.0E+0,1.00E+0 ± 0,31 ± 66,-7 ± 32,21 ± 41,11 ± 15,120 ± 180,-0.0000096795 ± 0.0000000020,230 ± 460,1.6 ± 3.3,360 ± 500,-24000000 ± 47000000,31 ± 66,-7 ± 32,21 ± 41,11 ± 15,120 ± 180,-0.0000096795 ± 0.0000000020,230 ± 460,1.6 ± 3.3,360 ± 500,-130000 ± 230000,82200 ± 5300,-440 ± 630,6770 ± 610,-13000000 ± 18000000,324700 ± 5500,-60000 ± 110000,77900 ± 5000,-220 ± 320,6090 ± 580,-6400000 ± 9100000,310700 ± 5500,0.26 ± 0.47,2850 ± 670,-130000 ± 240000,82500 ± 5300,-460 ± 650,6800 ± 610,-1900000 ± 2700000,286000 ± 5500,0.26 ± 0.46,2840 ± 670,-2.6 ± 5.2,-15000000 ± 29000000,0.026 ± 0.052,-1.82E-9 ± 0,nan,nan
Baseline,,-,,,,,,,1179 ± 66,296 ± 34,384 ± 23,299 ± 13,771 ± 53,0 ± 0.0E+0,450 ± 640,3.3 ± 4.6,3380 ± 660,0 ± 0.0E+0,1.00E+0 ± 0,-5 ± 66,-5 ± 34,-16 ± 23,6 ± 13,39 ± 53,-0.0000098247 ± 0.0000000020,450 ± 640,3.3 ± 4.6,420 ± 660,-46000000 ± 65000000,-5 ± 66,-5 ± 34,-16 ± 23,6 ± 13,39 ± 53,-0.0000098247 ± 0.0000000020,450 ± 640,3.3 ± 4.6,420 ± 660,90000 ± 120000,78400 ± 5800,-240 ± 520,6690 ± 590,-4000000 ± 5400000,329300 ± 5200,47000 ± 60000,74100 ± 5500,-120 ± 260,6020 ± 540,-2000000 ± 2700000,315300 ± 5200,-0.02 ± 0.83,2790 ± 600,100000 ± 120000,78600 ± 5800,-250 ± 530,6710 ± 590,-590000 ± 800000,290600 ± 5200,-0.02 ± 0.82,2770 ± 600,-0.2 ± 3.1,-28000000 ± 39000000,0.050 ± 0.071,-1.87E-9 ± 0,nan,nan