Label,Comment,Components,Shape,Height,Width,Rep Rate,Speed,Angle,Hg202,Pb204,Pb206,Pb207,Pb208,Th232,U238,U235,TotalBeam,BeamSeconds,Mask,Hg202_CPS,Pb204_CPS,Pb206_CPS,Pb207_CPS,Pb208_CPS,Th232_CPS,U238_CPS,U235_CPS,TotalBeam_CPS,Raw U/Th,Hg202_CPS,Pb204_CPS,Pb206_CPS,Pb207_CPS,Pb208_CPS,Th232_CPS,U238_CPS,U235_CPS,TotalBeam_CPS,Pb206/U238,Pb206/U238 age,Pb207/U235,Pb207/U235 age,Pb208/Th232,Pb208/Th232 age,DC Pb206/U238,DC Pb206/U238 age,DC Pb207/U235,DC Pb207/U235 age,DC Pb208/Th232,DC Pb208/Th232 age,DC Pb207/Pb206,DC Pb207/Pb206 age,Final Pb206/U238,Final Pb206/U238 age,Final Pb207/U235,Final Pb207/U235 age,Final Pb208/Th232,Final Pb208/Th232 age,Final Pb207/Pb206,Final Pb207/Pb206 age,Final U238/Pb206,Final U/Th,Approx_U_PPM,Approx_Th_PPM,rho 206Pb/238U v 207Pb/235U,rho 207Pb/206Pb v 238U/206Pb,
,,-,,,,,,,1294 ± 53,302 ± 24,108300 ± 2600,6000 ± 140,3270 ± 110,70900 ± 5600,2559000 ± 86000,18560 ± 620,2767000 ± 91000,0 ± 0.0E+0,1.00E+0 ± 0,181 ± 53,31 ± 24,108000 ± 2600,5810 ± 140,2790 ± 110,70900 ± 5600,2559000 ± 86000,18560 ± 620,2765000 ± 91000,46.7 ± 5.6,181 ± 53,31 ± 24,108000 ± 2600,5810 ± 140,2790 ± 110,70900 ± 5600,2559000 ± 86000,18560 ± 620,2765000 ± 91000,0.04269 ± 0.00067,269.5 ± 4.2,0.3165 ± 0.0056,278.9 ± 4.3,0.0524 ± 0.0072,929 ± 99,0.02135 ± 0.00034,136.2 ± 2.1,0.1582 ± 0.0028,149.1 ± 2.5,0.0262 ± 0.0036,472 ± 51,0.05384 ± 0.00045,360 ± 19,0.05397 ± 0.00085,338.8 ± 5.2,0.3959 ± 0.0070,338.3 ± 5.1,0 ± 0.0E+0,0 ± 0.0E+0,0.05329 ± 0.00045,336 ± 19,18.64 ± 0.31,-1.8 ± 3.6,687 ± 23,67.0 ± 5.3,0.88465,0.028772,
,,-,,,,,,,1307 ± 47,317 ± 24,142600 ± 2500,7860 ± 150,4950 ± 120,120000 ± 8100,3298000 ± 93000,23920 ± 670,3616000 ± 94000,0 ± 0.0E+0,1.00E+0 ± 0,182 ± 47,40 ± 24,142300 ± 2500,7650 ± 150,4430 ± 120,120000 ± 8100,3298000 ± 93000,23920 ± 670,3614000 ± 94000,30.0 ± 2.1,182 ± 47,40 ± 24,142300 ± 2500,7650 ± 150,4430 ± 120,120000 ± 8100,3298000 ± 93000,23920 ± 670,3614000 ± 94000,0.04333 ± 0.00066,273.4 ± 4.1,0.3217 ± 0.0054,282.9 ± 4.1,0.0399 ± 0.0026,788 ± 51,0.02166 ± 0.00033,138.2 ± 2.1,0.1608 ± 0.0027,151.3 ± 2.4,0.0199 ± 0.0013,399 ± 26,0.05372 ± 0.00041,355 ± 18,0.05358 ± 0.00082,336.4 ± 5.0,0.3937 ± 0.0066,336.7 ± 4.8,0 ± 0.0E+0,0 ± 0.0E+0,0.05322 ± 0.00041,334 ± 18,18.82 ± 0.28,-0.010 ± 0.082,792 ± 22,91.0 ± 6.2,0.887362,0.129608,
,,-,,,,,,,1349 ± 52,346 ± 27,150100 ± 5500,8280 ± 300,5450 ± 240,146000 ± 10000,3350000 ± 160000,24300 ± 1100,3680000 ± 170000,0 ± 0.0E+0,1.00E+0 ± 0,197 ± 52,58 ± 27,149700 ± 5500,8030 ± 300,4830 ± 240,146000 ± 10000,3350000 ± 160000,24300 ± 1100,3680000 ± 170000,25.3 ± 1.8,197 ± 52,58 ± 27,149700 ± 5500,8030 ± 300,4830 ± 240,146000 ± 10000,3350000 ± 160000,24300 ± 1100,3680000 ± 170000,0.04544 ± 0.00078,286.4 ± 4.8,0.3366 ± 0.0063,294.2 ± 4.7,0.0366 ± 0.0026,725 ± 50,0.02272 ± 0.00039,144.8 ± 2.5,0.1683 ± 0.0031,157.8 ± 2.7,0.0183 ± 0.0013,366 ± 26,0.05362 ± 0.00046,350 ± 19,0.05311 ± 0.00092,333.5 ± 5.6,0.3900 ± 0.0073,333.9 ± 5.3,0 ± 0.0E+0,0 ± 0.0E+0,0.05320 ± 0.00045,333 ± 19,18.96 ± 0.32,-0.002 ± 0.014,760 ± 36,91.2 ± 6.3,0.903743,0.1185,
,,-,,,,,,,1291 ± 46,311 ± 20,148500 ± 5300,8210 ± 290,4550 ± 170,115100 ± 8100,3200000 ± 150000,23200 ± 1100,3500000 ± 160000,0 ± 0.0E+0,1.00E+0 ± 0,127 ± 46,19 ± 20,148100 ± 5300,7940 ± 290,3890 ± 170,115100 ± 8100,3200000 ± 150000,23200 ± 1100,3500000 ± 160000,31.3 ± 2.3,127 ± 46,19 ± 20,148100 ± 5300,7940 ± 290,3890 ± 170,115100 ± 8100,3200000 ± 150000,23200 ± 1100,3500000 ± 160000,0.04716 ± 0.00085,297.0 ± 5.2,0.3484 ± 0.0065,303.2 ± 4.9,0.0383 ± 0.0029,745 ± 52,0.02358 ± 0.00043,150.2 ± 2.7,0.1742 ± 0.0032,162.9 ± 2.8,0.0191 ± 0.0015,377 ± 27,0.05367 ± 0.00036,354 ± 15,0.05346 ± 0.00097,335.6 ± 5.9,0.3920 ± 0.0073,335.3 ± 5.3,0 ± 0.0E+0,0 ± 0.0E+0,0.05327 ± 0.00035,337 ± 15,18.87 ± 0.35,0.0013 ± 0.0055,750 ± 35,72.5 ± 5.1,0.926098,0.111392,
,,-,,,,,,,1354 ± 48,358 ± 24,133000 ± 8500,7420 ± 470,4250 ± 260,110700 ± 9700,2740000 ± 200000,19800 ± 1400,3010000 ± 220000,0 ± 0.0E+0,1.00E+0 ± 0,179 ± 48,61 ± 24,132600 ± 8500,7140 ± 460,3540 ± 260,110700 ± 9700,2740000 ± 200000,19800 ± 1400,3010000 ± 220000,-170000000 ± 340000000,179 ± 48,61 ± 24,132600 ± 8500,7140 ± 460,3540 ± 260,110700 ± 9700,2740000 ± 200000,19800 ± 1400,3010000 ± 220000,0.04963 ± 0.00094,312.1 ± 5.8,0.3663 ± 0.0070,316.5 ± 5.2,-90000 ± 170000,672 ± 52,0.02481 ± 0.00047,158.0 ± 2.9,0.1832 ± 0.0035,170.6 ± 3.0,-43000 ± 85000,339 ± 27,0.05366 ± 0.00043,357 ± 17,0.0545 ± 0.0010,341.9 ± 6.3,0.3995 ± 0.0077,340.7 ± 5.5,0 ± 0.0E+0,0 ± 0.0E+0,0.05327 ± 0.00043,343 ± 17,18.55 ± 0.35,300 ± 580,672 ± 49,71.5 ± 6.2,0.903413,0.18255,
,,-,,,,,,,1265 ± 53,322 ± 24,45050 ± 670,3574 ± 66,5370 ± 140,47700 ± 5200,316000 ± 17000,2290 ± 120,424000 ± 18000,0 ± 0.0E+0,1.00E+0 ± 0,155 ± 53,52 ± 24,44790 ± 670,3385 ± 66,4890 ± 140,47700 ± 5200,316000 ± 17000,2290 ± 120,422000 ± 18000,8.9 ± 1.2,155 ± 53,52 ± 24,44790 ± 670,3385 ± 66,4890 ± 140,47700 ± 5200,316000 ± 17000,2290 ± 120,422000 ± 18000,0.1533 ± 0.0081,915 ± 44,1.591 ± 0.087,953 ± 32,0.140 ± 0.018,2580 ± 310,0.0766 ± 0.0040,475 ± 24,0.796 ± 0.043,587 ± 24,0.0698 ± 0.0090,1340 ± 170,0.07513 ± 0.00096,1069 ± 27,0.195 ± 0.010,1144 ± 55,2.01 ± 0.11,1101 ± 35,0 ± 0.0E+0,0 ± 0.0E+0,0.07433 ± 0.00095,1048 ± 27,5.44 ± 0.25,-0.00247 ± 0.00033,89.1 ± 4.8,49.9 ± 5.4,0.962806,0.00292913,
,,-,,,,,,,1214 ± 45,300 ± 22,30070 ± 830,2474 ± 59,3810 ± 130,27900 ± 3400,169000 ± 11000,1222 ± 83,235000 ± 13000,0 ± 0.0E+0,1.00E+0 ± 0,103 ± 45,30 ± 22,29810 ± 830,2283 ± 59,3330 ± 130,27900 ± 3400,169000 ± 11000,1222 ± 83,233000 ± 13000,-4700000000 ± 2400000000,103 ± 45,30 ± 22,29810 ± 830,2283 ± 59,3330 ± 130,27900 ± 3400,169000 ± 11000,1222 ± 83,233000 ± 13000,0.194 ± 0.013,1128 ± 67,2.07 ± 0.16,1103 ± 44,-92000000 ± 45000000,2570 ± 230,0.0968 ± 0.0065,592 ± 37,1.037 ± 0.078,701 ± 34,-46000000 ± 22000000,1330 ± 120,0.0773 ± 0.0012,1115 ± 32,0.246 ± 0.016,1400 ± 80,2.61 ± 0.20,1261 ± 46,0 ± 0.0E+0,0 ± 0.0E+0,0.0765 ± 0.0012,1094 ± 32,4.47 ± 0.27,1870000 ± 990000,46.8 ± 3.2,28.1 ± 3.4,0.986694,-0.144737,
,,-,,,,,,,1332 ± 52,355 ± 27,7300 ± 170,529 ± 17,1150 ± 48,117700 ± 8600,1071000 ± 36000,7770 ± 260,1202000 ± 41000,0 ± 0.0E+0,1.00E+0 ± 0,219 ± 52,84 ± 27,7040 ± 170,336 ± 17,668 ± 48,117700 ± 8600,1071000 ± 36000,7770 ± 260,1200000 ± 41000,10.18 ± 0.71,219 ± 52,84 ± 27,7040 ± 170,336 ± 17,668 ± 48,117700 ± 8600,1071000 ± 36000,7770 ± 260,1200000 ± 41000,0.00669 ± 0.00017,43.0 ± 1.1,0.0443 ± 0.0021,43.9 ± 2.0,0.00655 ± 0.00066,132 ± 13,0.003343 ± 0.000084,21.51 ± 0.54,0.0221 ± 0.0010,22.2 ± 1.0,0.00328 ± 0.00033,66.1 ± 6.6,0.0484 ± 0.0023,510 ± 81,0.00847 ± 0.00021,54.4 ± 1.4,0.0555 ± 0.0026,54.8 ± 2.5,0 ± 0.0E+0,0 ± 0.0E+0,0.0479 ± 0.0023,494 ± 81,119.9 ± 3.1,-0.00858 ± 0.00062,292.3 ± 9.8,112.6 ± 7.9,0.206958,0.327,
,,-,,,,,,,1307 ± 57,339 ± 28,423000 ± 19000,38400 ± 1700,57500 ± 3000,346000 ± 26000,2150000 ± 120000,15580 ± 870,3030000 ± 170000,0 ± 0.0E+0,1.00E+0 ± 0,192 ± 57,67 ± 28,423000 ± 19000,38200 ± 1700,57000 ± 3000,346000 ± 26000,2150000 ± 120000,15580 ± 870,3030000 ± 170000,6.52 ± 0.31,192 ± 57,67 ± 28,423000 ± 19000,38200 ± 1700,57000 ± 3000,346000 ± 26000,2150000 ± 120000,15580 ± 870,3030000 ± 170000,0.2003 ± 0.0041,1180 ± 23,2.493 ± 0.052,1267 ± 15,0.1734 ± 0.0071,3220 ± 120,0.1001 ± 0.0021,617 ± 13,1.247 ± 0.026,820 ± 11,0.0867 ± 0.0035,1678 ± 66,0.09032 ± 0.00049,1430 ± 10,0.2524 ± 0.0052,1454 ± 28,3.110 ± 0.065,1435 ± 16,0 ± 0.0E+0,0 ± 0.0E+0,0.08940 ± 0.00049,1411 ± 10,3.980 ± 0.084,0.00526 ± 0.00029,567 ± 32,316 ± 24,0.972152,0.11327,
,,-,,,,,,,1269 ± 48,335 ± 23,130800 ± 6800,7480 ± 380,13290 ± 370,302000 ± 15000,2500000 ± 160000,18100 ± 1100,2970000 ± 170000,0 ± 0.0E+0,1.00E+0 ± 0,152 ± 48,62 ± 23,130500 ± 6800,7280 ± 380,12790 ± 370,302000 ± 15000,2500000 ± 160000,18100 ± 1100,2970000 ± 170000,8.28 ± 0.45,152 ± 48,62 ± 23,130500 ± 6800,7280 ± 380,12790 ± 370,302000 ± 15000,2500000 ± 160000,18100 ± 1100,2970000 ± 170000,0.05368 ± 0.00097,337.8 ± 6.2,0.4133 ± 0.0082,350.6 ± 5.8,0.0433 ± 0.0019,856 ± 36,0.02684 ± 0.00049,171.2 ± 3.2,0.2066 ± 0.0041,190.5 ± 3.4,0.02167 ± 0.00094,433 ± 19,0.05580 ± 0.00049,439 ± 19,0.0677 ± 0.0013,422.0 ± 7.7,0.514 ± 0.010,420.5 ± 6.8,0 ± 0.0E+0,0 ± 0.0E+0,0.05524 ± 0.00048,417 ± 19,14.93 ± 0.28,0.00365 ± 0.00019,649 ± 40,268 ± 13,0.920225,0.00290958,
,,-,,,,,,,1293 ± 45,353 ± 26,811000 ± 24000,134300 ± 3900,241400 ± 7200,892000 ± 36000,2158000 ± 80000,15650 ± 580,4270000 ± 140000,0 ± 0.0E+0,1.00E+0 ± 0,174 ± 45,80 ± 26,811000 ± 24000,134100 ± 3900,240900 ± 7200,892000 ± 36000,2158000 ± 80000,15650 ± 580,4270000 ± 140000,2.438 ± 0.065,174 ± 45,80 ± 26,811000 ± 24000,134100 ± 3900,240900 ± 7200,892000 ± 36000,2158000 ± 80000,15650 ± 580,4270000 ± 140000,0.3792 ± 0.0065,2070 ± 30,8.65 ± 0.15,2298 ± 15,0.2720 ± 0.0061,4856 ± 96,0.1896 ± 0.0033,1118 ± 18,4.327 ± 0.074,1695 ± 14,0.1360 ± 0.0030,2575 ± 54,0.16557 ± 0.00056,2512.2 ± 5.6,0.4755 ± 0.0082,2504 ± 36,10.74 ± 0.18,2497 ± 16,0 ± 0.0E+0,0 ± 0.0E+0,0.16393 ± 0.00055,2495.4 ± 5.6,2.119 ± 0.034,0.000776 ± 0.000021,553 ± 20,768 ± 31,0.980808,0.154816,
,,-,,,,,,,1267 ± 45,313 ± 22,422000 ± 24000,127200 ± 7200,70100 ± 3900,178000 ± 13000,749000 ± 49000,5440 ± 350,1554000 ± 93000,0 ± 0.0E+0,1.00E+0 ± 0,147 ± 45,39 ± 22,422000 ± 24000,127000 ± 7200,69600 ± 3900,178000 ± 13000,749000 ± 49000,5440 ± 350,1552000 ± 93000,-60000000 ± 110000000,147 ± 45,39 ± 22,422000 ± 24000,127000 ± 7200,69600 ± 3900,178000 ± 13000,749000 ± 49000,5440 ± 350,1552000 ± 93000,0.577 ± 0.015,2927 ± 62,24.00 ± 0.65,3261 ± 24,-10000000 ± 19000000,6890 ± 300,0.2887 ± 0.0077,1631 ± 38,12.00 ± 0.32,2597 ± 23,-4800000 ± 9400000,3760 ± 180,0.3013 ± 0.0011,3475.9 ± 5.5,0.722 ± 0.019,3489 ± 71,29.71 ± 0.80,3469 ± 24,0 ± 0.0E+0,0 ± 0.0E+0,0.2984 ± 0.0011,3460.7 ± 5.5,1.413 ± 0.034,-16000 ± 32000,189 ± 12,149 ± 11,0.992841,-0.0486443,
,,-,,,,,,,1302 ± 50,300 ± 22,43420 ± 800,3446 ± 74,5080 ± 120,46200 ± 4600,292000 ± 15000,2120 ± 110,394000 ± 18000,0 ± 0.0E+0,1.00E+0 ± 0,181 ± 50,26 ± 22,43140 ± 800,3241 ± 74,4560 ± 120,46200 ± 4600,292000 ± 15000,2120 ± 110,391000 ± 18000,-290000000 ± 570000000,181 ± 50,26 ± 22,43140 ± 800,3241 ± 74,4560 ± 120,46200 ± 4600,292000 ± 15000,2120 ± 110,391000 ± 18000,0.1558 ± 0.0070,930 ± 38,1.627 ± 0.076,967 ± 28,-4100000 ± 8000000,2290 ± 220,0.0779 ± 0.0035,482 ± 21,0.813 ± 0.038,597 ± 21,-2000000 ± 4000000,1190 ± 120,0.07561 ± 0.00097,1077 ± 26,0.1943 ± 0.0087,1139 ± 46,2.008 ± 0.094,1102 ± 31,0 ± 0.0E+0,0 ± 0.0E+0,0.07488 ± 0.00096,1057 ± 26,5.38 ± 0.22,-80000 ± 150000,72.8 ± 3.8,37.7 ± 3.8,0.970601,-0.0916323,
,,-,,,,,,,1305 ± 51,337 ± 26,55900 ± 1300,4390 ± 110,6560 ± 170,54100 ± 5300,377000 ± 19000,2730 ± 140,499000 ± 22000,0 ± 0.0E+0,1.00E+0 ± 0,183 ± 51,62 ± 26,55600 ± 1300,4180 ± 110,6050 ± 170,54100 ± 5300,377000 ± 19000,2730 ± 140,496000 ± 22000,8.9 ± 1.0,183 ± 51,62 ± 26,55600 ± 1300,4180 ± 110,6050 ± 170,54100 ± 5300,377000 ± 19000,2730 ± 140,496000 ± 22000,0.1517 ± 0.0056,908 ± 31,1.601 ± 0.067,961 ± 25,0.145 ± 0.017,2580 ± 260,0.0758 ± 0.0028,471 ± 17,0.801 ± 0.033,592 ± 18,0.0724 ± 0.0083,1350 ± 140,0.07555 ± 0.00080,1080 ± 21,0.1886 ± 0.0070,1110 ± 37,1.971 ± 0.082,1094 ± 26,0 ± 0.0E+0,0 ± 0.0E+0,0.07483 ± 0.00079,1061 ± 21,5.41 ± 0.20,0.00276 ± 0.00032,92.6 ± 4.7,42.9 ± 4.2,0.973831,0.0190502,
,,-,,,,,,,1306 ± 51,310 ± 24,4310 ± 200,387 ± 17,888 ± 44,73800 ± 6400,597000 ± 39000,4330 ± 280,683000 ± 42000,0 ± 0.0E+0,1.00E+0 ± 0,182 ± 51,34 ± 24,4030 ± 200,178 ± 17,365 ± 44,73800 ± 6400,597000 ± 39000,4330 ± 280,681000 ± 42000,9.9 ± 1.3,182 ± 51,34 ± 24,4030 ± 200,178 ± 17,365 ± 44,73800 ± 6400,597000 ± 39000,4330 ± 280,681000 ± 42000,0.00707 ± 0.00031,45.4 ± 2.0,0.0421 ± 0.0037,41.7 ± 3.6,0.0064 ± 0.0013,121 ± 21,0.00354 ± 0.00015,22.76 ± 0.99,0.0210 ± 0.0019,21.1 ± 1.8,0.00321 ± 0.00065,61 ± 11,0.0439 ± 0.0037,570 ± 110,0.00877 ± 0.00038,56.3 ± 2.4,0.0516 ± 0.0046,50.8 ± 4.4,0 ± 0.0E+0,0 ± 0.0E+0,0.0435 ± 0.0036,560 ± 110,119.0 ± 4.9,0.00512 ± 0.00071,144.9 ± 9.4,57.2 ± 4.9,0.493749,-0.0231481,
,,-,,,,,,,1273 ± 53,327 ± 28,280300 ± 7200,25810 ± 720,19750 ± 770,124800 ± 9400,1413000 ± 57000,10240 ± 420,1878000 ± 71000,0 ± 0.0E+0,1.00E+0 ± 0,146 ± 53,50 ± 28,280000 ± 7200,25600 ± 720,19220 ± 770,124800 ± 9400,1413000 ± 57000,10240 ± 420,1875000 ± 71000,13.2 ± 1.1,146 ± 53,50 ± 28,280000 ± 7200,25600 ± 720,19220 ± 770,124800 ± 9400,1413000 ± 57000,10240 ± 420,1875000 ± 71000,0.2030 ± 0.0041,1190 ± 22,2.545 ± 0.052,1281 ± 15,0.176 ± 0.013,3240 ± 220,0.1015 ± 0.0020,623 ± 12,1.272 ± 0.026,831 ± 11,0.0881 ± 0.0066,1700 ± 120,0.09096 ± 0.00050,1444 ± 10,0.2503 ± 0.0050,1438 ± 26,3.106 ± 0.064,1430 ± 15,0 ± 0.0E+0,0 ± 0.0E+0,0.09012 ± 0.00050,1426 ± 11,4.028 ± 0.082,-0.00471 ± 0.00043,336 ± 14,92.7 ± 6.9,0.967857,0.036851,
,,-,,,,,,,1295 ± 49,308 ± 22,64500 ± 1900,3740 ± 110,11340 ± 280,247000 ± 12000,1199000 ± 59000,8700 ± 420,1535000 ± 62000,0 ± 0.0E+0,1.00E+0 ± 0,166 ± 49,30 ± 22,64200 ± 1900,3520 ± 110,10800 ± 280,247000 ± 12000,1199000 ± 59000,8700 ± 420,1532000 ± 62000,5.20 ± 0.38,166 ± 49,30 ± 22,64200 ± 1900,3520 ± 110,10800 ± 280,247000 ± 12000,1199000 ± 59000,8700 ± 420,1532000 ± 62000,0.0542 ± 0.0013,340.3 ± 7.9,0.412 ± 0.010,350.5 ± 7.6,0.0458 ± 0.0022,903 ± 42,0.02712 ± 0.00064,172.4 ± 4.0,0.2061 ± 0.0052,190.6 ± 4.5,0.0229 ± 0.0011,457 ± 21,0.05514 ± 0.00065,413 ± 26,0.0667 ± 0.0016,415.9 ± 9.6,0.502 ± 0.013,412.8 ± 8.7,0 ± 0.0E+0,0 ± 0.0E+0,0.05464 ± 0.00064,395 ± 26,15.19 ± 0.38,-0.000808 ± 0.000053,283 ± 14,180.0 ± 9.0,0.902137,0.175279,
,,-,,,,,,,1320 ± 56,317 ± 22,70800 ± 4100,4160 ± 240,10880 ± 540,219000 ± 13000,1292000 ± 89000,9370 ± 650,1610000 ± 100000,0 ± 0.0E+0,1.00E+0 ± 0,176 ± 56,33 ± 22,70500 ± 4100,3920 ± 240,10290 ± 540,219000 ± 13000,1292000 ± 89000,9370 ± 650,1610000 ± 100000,6.02 ± 0.39,176 ± 56,33 ± 22,70500 ± 4100,3920 ± 240,10290 ± 540,219000 ± 13000,1292000 ± 89000,9370 ± 650,1610000 ± 100000,0.0559 ± 0.0012,351.8 ± 7.7,0.427 ± 0.010,361.6 ± 7.4,0.0490 ± 0.0026,965 ± 50,0.02796 ± 0.00061,177.8 ± 3.8,0.2137 ± 0.0050,196.4 ± 4.2,0.0245 ± 0.0013,489 ± 26,0.05542 ± 0.00063,426 ± 25,0.0667 ± 0.0015,417.6 ± 9.1,0.505 ± 0.012,415.4 ± 8.3,0 ± 0.0E+0,0 ± 0.0E+0,0.05497 ± 0.00062,411 ± 24,15.13 ± 0.35,-0.000159 ± 0.000010,292 ± 20,140.9 ± 8.4,0.878802,0.0569226,
,,-,,,,,,,1295 ± 45,337 ± 24,344000 ± 19000,57100 ± 3200,75300 ± 4400,275000 ± 19000,903000 ± 62000,6550 ± 450,1660000 ± 100000,0 ± 0.0E+0,1.00E+0 ± 0,150 ± 45,53 ± 24,344000 ± 19000,56900 ± 3200,74700 ± 4400,275000 ± 19000,903000 ± 62000,6550 ± 450,1660000 ± 100000,-70000000 ± 100000000,150 ± 45,53 ± 24,344000 ± 19000,56900 ± 3200,74700 ± 4400,275000 ± 19000,903000 ± 62000,6550 ± 450,1660000 ± 100000,0.401 ± 0.011,2167 ± 50,9.14 ± 0.26,2336 ± 23,0.291 ± 0.016,4990 ± 200,0.2007 ± 0.0056,1176 ± 30,4.57 ± 0.13,1730 ± 21,0.1454 ± 0.0081,2660 ± 110,0.16550 ± 0.00064,2511.3 ± 6.5,0.477 ± 0.013,2506 ± 57,10.77 ± 0.30,2487 ± 24,0 ± 0.0E+0,0 ± 0.0E+0,0.16415 ± 0.00063,2497.6 ± 6.5,2.152 ± 0.054,1800 ± 2800,204 ± 14,176 ± 12,0.990967,0.0526743,
,,-,,,,,,,1300 ± 42,345 ± 25,344000 ± 21000,103400 ± 6400,81300 ± 5900,227000 ± 20000,589000 ± 38000,4270 ± 270,1350000 ± 86000,0 ± 0.0E+0,1.00E+0 ± 0,154 ± 42,60 ± 25,344000 ± 21000,103200 ± 6400,80700 ± 5900,227000 ± 20000,589000 ± 38000,4270 ± 270,1348000 ± 86000,3.37 ± 0.43,154 ± 42,60 ± 25,344000 ± 21000,103200 ± 6400,80700 ± 5900,227000 ± 20000,589000 ± 38000,4270 ± 270,1348000 ± 86000,0.607 ± 0.024,2988 ± 73,25.15 ± 0.98,3275 ± 30,0.411 ± 0.030,6620 ± 300,0.303 ± 0.012,1669 ± 45,12.57 ± 0.49,2611 ± 29,0.205 ± 0.015,3600 ± 170,0.3000 ± 0.0011,3468.8 ± 5.7,0.719 ± 0.028,3415 ± 81,29.5 ± 1.2,3432 ± 31,0 ± 0.0E+0,0 ± 0.0E+0,0.2975 ± 0.0011,3456.3 ± 5.7,1.451 ± 0.046,-0.000101 ± 0.000013,132.9 ± 8.5,144 ± 13,1,0.0119132,
,,-,,,,,,,1319 ± 60,314 ± 21,3063 ± 68,361 ± 12,1147 ± 55,116300 ± 7600,379000 ± 16000,2750 ± 120,506000 ± 17000,0 ± 0.0E+0,1.00E+0 ± 0,172 ± 60,29 ± 21,2731 ± 68,119 ± 12,541 ± 55,116300 ± 7600,379000 ± 16000,2750 ± 120,503000 ± 17000,3.70 ± 0.34,172 ± 60,29 ± 21,2731 ± 68,119 ± 12,541 ± 55,116300 ± 7600,379000 ± 16000,2750 ± 120,503000 ± 17000,0.00742 ± 0.00031,47.6 ± 2.0,0.0444 ± 0.0049,43.8 ± 4.7,0.00521 ± 0.00066,105 ± 13,0.00371 ± 0.00015,23.86 ± 0.99,0.0222 ± 0.0024,22.2 ± 2.4,0.00261 ± 0.00033,52.6 ± 6.7,0.0435 ± 0.0046,670 ± 140,0.00876 ± 0.00037,56.2 ± 2.3,0.0519 ± 0.0057,51.0 ± 5.5,0 ± 0.0E+0,0 ± 0.0E+0,0.0431 ± 0.0045,670 ± 140,118.3 ± 5.0,-0.000131 ± 0.000012,85.7 ± 3.6,73.6 ± 4.8,0.460711,0.0414959,
,,-,,,,,,,1322 ± 47,355 ± 23,58000 ± 2000,4530 ± 160,6770 ± 250,55200 ± 5300,363000 ± 19000,2630 ± 140,495000 ± 25000,0 ± 0.0E+0,1.00E+0 ± 0,173 ± 47,68 ± 23,57700 ± 2000,4290 ± 160,6160 ± 250,55200 ± 5300,363000 ± 19000,2630 ± 140,492000 ± 25000,-70000000 ± 140000000,173 ± 47,68 ± 23,57700 ± 2000,4290 ± 160,6160 ± 250,55200 ± 5300,363000 ± 19000,2630 ± 140,492000 ± 25000,0.1613 ± 0.0054,962 ± 30,1.658 ± 0.058,987 ± 22,-1000000 ± 1900000,2560 ± 230,0.0807 ± 0.0027,499 ± 16,0.829 ± 0.029,611 ± 16,-490000 ± 960000,1330 ± 130,0.07470 ± 0.00076,1055 ± 20,0.1899 ± 0.0063,1118 ± 34,1.935 ± 0.067,1087 ± 23,0 ± 0.0E+0,0 ± 0.0E+0,0.07411 ± 0.00075,1039 ± 20,5.40 ± 0.17,3000 ± 6000,82.2 ± 4.4,34.8 ± 3.3,0.962634,0.0554654,
,,-,,,,,,,1377 ± 60,338 ± 28,3740 ± 140,403 ± 15,1081 ± 57,92500 ± 7000,470000 ± 28000,3410 ± 210,573000 ± 32000,0 ± 0.0E+0,1.00E+0 ± 0,227 ± 60,51 ± 28,3410 ± 140,156 ± 15,465 ± 57,92500 ± 7000,470000 ± 28000,3410 ± 210,571000 ± 32000,5.58 ± 0.46,227 ± 60,51 ± 28,3410 ± 140,156 ± 15,465 ± 57,92500 ± 7000,470000 ± 28000,3410 ± 210,571000 ± 32000,0.00758 ± 0.00034,48.7 ± 2.2,0.0472 ± 0.0048,46.5 ± 4.6,0.00507 ± 0.00071,102 ± 14,0.00379 ± 0.00017,24.4 ± 1.1,0.0236 ± 0.0024,23.6 ± 2.4,0.00253 ± 0.00035,51.1 ± 7.1,0.0452 ± 0.0041,770 ± 130,0.00889 ± 0.00040,57.1 ± 2.5,0.0548 ± 0.0055,53.8 ± 5.3,0 ± 0.0E+0,0 ± 0.0E+0,0.0448 ± 0.0040,750 ± 130,117.9 ± 5.3,-0.000478 ± 0.000041,106.6 ± 6.5,58.1 ± 4.4,0.350257,-0.00689535,
,,-,,,,,,,1372 ± 58,341 ± 25,167800 ± 7000,15360 ± 640,24940 ± 770,164000 ± 11000,800000 ± 45000,5810 ± 320,1182000 ± 55000,0 ± 0.0E+0,1.00E+0 ± 0,218 ± 58,53 ± 25,167500 ± 7000,15110 ± 640,24310 ± 770,164000 ± 11000,800000 ± 45000,5810 ± 320,1179000 ± 55000,5.36 ± 0.41,218 ± 58,53 ± 25,167500 ± 7000,15110 ± 640,24310 ± 770,164000 ± 11000,800000 ± 45000,5810 ± 320,1179000 ± 55000,0.2154 ± 0.0057,1255 ± 30,2.678 ± 0.072,1317 ± 20,0.1582 ± 0.0091,2980 ± 160,0.1077 ± 0.0029,659 ± 17,1.339 ± 0.036,859 ± 15,0.0791 ± 0.0045,1533 ± 84,0.09022 ± 0.00055,1428 ± 12,0.2508 ± 0.0066,1440 ± 34,3.092 ± 0.083,1425 ± 20,0 ± 0.0E+0,0 ± 0.0E+0,0.08952 ± 0.00055,1413 ± 12,4.07 ± 0.11,0.000383 ± 0.000027,182 ± 10,102.8 ± 6.7,0.973228,0.0927184,
,,-,,,,,,,1298 ± 48,309 ± 25,38600 ± 2100,2370 ± 120,7640 ± 390,180000 ± 12000,701000 ± 47000,5080 ± 340,936000 ± 58000,0 ± 0.0E+0,1.00E+0 ± 0,143 ± 48,21 ± 25,38300 ± 2100,2110 ± 120,7010 ± 390,180000 ± 12000,701000 ± 47000,5080 ± 340,933000 ± 58000,4.05 ± 0.24,143 ± 48,21 ± 25,38300 ± 2100,2110 ± 120,7010 ± 390,180000 ± 12000,701000 ± 47000,5080 ± 340,933000 ± 58000,0.0562 ± 0.0016,352.5 ± 9.9,0.434 ± 0.015,364 ± 10,0.0415 ± 0.0023,806 ± 40,0.02812 ± 0.00081,178.7 ± 5.1,0.2171 ± 0.0075,198.8 ± 6.2,0.0208 ± 0.0012,408 ± 21,0.05528 ± 0.00084,432 ± 33,0.0653 ± 0.0019,407 ± 11,0.499 ± 0.017,409 ± 11,0 ± 0.0E+0,0 ± 0.0E+0,0.05485 ± 0.00083,421 ± 32,15.52 ± 0.49,0.0001444 ± 0.0000084,160 ± 11,112.6 ± 7.3,0.911838,-0.00596363,
,,-,,,,,,,1322 ± 54,359 ± 28,487000 ± 19000,65100 ± 2900,87700 ± 3800,735000 ± 23000,2970000 ± 97000,21540 ± 700,4370000 ± 130000,0 ± 0.0E+0,1.00E+0 ± 0,166 ± 54,70 ± 28,486000 ± 19000,64800 ± 2900,87000 ± 3800,735000 ± 23000,2970000 ± 97000,21540 ± 700,4360000 ± 130000,4.09 ± 0.14,166 ± 54,70 ± 28,486000 ± 19000,64800 ± 2900,87000 ± 3800,735000 ± 23000,2970000 ± 97000,21540 ± 700,4360000 ± 130000,0.1632 ± 0.0031,974 ± 17,2.984 ± 0.076,1401 ± 19,0.1189 ± 0.0050,2265 ± 89,0.0816 ± 0.0016,505.5 ± 9.3,1.492 ± 0.038,926 ± 15,0.0595 ± 0.0025,1166 ± 47,0.1322 ± 0.0012,2126 ± 16,0.1887 ± 0.0036,1113 ± 19,3.421 ± 0.087,1506 ± 20,0 ± 0.0E+0,0 ± 0.0E+0,0.1312 ± 0.0011,2113 ± 16,5.34 ± 0.10,0.0001004 ± 0.0000033,680 ± 22,459 ± 14,0.949613,-0.490742,
,,-,,,,,,,1315 ± 57,322 ± 25,344400 ± 6700,103800 ± 2000,74300 ± 1500,209000 ± 12000,557000 ± 21000,4040 ± 150,1296000 ± 31000,0 ± 0.0E+0,1.00E+0 ± 0,157 ± 57,32 ± 25,344000 ± 6700,103600 ± 2000,73600 ± 1500,209000 ± 12000,557000 ± 21000,4040 ± 150,1294000 ± 31000,2.79 ± 0.18,157 ± 57,32 ± 25,344000 ± 6700,103600 ± 2000,73600 ± 1500,209000 ± 12000,557000 ± 21000,4040 ± 150,1294000 ± 31000,0.624 ± 0.019,3117 ± 73,25.90 ± 0.78,3338 ± 31,0.366 ± 0.021,6250 ± 300,0.3121 ± 0.0093,1747 ± 45,12.95 ± 0.39,2667 ± 28,0.183 ± 0.010,3380 ± 170,0.3010 ± 0.0013,3474.4 ± 6.6,0.719 ± 0.021,3480 ± 80,29.58 ± 0.89,3468 ± 31,0 ± 0.0E+0,0 ± 0.0E+0,0.2987 ± 0.0013,3462.6 ± 6.6,1.400 ± 0.043,0.0000562 ± 0.0000036,128.2 ± 4.8,130.4 ± 7.3,0.993639,-0.109131,
,,-,,,,,,,1344 ± 48,320 ± 24,136600 ± 3700,7500 ± 200,4630 ± 130,127400 ± 7700,3075000 ± 98000,22310 ± 710,3380000 ± 100000,0 ± 0.0E+0,1.00E+0 ± 0,185 ± 48,29 ± 24,136300 ± 3700,7240 ± 200,3980 ± 130,127400 ± 7700,3075000 ± 98000,22310 ± 710,3370000 ± 100000,27.1 ± 2.3,185 ± 48,29 ± 24,136300 ± 3700,7240 ± 200,3980 ± 130,127400 ± 7700,3075000 ± 98000,22310 ± 710,3370000 ± 100000,0.04478 ± 0.00071,282.3 ± 4.4,0.3276 ± 0.0057,288.0 ± 4.4,0.0352 ± 0.0030,656 ± 43,0.02239 ± 0.00035,142.7 ± 2.2,0.1638 ± 0.0028,153.9 ± 2.5,0.0176 ± 0.0015,327 ± 21,0.05321 ± 0.00045,333 ± 19,0.05136 ± 0.00081,322.8 ± 5.0,0.3728 ± 0.0065,322.0 ± 4.9,0 ± 0.0E+0,0 ± 0.0E+0,0.05281 ± 0.00045,316 ± 19,19.64 ± 0.31,0.000519 ± 0.000044,710 ± 23,79.8 ± 4.8,0.878016,0.0292241,
,,-,,,,,,,1325 ± 51,313 ± 23,44800 ± 1400,3590 ± 110,5180 ± 170,49400 ± 5200,278000 ± 16000,2010 ± 110,384000 ± 19000,0 ± 0.0E+0,1.00E+0 ± 0,164 ± 51,21 ± 23,44400 ± 1400,3330 ± 110,4530 ± 170,49400 ± 5200,278000 ± 16000,2010 ± 110,381000 ± 19000,-900000000 ± 740000000,164 ± 51,21 ± 23,44400 ± 1400,3330 ± 110,4530 ± 170,49400 ± 5200,278000 ± 16000,2010 ± 110,381000 ± 19000,0.1667 ± 0.0070,990 ± 39,1.747 ± 0.080,1012 ± 29,-8100000 ± 9400000,2110 ± 220,0.0833 ± 0.0035,515 ± 21,0.873 ± 0.040,630 ± 21,-4100000 ± 4700000,1070 ± 110,0.07524 ± 0.00090,1071 ± 25,0.1905 ± 0.0081,1119 ± 43,1.980 ± 0.091,1093 ± 30,0 ± 0.0E+0,0 ± 0.0E+0,0.07467 ± 0.00089,1055 ± 25,5.50 ± 0.25,-19000 ± 16000,64.4 ± 3.7,31.0 ± 3.3,0.971009,-0.039768,
,,-,,,,,,,1313 ± 58,322 ± 34,2494 ± 63,351 ± 13,870 ± 55,43000 ± 5600,288000 ± 16000,2090 ± 120,339000 ± 17000,0 ± 0.0E+0,1.00E+0 ± 0,151 ± 58,30 ± 34,2134 ± 63,87 ± 13,213 ± 55,43000 ± 5600,288000 ± 16000,2090 ± 120,336000 ± 17000,-610000000 ± 850000000,151 ± 58,30 ± 34,2134 ± 63,87 ± 13,213 ± 55,43000 ± 5600,288000 ± 16000,2090 ± 120,336000 ± 17000,0.00780 ± 0.00046,50.1 ± 3.0,0.0442 ± 0.0073,43.3 ± 7.1,-430000 ± 860000,127 ± 40,0.00390 ± 0.00023,25.1 ± 1.5,0.0221 ± 0.0036,22.0 ± 3.6,-210000 ± 430000,64 ± 20,0.0419 ± 0.0065,870 ± 170,0.00888 ± 0.00053,56.9 ± 3.4,0.0499 ± 0.0082,48.7 ± 8.0,0 ± 0.0E+0,0 ± 0.0E+0,0.0416 ± 0.0065,880 ± 170,119.0 ± 6.9,-19000 ± 27000,67.1 ± 3.8,27.0 ± 3.5,-0.0175516,0.215618,
,,-,,,,,,,1342 ± 49,334 ± 21,66000 ± 3800,6250 ± 340,28540 ± 710,196000 ± 12000,290000 ± 23000,2110 ± 170,591000 ± 30000,0 ± 0.0E+0,1.00E+0 ± 0,176 ± 49,41 ± 21,65600 ± 3800,5980 ± 340,27870 ± 710,196000 ± 12000,290000 ± 23000,2110 ± 170,588000 ± 30000,1.60 ± 0.15,176 ± 49,41 ± 21,65600 ± 3800,5980 ± 340,27870 ± 710,196000 ± 12000,290000 ± 23000,2110 ± 170,588000 ± 30000,0.2406 ± 0.0098,1383 ± 50,3.05 ± 0.14,1403 ± 32,0.1530 ± 0.0085,2860 ± 150,0.1203 ± 0.0049,730 ± 28,1.526 ± 0.068,930 ± 26,0.0765 ± 0.0042,1485 ± 79,0.09120 ± 0.00081,1447 ± 17,0.272 ± 0.011,1541 ± 55,3.42 ± 0.15,1490 ± 33,0 ± 0.0E+0,0 ± 0.0E+0,0.09052 ± 0.00080,1432 ± 17,3.82 ± 0.16,-0.0000360 ± 0.0000029,68.4 ± 5.5,123.9 ± 7.3,0.985934,-0.0659303,
,,-,,,,,,,1358 ± 58,342 ± 24,65500 ± 2000,3850 ± 120,10320 ± 280,229000 ± 13000,1087000 ± 55000,7880 ± 400,1404000 ± 65000,0 ± 0.0E+0,1.00E+0 ± 0,192 ± 58,48 ± 24,65200 ± 2000,3580 ± 120,9650 ± 280,229000 ± 13000,1087000 ± 55000,7880 ± 400,1401000 ± 65000,4.88 ± 0.26,192 ± 58,48 ± 24,65200 ± 2000,3580 ± 120,9650 ± 280,229000 ± 13000,1087000 ± 55000,7880 ± 400,1401000 ± 65000,0.0606 ± 0.0016,378.7 ± 9.9,0.463 ± 0.013,385.1 ± 9.1,0.0436 ± 0.0022,862 ± 42,0.03028 ± 0.00082,192.2 ± 5.1,0.2316 ± 0.0066,211.0 ± 5.4,0.0218 ± 0.0011,436 ± 22,0.05557 ± 0.00068,434 ± 27,0.0681 ± 0.0018,424 ± 11,0.517 ± 0.015,421.6 ± 9.9,0 ± 0.0E+0,0 ± 0.0E+0,0.05516 ± 0.00068,417 ± 27,15.00 ± 0.40,-0.0000487 ± 0.0000024,257 ± 13,145.2 ± 8.0,0.890569,0.0295849,
,,-,,,,,,,1387 ± 51,359 ± 25,253100 ± 8600,42500 ± 1400,79200 ± 2100,291000 ± 14000,616000 ± 30000,4470 ± 220,1292000 ± 44000,0 ± 0.0E+0,1.00E+0 ± 0,219 ± 51,65 ± 25,252800 ± 8600,42200 ± 1400,78500 ± 2100,291000 ± 14000,616000 ± 30000,4470 ± 220,1289000 ± 44000,2.24 ± 0.16,219 ± 51,65 ± 25,252800 ± 8600,42200 ± 1400,78500 ± 2100,291000 ± 14000,616000 ± 30000,4470 ± 220,1289000 ± 44000,0.424 ± 0.013,2271 ± 56,9.77 ± 0.29,2402 ± 27,0.278 ± 0.011,4940 ± 180,0.2120 ± 0.0063,1237 ± 33,4.88 ± 0.15,1790 ± 25,0.1392 ± 0.0057,2630 ± 100,0.16694 ± 0.00072,2525.9 ± 7.3,0.475 ± 0.014,2497 ± 61,10.86 ± 0.33,2500 ± 27,0 ± 0.0E+0,0 ± 0.0E+0,0.16571 ± 0.00072,2513.4 ± 7.3,2.159 ± 0.060,-0.00001322 ± 0.00000085,146.7 ± 7.3,184.7 ± 8.9,0.988775,-0.0286936,
,,-,,,,,,,1332 ± 47,325 ± 22,400000 ± 31000,120400 ± 9400,59200 ± 4100,164000 ± 14000,627000 ± 58000,4550 ± 420,1380000 ± 110000,0 ± 0.0E+0,1.00E+0 ± 0,162 ± 47,30 ± 22,400000 ± 31000,120100 ± 9400,58500 ± 4100,164000 ± 14000,627000 ± 58000,4550 ± 420,1380000 ± 110000,4.07 ± 0.31,162 ± 47,30 ± 22,400000 ± 31000,120100 ± 9400,58500 ± 4100,164000 ± 14000,627000 ± 58000,4550 ± 420,1380000 ± 110000,0.671 ± 0.022,3290 ± 83,27.74 ± 0.91,3397 ± 33,0.390 ± 0.026,6540 ± 360,0.335 ± 0.011,1857 ± 52,13.87 ± 0.45,2729 ± 32,0.195 ± 0.013,3560 ± 210,0.3003 ± 0.0012,3470.5 ± 5.9,0.748 ± 0.024,3580 ± 89,30.7 ± 1.0,3497 ± 33,0 ± 0.0E+0,0 ± 0.0E+0,0.2981 ± 0.0011,3459.0 ± 5.9,1.375 ± 0.044,-0.0000165 ± 0.0000012,150 ± 14,104.3 ± 8.8,0.992626,0.00575366,
,,-,,,,,,,1338 ± 62,349 ± 33,663000 ± 50000,60700 ± 4500,106200 ± 9400,729000 ± 79000,3210000 ± 250000,23300 ± 1800,4790000 ± 290000,0 ± 0.0E+0,1.00E+0 ± 0,166 ± 62,54 ± 33,662000 ± 50000,60400 ± 4500,105500 ± 9400,729000 ± 79000,3210000 ± 250000,23300 ± 1800,4790000 ± 290000,6.05 ± 0.84,166 ± 62,54 ± 33,662000 ± 50000,60400 ± 4500,105500 ± 9400,729000 ± 79000,3210000 ± 250000,23300 ± 1800,4790000 ± 290000,0.2084 ± 0.0038,1220 ± 20,2.623 ± 0.047,1305 ± 13,0.1523 ± 0.0061,2860 ± 110,0.1042 ± 0.0019,639 ± 11,1.311 ± 0.023,849 ± 10,0.0762 ± 0.0031,1482 ± 57,0.09136 ± 0.00037,1452.9 ± 7.7,0.2316 ± 0.0043,1342 ± 22,2.893 ± 0.051,1378 ± 13,0 ± 0.0E+0,0 ± 0.0E+0,0.09069 ± 0.00037,1438.8 ± 7.7,4.353 ± 0.078,-0.0000182 ± 0.0000025,774 ± 61,466 ± 50,0.968882,0.207337,
,,-,,,,,,,1317 ± 59,324 ± 30,36500 ± 1000,2963 ± 87,4290 ± 160,32600 ± 5300,226000 ± 14000,1640 ± 100,308000 ± 18000,0 ± 0.0E+0,1.00E+0 ± 0,145 ± 59,28 ± 30,36100 ± 1000,2686 ± 87,3600 ± 160,32600 ± 5300,226000 ± 14000,1640 ± 100,305000 ± 18000,-4700000000 ± 2100000000,145 ± 59,28 ± 30,36100 ± 1000,2686 ± 87,3600 ± 160,32600 ± 5300,226000 ± 14000,1640 ± 100,305000 ± 18000,0.1673 ± 0.0086,994 ± 47,1.719 ± 0.096,1002 ± 35,-72000000 ± 32000000,2260 ± 280,0.0837 ± 0.0043,517 ± 25,0.859 ± 0.048,622 ± 26,-36000000 ± 16000000,1170 ± 150,0.0744 ± 0.0013,1041 ± 37,0.1852 ± 0.0095,1091 ± 51,1.89 ± 0.11,1063 ± 36,0 ± 0.0E+0,0 ± 0.0E+0,0.0738 ± 0.0013,1026 ± 37,5.68 ± 0.29,11100 ± 5000,54.9 ± 3.4,20.9 ± 3.4,0.959574,-0.0850654,
,,-,,,,,,,1328 ± 58,330 ± 26,5110 ± 110,502 ± 20,1089 ± 45,68600 ± 7500,628000 ± 26000,4560 ± 190,710000 ± 27000,0 ± 0.0E+0,1.00E+0 ± 0,154 ± 58,33 ± 26,4730 ± 110,222 ± 20,389 ± 45,68600 ± 7500,628000 ± 26000,4560 ± 190,707000 ± 27000,12.8 ± 2.1,154 ± 58,33 ± 26,4730 ± 110,222 ± 20,389 ± 45,68600 ± 7500,628000 ± 26000,4560 ± 190,707000 ± 27000,0.00774 ± 0.00029,49.7 ± 1.9,0.0497 ± 0.0046,49.1 ± 4.4,0.0078 ± 0.0015,145 ± 25,0.00387 ± 0.00014,24.91 ± 0.93,0.0249 ± 0.0023,24.9 ± 2.3,0.00392 ± 0.00075,73 ± 12,0.0470 ± 0.0043,620 ± 120,0.00853 ± 0.00032,54.8 ± 2.0,0.0544 ± 0.0050,53.6 ± 4.8,0 ± 0.0E+0,0 ± 0.0E+0,0.0466 ± 0.0042,620 ± 120,119.5 ± 4.2,-0.0000246 ± 0.0000041,153.4 ± 6.2,44.1 ± 4.8,0.295155,0.0995604,
,,-,,,,,,,1346 ± 59,339 ± 27,145400 ± 3700,13420 ± 350,30900 ± 970,212000 ± 12000,670000 ± 26000,4860 ± 190,1080000 ± 37000,0 ± 0.0E+0,1.00E+0 ± 0,169 ± 59,41 ± 27,145000 ± 3700,13140 ± 350,30190 ± 970,212000 ± 12000,670000 ± 26000,4860 ± 190,1078000 ± 37000,3.29 ± 0.18,169 ± 59,41 ± 27,145000 ± 3700,13140 ± 350,30190 ± 970,212000 ± 12000,670000 ± 26000,4860 ± 190,1078000 ± 37000,0.2218 ± 0.0068,1289 ± 35,2.769 ± 0.086,1340 ± 23,0.1492 ± 0.0085,2800 ± 150,0.1109 ± 0.0034,677 ± 20,1.384 ± 0.043,878 ± 18,0.0746 ± 0.0042,1451 ± 79,0.09060 ± 0.00070,1435 ± 15,0.2424 ± 0.0074,1396 ± 38,3.007 ± 0.094,1402 ± 23,0 ± 0.0E+0,0 ± 0.0E+0,0.08994 ± 0.00069,1422 ± 15,4.22 ± 0.12,-0.00000461 ± 0.00000026,165.7 ± 6.5,137.4 ± 7.9,0.96838,0.0447229,
,,-,,,,,,,1400 ± 57,332 ± 24,68600 ± 2400,4060 ± 140,11410 ± 370,239000 ± 16000,1131000 ± 57000,8200 ± 410,1465000 ± 69000,0 ± 0.0E+0,1.00E+0 ± 0,221 ± 57,34 ± 24,68200 ± 2400,3770 ± 140,10690 ± 370,239000 ± 16000,1131000 ± 57000,8200 ± 410,1462000 ± 69000,5.07 ± 0.33,221 ± 57,34 ± 24,68200 ± 2400,3770 ± 140,10690 ± 370,239000 ± 16000,1131000 ± 57000,8200 ± 410,1462000 ± 69000,0.0616 ± 0.0016,385.1 ± 9.5,0.470 ± 0.013,391.4 ± 9.0,0.0478 ± 0.0027,943 ± 53,0.03079 ± 0.00079,195.5 ± 4.9,0.2349 ± 0.0063,213.9 ± 5.2,0.0239 ± 0.0014,477 ± 27,0.05532 ± 0.00067,423 ± 26,0.0671 ± 0.0017,418 ± 10,0.508 ± 0.014,417.6 ± 9.5,0 ± 0.0E+0,0 ± 0.0E+0,0.05493 ± 0.00067,406 ± 26,15.11 ± 0.39,-0.00000627 ± 0.00000041,282 ± 14,156 ± 10,0.89372,0.119502,
,,-,,,,,,,1429 ± 55,344 ± 26,460000 ± 20000,76700 ± 3300,77700 ± 3100,284000 ± 16000,1033000 ± 60000,7430 ± 420,1943000 ± 96000,0 ± 0.0E+0,1.00E+0 ± 0,249 ± 55,45 ± 26,459000 ± 20000,76400 ± 3300,77000 ± 3100,284000 ± 16000,1033000 ± 60000,7430 ± 420,1940000 ± 96000,3.82 ± 0.24,249 ± 55,45 ± 26,459000 ± 20000,76400 ± 3300,77000 ± 3100,284000 ± 16000,1033000 ± 60000,7430 ± 420,1940000 ± 96000,0.455 ± 0.012,2411 ± 51,10.43 ± 0.27,2466 ± 23,0.281 ± 0.013,5010 ± 210,0.2275 ± 0.0059,1319 ± 31,5.22 ± 0.13,1848 ± 21,0.1406 ± 0.0065,2670 ± 120,0.16656 ± 0.00064,2522.2 ± 6.4,0.493 ± 0.013,2579 ± 54,11.25 ± 0.29,2535 ± 23,0 ± 0.0E+0,0 ± 0.0E+0,0.16537 ± 0.00063,2510.1 ± 6.4,2.059 ± 0.052,-0.00000424 ± 0.00000026,259 ± 15,185 ± 11,0.989453,0.033154,
,,-,,,,,,,1383 ± 54,369 ± 29,636000 ± 35000,191000 ± 10000,73800 ± 3600,200000 ± 12000,1029000 ± 76000,7460 ± 550,2140000 ± 130000,0 ± 0.0E+0,1.00E+0 ± 0,202 ± 54,69 ± 29,635000 ± 35000,191000 ± 10000,73000 ± 3600,200000 ± 12000,1029000 ± 76000,7460 ± 550,2140000 ± 130000,5.22 ± 0.33,202 ± 54,69 ± 29,635000 ± 35000,191000 ± 10000,73000 ± 3600,200000 ± 12000,1029000 ± 76000,7460 ± 550,2140000 ± 130000,0.651 ± 0.022,3214 ± 84,26.97 ± 0.91,3367 ± 33,0.376 ± 0.018,6410 ± 250,0.325 ± 0.011,1809 ± 53,13.48 ± 0.45,2699 ± 32,0.1881 ± 0.0088,3470 ± 150,0.3009 ± 0.0010,3474.1 ± 5.3,0.703 ± 0.024,3413 ± 88,28.95 ± 0.98,3436 ± 33,0 ± 0.0E+0,0 ± 0.0E+0,0.2988 ± 0.0010,3462.9 ± 5.3,1.463 ± 0.047,-0.00000520 ± 0.00000033,260 ± 19,131.0 ± 8.1,0.994672,-0.103352,
,,-,,,,,,,1409 ± 47,334 ± 25,36100 ± 1100,2279 ± 67,6280 ± 220,144000 ± 10000,600000 ± 26000,4350 ± 190,794000 ± 33000,0 ± 0.0E+0,1.00E+0 ± 0,226 ± 47,34 ± 25,35700 ± 1100,1987 ± 67,5550 ± 220,144000 ± 10000,600000 ± 26000,4350 ± 190,791000 ± 33000,4.58 ± 0.31,226 ± 47,34 ± 25,35700 ± 1100,1987 ± 67,5550 ± 220,144000 ± 10000,600000 ± 26000,4350 ± 190,791000 ± 33000,0.0613 ± 0.0020,383 ± 12,0.468 ± 0.015,388 ± 10,0.0424 ± 0.0026,838 ± 51,0.0306 ± 0.0010,194.4 ± 6.2,0.2342 ± 0.0076,213.1 ± 6.2,0.0212 ± 0.0013,424 ± 26,0.05569 ± 0.00096,445 ± 35,0.0659 ± 0.0022,411 ± 13,0.501 ± 0.016,412 ± 11,0 ± 0.0E+0,0 ± 0.0E+0,0.05529 ± 0.00095,429 ± 35,15.57 ± 0.50,-0.00000418 ± 0.00000028,152.2 ± 6.6,94.5 ± 6.9,0.866747,0.213486,
,,-,,,,,,,1102 ± 53,259 ± 30,284 ± 31,189 ± 11,480 ± 42,0 ± 0.0E+0,690 ± 680,5.0 ± 4.9,3010 ± 690,0 ± 0.0E+0,1.00E+0 ± 0,-8 ± 53,-11 ± 30,23 ± 31,-1 ± 11,6 ± 42,-0.0000027952 ± 0.0000000022,690 ± 680,5.0 ± 4.9,680 ± 690,-250000000 ± 240000000,-8 ± 53,-11 ± 30,23 ± 31,-1 ± 11,6 ± 42,-0.0000027952 ± 0.0000000022,690 ± 680,5.0 ± 4.9,680 ± 690,-110000 ± 200000,76200 ± 6100,70 ± 500,6560 ± 630,-2000000 ± 15000000,355100 ± 4100,-55000 ± 98000,72100 ± 5800,40 ± 250,5930 ± 570,-1100000 ± 7600000,341000 ± 4100,0.41 ± 0.40,2920 ± 420,-140000 ± 250000,77600 ± 6200,90 ± 630,6730 ± 700,0 ± 0.0E+0,0 ± 0.0E+0,0.40 ± 0.40,2900 ± 420,-0.8 ± 7.1,81000 ± 80000,0.19 ± 0.19,-2.88E-9 ± 0,nan,nan,
,,-,,,,,,,1192 ± 45,266 ± 28,271 ± 20,198 ± 10,493 ± 37,300 ± 430,610 ± 600,4.4 ± 4.4,3340 ± 750,0 ± 0.0E+0,1.00E+0 ± 0,81 ± 45,-5 ± 28,7 ± 20,6 ± 10,14 ± 37,300 ± 430,610 ± 600,4.4 ± 4.4,1000 ± 750,-210000000 ± 200000000,81 ± 45,-5 ± 28,7 ± 20,6 ± 10,14 ± 37,300 ± 430,610 ± 600,4.4 ± 4.4,1000 ± 750,-40000 ± 130000,76700 ± 6300,-270 ± 480,6670 ± 570,-3000000 ± 12000000,340000 ± 21000,-22000 ± 65000,72600 ± 6000,-140 ± 240,6020 ± 530,-1700000 ± 6100000,327000 ± 20000,-0.09 ± 0.32,3010 ± 390,-60000 ± 170000,78200 ± 6500,-340 ± 600,6880 ± 590,0 ± 0.0E+0,0 ± 0.0E+0,-0.09 ± 0.32,3100 ± 400,-1 ± 22,110000 ± 110000,0.17 ± 0.17,0.30 ± 0.43,nan,nan,
,,-,,,,,,,1108 ± 61,267 ± 29,275 ± 28,194 ± 10,505 ± 41,0 ± 0.0E+0,400 ± 560,2.9 ± 4.1,2750 ± 570,0 ± 0.0E+0,1.00E+0 ± 0,-5 ± 61,-4 ± 29,8 ± 28,0 ± 10,21 ± 41,-0.0000030765 ± 0.0000000021,400 ± 560,2.9 ± 4.1,400 ± 570,-130000000 ± 180000000,-5 ± 61,-4 ± 29,8 ± 28,0 ± 10,21 ± 41,-0.0000030765 ± 0.0000000021,400 ± 560,2.9 ± 4.1,400 ± 570,-50000 ± 180000,78600 ± 4700,-30 ± 480,6880 ± 610,-7000000 ± 13000000,350700 ± 4000,-27000 ± 92000,74300 ± 4500,-20 ± 240,6220 ± 550,-3400000 ± 6600000,336700 ± 4000,0.05 ± 0.26,2650 ± 630,-70000 ± 230000,80100 ± 4800,-40 ± 600,7100 ± 620,0 ± 0.0E+0,0 ± 0.0E+0,0.04 ± 0.26,2640 ± 630,-13 ± 20,200000 ± 290000,0.11 ± 0.15,-2.96E-9 ± 0,nan,nan,
,,-,,,,,,,1095 ± 75,271 ± 36,280 ± 23,189 ± 13,479 ± 43,0 ± 0.0E+0,830 ± 820,6.1 ± 5.9,3150 ± 820,0 ± 0.0E+0,1.00E+0 ± 0,-20 ± 75,-1 ± 36,10 ± 23,-7 ± 13,-10 ± 43,-0.0000032128 ± 0.0000000020,830 ± 820,6.0 ± 5.9,790 ± 820,-260000000 ± 250000000,-20 ± 75,-1 ± 36,10 ± 23,-7 ± 13,-10 ± 43,-0.0000032128 ± 0.0000000020,830 ± 820,6.0 ± 5.9,790 ± 820,-80000 ± 150000,73700 ± 8700,280 ± 590,6790 ± 730,3000000 ± 13000000,355500 ± 4300,-40000 ± 73000,69700 ± 8200,140 ± 290,6170 ± 650,1500000 ± 6700000,341500 ± 4300,0.13 ± 0.36,3260 ± 410,-100000 ± 180000,75000 ± 8800,350 ± 730,6970 ± 780,0 ± 0.0E+0,0 ± 0.0E+0,0.13 ± 0.36,3250 ± 410,-5 ± 13,-460000 ± 460000,0.22 ± 0.22,-3.00E-9 ± 0,nan,nan,
,,-,,,,,,,1119 ± 68,283 ± 30,283 ± 28,204 ± 13,500 ± 40,0 ± 0.0E+0,0 ± 0.0E+0,0 ± 0.0E+0,2389 ± 87,0 ± 0.0E+0,1.00E+0 ± 0,3 ± 68,10 ± 30,10 ± 28,6 ± 13,6 ± 40,-0.0000033560 ± 0.0000000019,-0.0001537402 ± 0.0000000074,-0.02100338 ± 0.00000098,9 ± 87,45.811 ± 0.024,3 ± 68,10 ± 30,10 ± 28,6 ± 13,6 ± 40,-0.0000033560 ± 0.0000000019,-0.0001537402 ± 0.0000000074,-0.02100338 ± 0.00000098,9 ± 87,-70000 ± 190000,83900 ± 1700,-290 ± 620,7260 ± 250,-2000000 ± 12000000,351700 ± 4500,-33000 ± 93000,79400 ± 1700,-150 ± 310,6560 ± 250,-800000 ± 5900000,337600 ± 4500,0.09 ± 0.36,2920 ± 510,-80000 ± 230000,85400 ± 1700,-370 ± 770,7480 ± 250,0 ± 0.0E+0,0 ± 0.0E+0,0.09 ± 0.36,2900 ± 510,-0.0000012 ± 0.0000013,0.02729 ± 0.00026,-4.04E-8 ± 0,-3.03E-9 ± 0,nan,nan,
,,-,,,,,,,1121 ± 71,276 ± 36,339 ± 93,212 ± 13,521 ± 43,0 ± 0.0E+0,260 ± 510,1.9 ± 3.7,2730 ± 550,0 ± 0.0E+0,1.00E+0 ± 0,4 ± 71,3 ± 36,64 ± 93,12 ± 13,22 ± 43,-0.0000034927 ± 0.0000000019,260 ± 510,1.8 ± 3.7,340 ± 550,-70000000 ± 150000000,4 ± 71,3 ± 36,64 ± 93,12 ± 13,22 ± 43,-0.0000034927 ± 0.0000000019,260 ± 510,1.8 ± 3.7,340 ± 550,-410000 ± 600000,78700 ± 6700,-600 ± 620,6200 ± 1100,-6000000 ± 12000000,348900 ± 4800,-210000 ± 300000,74400 ± 6400,-300 ± 310,5600 ± 1000,-3100000 ± 6100000,334900 ± 4800,0.2 ± 1.0,3210 ± 770,-520000 ± 760000,80100 ± 6900,-740 ± 770,6300 ± 1200,0 ± 0.0E+0,0 ± 0.0E+0,0.24 ± 0.99,3190 ± 770,34 ± 68,-27000 ± 54000,0.07 ± 0.13,-3.06E-9 ± 0,nan,nan,
,,-,,,,,,,1090 ± 81,276 ± 33,290 ± 30,204 ± 12,488 ± 47,0 ± 0.0E+0,0 ± 0.0E+0,0 ± 0.0E+0,2350 ± 100,0 ± 0.0E+0,1.00E+0 ± 0,-28 ± 81,2 ± 33,12 ± 30,2 ± 12,-16 ± 47,-0.0000036314 ± 0.0000000019,-0.0001547982 ± 0.0000000073,-0.02114357 ± 0.00000096,-60 ± 100,42.628 ± 0.020,-28 ± 81,2 ± 33,12 ± 30,2 ± 12,-16 ± 47,-0.0000036314 ± 0.0000000019,-0.0001547982 ± 0.0000000073,-0.02114357 ± 0.00000096,-60 ± 100,-80000 ± 200000,83000 ± 1500,-110 ± 550,6860 ± 370,4000000 ± 13000000,337000 ± 10000,-39000 ± 98000,78600 ± 1500,-50 ± 280,6160 ± 370,2200000 ± 6500000,323000 ± 10000,-0.6 ± 1.0,2040 ± 620,-100000 ± 250000,84500 ± 1500,-130 ± 680,7080 ± 370,0 ± 0.0E+0,0 ± 0.0E+0,-0.6 ± 1.0,2020 ± 630,-0.0000040 ± 0.0000031,0.012547 ± 0.000035,-3.94E-8 ± 0,-3.09E-9 ± 0,nan,nan,
,,-,,,,,,,1073 ± 69,236 ± 27,364 ± 38,222 ± 15,515 ± 48,0 ± 0.0E+0,0 ± 0.0E+0,0 ± 0.0E+0,2410 ± 100,0 ± 0.0E+0,1.00E+0 ± 0,-48 ± 69,-38 ± 27,83 ± 38,18 ± 15,5 ± 48,-0.0000037780 ± 0.0000000019,-0.0001553614 ± 0.0000000074,-0.02121819 ± 0.00000098,-10 ± 100,41.122 ± 0.019,-48 ± 69,-38 ± 27,83 ± 38,18 ± 15,5 ± 48,-0.0000037780 ± 0.0000000019,-0.0001553614 ± 0.0000000074,-0.02121819 ± 0.00000098,-10 ± 100,-530000 ± 250000,83400 ± 1900,-840 ± 720,6930 ± 440,-1000000 ± 13000000,341400 ± 8300,-270000 ± 120000,79000 ± 1900,-420 ± 360,6230 ± 440,-700000 ± 6400000,327300 ± 8300,-4.4 ± 6.4,3130 ± 490,-670000 ± 310000,84900 ± 1900,-1040 ± 880,7140 ± 440,0 ± 0.0E+0,0 ± 0.0E+0,-4.4 ± 6.3,3110 ± 500,-0.000035 ± 0.000027,0.0109172 ± 0.0000096,-3.90E-8 ± 0,-3.13E-9 ± 0,nan,nan,
,,-,,,,,,,1119 ± 59,275 ± 28,282 ± 24,210 ± 12,528 ± 38,0 ± 0.0E+0,0 ± 0.0E+0,0 ± 0.0E+0,2415 ± 76,0 ± 0.0E+0,1.00E+0 ± 0,-3 ± 59,-0 ± 28,-1 ± 24,4 ± 12,13 ± 38,-0.0000039232 ± 0.0000000020,-0.0001559191 ± 0.0000000079,-0.0212921 ± 0.0000010,-16 ± 76,39.743 ± 0.019,-3 ± 59,-0 ± 28,-1 ± 24,4 ± 12,13 ± 38,-0.0000039232 ± 0.0000000020,-0.0001559191 ± 0.0000000079,-0.0212921 ± 0.0000010,-16 ± 76,10000 ± 150000,81400 ± 2700,-190 ± 580,7050 ± 360,-3200000 ± 9600000,340100 ± 5900,4000 ± 76000,76900 ± 2700,-100 ± 290,6350 ± 360,-1600000 ± 4800000,326100 ± 5900,-0.6 ± 1.6,2150 ± 670,10000 ± 190000,82800 ± 2700,-240 ± 720,7260 ± 360,0 ± 0.0E+0,0 ± 0.0E+0,-0.6 ± 1.6,2140 ± 670,0.0000042 ± 0.0000034,0.011053 ± 0.000016,-3.86E-8 ± 0,-3.16E-9 ± 0,nan,nan,
,,-,,,,,,,1080 ± 61,312 ± 31,264 ± 23,211 ± 11,499 ± 36,0 ± 0.0E+0,210 ± 430,1.6 ± 3.1,2580 ± 440,0 ± 0.0E+0,1.00E+0 ± 0,-43 ± 61,36 ± 31,-23 ± 23,3 ± 11,-21 ± 36,-0.0000040666 ± 0.0000000020,210 ± 430,1.5 ± 3.1,140 ± 440,-50000000 ± 110000000,-43 ± 61,36 ± 31,-23 ± 23,3 ± 11,-21 ± 36,-0.0000040666 ± 0.0000000020,210 ± 430,1.5 ± 3.1,140 ± 440,150000 ± 150000,79500 ± 4000,-140 ± 520,7140 ± 540,5200000 ± 8900000,338200 ± 5800,73000 ± 73000,75100 ± 3900,-70 ± 260,6460 ± 500,2600000 ± 4500000,324200 ± 5800,-0.79 ± 0.89,2860 ± 440,180000 ± 180000,80900 ± 4100,-180 ± 640,7350 ± 550,0 ± 0.0E+0,0 ± 0.0E+0,-0.78 ± 0.88,2990 ± 450,7 ± 13,-19000 ± 39000,0.05 ± 0.10,-3.20E-9 ± 0,nan,nan,
,,-,,,,,,,1126 ± 61,296 ± 32,281 ± 26,211 ± 12,529 ± 46,0 ± 0.0E+0,230 ± 450,1.6 ± 3.3,2670 ± 450,0 ± 0.0E+0,1.00E+0 ± 0,1 ± 61,20 ± 32,-8 ± 26,1 ± 12,4 ± 46,-0.0000042068 ± 0.0000000020,230 ± 450,1.6 ± 3.3,220 ± 450,-50000000 ± 110000000,1 ± 61,20 ± 32,-8 ± 26,1 ± 12,4 ± 46,-0.0000042068 ± 0.0000000020,230 ± 450,1.6 ± 3.3,220 ± 450,40000 ± 160000,80000 ± 4500,-70 ± 570,7150 ± 560,-1000000 ± 11000000,341700 ± 6100,20000 ± 82000,75700 ± 4300,-40 ± 280,6480 ± 520,-400000 ± 5500000,327600 ± 6100,0.03 ± 0.53,2870 ± 540,50000 ± 200000,81400 ± 4500,-90 ± 700,7350 ± 580,0 ± 0.0E+0,0 ± 0.0E+0,0.03 ± 0.53,2850 ± 540,-1.4 ± 2.7,-42000 ± 83000,0.05 ± 0.11,-3.23E-9 ± 0,nan,nan,
,,-,,,,,,,1129 ± 64,285 ± 33,280 ± 31,200 ± 11,543 ± 50,0 ± 0.0E+0,240 ± 480,1.7 ± 3.5,2680 ± 490,0 ± 0.0E+0,1.00E+0 ± 0,3 ± 64,8 ± 33,-12 ± 31,-12 ± 11,12 ± 50,-0.0000043413 ± 0.0000000019,240 ± 480,1.7 ± 3.5,210 ± 490,-60000000 ± 110000000,3 ± 64,8 ± 33,-12 ± 31,-12 ± 11,12 ± 50,-0.0000043413 ± 0.0000000019,240 ± 480,1.7 ± 3.5,210 ± 490,80000 ± 200000,81500 ± 4400,560 ± 530,6570 ± 780,-3000000 ± 12000000,343400 ± 6000,38000 ± 99000,77200 ± 4200,280 ± 270,5960 ± 700,-1400000 ± 5800000,329400 ± 6000,-0.02 ± 0.29,2780 ± 620,90000 ± 240000,82900 ± 4500,680 ± 650,6980 ± 680,0 ± 0.0E+0,0 ± 0.0E+0,-0.02 ± 0.28,2760 ± 630,-18 ± 36,45000 ± 90000,0.06 ± 0.11,-3.26E-9 ± 0,nan,nan,
,,-,,,,,,,1101 ± 69,281 ± 32,302 ± 32,205 ± 11,532 ± 40,0 ± 0.0E+0,430 ± 610,3.2 ± 4.4,2860 ± 630,0 ± 0.0E+0,1.00E+0 ± 0,-27 ± 69,4 ± 32,7 ± 32,-10 ± 11,-4 ± 40,-0.0000044833 ± 0.0000000020,430 ± 610,3.1 ± 4.4,380 ± 630,-100000000 ± 140000000,-27 ± 69,4 ± 32,7 ± 32,-10 ± 11,-4 ± 40,-0.0000044833 ± 0.0000000020,430 ± 610,3.1 ± 4.4,380 ± 630,-60000 ± 200000,78500 ± 5800,450 ± 520,6680 ± 540,900000 ± 9000000,342100 ± 5700,-29000 ± 99000,74200 ± 5500,230 ± 260,6010 ± 510,500000 ± 4500000,328100 ± 5700,0.04 ± 0.48,3340 ± 430,-70000 ± 240000,79800 ± 5900,550 ± 630,6870 ± 550,0 ± 0.0E+0,0 ± 0.0E+0,0.04 ± 0.47,3320 ± 430,-14 ± 26,22000 ± 30000,0.10 ± 0.14,-3.30E-9 ± 0,nan,nan,
,,-,,,,,,,1080 ± 55,276 ± 33,261 ± 19,204 ± 12,522 ± 39,0 ± 0.0E+0,190 ± 380,1.4 ± 2.8,2540 ± 410,0 ± 0.0E+0,1.00E+0 ± 0,-49 ± 55,-2 ± 33,-37 ± 19,-12 ± 12,-19 ± 39,-0.0000046206 ± 0.0000000021,190 ± 380,1.4 ± 2.8,40 ± 410,-41000000 ± 83000000,-49 ± 55,-2 ± 33,-37 ± 19,-12 ± 12,-19 ± 39,-0.0000046206 ± 0.0000000021,190 ± 380,1.4 ± 2.8,40 ± 410,250000 ± 120000,82000 ± 3200,600 ± 530,7360 ± 340,4100000 ± 8400000,343900 ± 4700,123000 ± 59000,77600 ± 3100,300 ± 270,6660 ± 330,2100000 ± 4200000,329900 ± 4700,0.11 ± 0.40,3350 ± 400,300000 ± 140000,83300 ± 3300,730 ± 650,7550 ± 340,0 ± 0.0E+0,0 ± 0.0E+0,0.11 ± 0.39,3340 ± 400,0.9 ± 1.8,6000 ± 11000,0.045 ± 0.090,-3.34E-9 ± 0,nan,nan,
,,-,,,,,,,1175 ± 56,281 ± 30,339 ± 28,243 ± 13,584 ± 40,0 ± 0.0E+0,0 ± 0.0E+0,0 ± 0.0E+0,2622 ± 77,0 ± 0.0E+0,1.00E+0 ± 0,31 ± 56,-3 ± 30,14 ± 28,6 ± 13,-8 ± 40,-0.0000060099 ± 0.0000000021,-0.0001639335 ± 0.0000000080,-0.0223541 ± 0.0000011,3 ± 77,27.2774 ± 0.0081,31 ± 56,-3 ± 30,14 ± 28,6 ± 13,-8 ± 40,-0.0000060099 ± 0.0000000021,-0.0001639335 ± 0.0000000080,-0.0223541 ± 0.0000011,3 ± 77,-90000 ± 170000,81900 ± 1800,-260 ± 560,7620 ± 270,1300000 ± 6700000,332600 ± 5300,-44000 ± 85000,77400 ± 1800,-130 ± 280,6920 ± 270,700000 ± 3400000,318600 ± 5300,-0.04 ± 0.43,2970 ± 600,-110000 ± 200000,83000 ± 1800,-310 ± 670,7790 ± 270,0 ± 0.0E+0,0 ± 0.0E+0,-0.04 ± 0.43,2960 ± 600,0.0000011 ± 0.0000011,-0.00072707 ± 0.00000015,-3.70E-8 ± 0,-3.86E-9 ± 0,nan,nan,
,,-,,,,,,,1172 ± 65,317 ± 30,388 ± 31,250 ± 14,591 ± 45,0 ± 0.0E+0,210 ± 420,1.5 ± 3.1,2930 ± 430,0 ± 0.0E+0,1.00E+0 ± 0,27 ± 65,32 ± 30,60 ± 31,11 ± 14,-6 ± 45,-0.0000061498 ± 0.0000000020,210 ± 420,1.5 ± 3.1,300 ± 430,-34000000 ± 69000000,27 ± 65,32 ± 30,60 ± 31,11 ± 14,-6 ± 45,-0.0000061498 ± 0.0000000020,210 ± 420,1.5 ± 3.1,300 ± 430,-370000 ± 190000,79200 ± 5700,-500 ± 600,6750 ± 640,1000000 ± 7200000,339200 ± 4500,-185000 ± 95000,74900 ± 5400,-250 ± 300,6070 ± 610,500000 ± 3600000,325200 ± 4500,-0.06 ± 0.37,3210 ± 320,-440000 ± 220000,80300 ± 5800,-590 ± 710,6910 ± 650,0 ± 0.0E+0,0 ± 0.0E+0,-0.06 ± 0.36,3200 ± 320,-3.8 ± 7.7,1000 ± 1900,0.048 ± 0.095,-3.92E-9 ± 0,nan,nan,
,,-,,,,,,,1130 ± 58,271 ± 32,323 ± 27,246 ± 13,610 ± 45,0 ± 0.0E+0,230 ± 460,1.7 ± 3.3,2810 ± 480,0 ± 0.0E+0,1.00E+0 ± 0,-16 ± 58,-14 ± 32,-7 ± 27,5 ± 13,7 ± 45,-0.0000062888 ± 0.0000000020,230 ± 460,1.6 ± 3.3,170 ± 480,-36000000 ± 73000000,-16 ± 58,-14 ± 32,-7 ± 27,5 ± 13,7 ± 45,-0.0000062888 ± 0.0000000020,230 ± 460,1.6 ± 3.3,170 ± 480,40000 ± 160000,81000 ± 4500,-190 ± 560,7070 ± 460,-1200000 ± 7100000,338900 ± 4900,19000 ± 81000,76700 ± 4300,-90 ± 280,6380 ± 440,-600000 ± 3600000,324900 ± 4900,0.03 ± 0.52,3140 ± 550,50000 ± 190000,82100 ± 4600,-220 ± 660,7230 ± 460,0 ± 0.0E+0,0 ± 0.0E+0,0.03 ± 0.51,3130 ± 550,-2.4 ± 4.8,1200 ± 2300,0.05 ± 0.10,-3.99E-9 ± 0,nan,nan,
,,-,,,,,,,1178 ± 54,288 ± 30,300 ± 26,234 ± 11,598 ± 47,0 ± 0.0E+0,410 ± 570,2.9 ± 4.1,3010 ± 590,0 ± 0.0E+0,1.00E+0 ± 0,30 ± 54,3 ± 30,-34 ± 26,-9 ± 11,-10 ± 47,-0.0000064376 ± 0.0000000021,410 ± 570,2.9 ± 4.1,350 ± 590,-63000000 ± 89000000,30 ± 54,3 ± 30,-34 ± 26,-9 ± 11,-10 ± 47,-0.0000064376 ± 0.0000000021,410 ± 570,2.9 ± 4.1,350 ± 590,220000 ± 160000,81300 ± 5100,390 ± 500,6940 ± 510,1500000 ± 7300000,342400 ± 4500,108000 ± 78000,77100 ± 4900,190 ± 250,6270 ± 480,800000 ± 3600000,328400 ± 4500,-0.62 ± 0.53,2950 ± 660,260000 ± 180000,82400 ± 5200,450 ± 580,7090 ± 520,0 ± 0.0E+0,0 ± 0.0E+0,-0.61 ± 0.52,2930 ± 670,18 ± 34,2500 ± 3500,0.09 ± 0.13,-4.06E-9 ± 0,nan,nan,
,,-,,,,,,,1226 ± 55,311 ± 35,306 ± 17,234 ± 12,604 ± 44,0 ± 0.0E+0,490 ± 560,3.6 ± 4.1,3180 ± 560,0 ± 0.0E+0,1.00E+0 ± 0,76 ± 55,25 ± 35,-30 ± 17,-12 ± 12,-9 ± 44,-0.0000065844 ± 0.0000000023,490 ± 560,3.5 ± 4.1,500 ± 560,-74000000 ± 85000000,76 ± 55,25 ± 35,-30 ± 17,-12 ± 12,-9 ± 44,-0.0000065844 ± 0.0000000023,490 ± 560,3.5 ± 4.1,500 ± 560,170000 ± 100000,79300 ± 5200,510 ± 510,7170 ± 520,1300000 ± 6600000,340800 ± 3700,87000 ± 52000,75000 ± 5000,260 ± 250,6510 ± 470,700000 ± 3300000,326800 ± 3700,-0.28 ± 0.86,3230 ± 470,200000 ± 120000,80300 ± 5300,590 ± 590,7320 ± 530,0 ± 0.0E+0,0 ± 0.0E+0,-0.28 ± 0.86,3220 ± 470,-3 ± 14,4400 ± 5000,0.11 ± 0.13,-4.14E-9 ± 0,nan,nan,
,,-,,,,,,,1136 ± 58,280 ± 29,328 ± 44,234 ± 12,616 ± 45,0 ± 0.0E+0,0 ± 0.0E+0,0 ± 0.0E+0,2594 ± 100,0 ± 0.0E+0,1.00E+0 ± 0,-15 ± 58,-7 ± 29,-11 ± 44,-14 ± 12,-2 ± 45,-0.0000067228 ± 0.0000000021,-0.0001666716 ± 0.0000000082,-0.0227169 ± 0.0000011,-89 ± 100,24.7921 ± 0.0066,-15 ± 58,-7 ± 29,-11 ± 44,-14 ± 12,-2 ± 45,-0.0000067228 ± 0.0000000021,-0.0001666716 ± 0.0000000082,-0.0227169 ± 0.0000011,-89 ± 100,60000 ± 260000,84300 ± 1300,590 ± 540,7530 ± 230,300000 ± 6700000,342600 ± 3900,30000 ± 130000,79800 ± 1300,300 ± 270,6830 ± 230,200000 ± 3400000,328600 ± 3900,-0.14 ± 0.92,2800 ± 490,80000 ± 310000,85300 ± 1300,690 ± 630,7680 ± 230,0 ± 0.0E+0,0 ± 0.0E+0,-0.14 ± 0.91,2790 ± 490,-0.0000020 ± 0.0000021,-0.003471 ± 0.000084,-3.78E-8 ± 0,-4.22E-9 ± 0,nan,nan,
,,-,,,,,,,1149 ± 64,276 ± 33,346 ± 38,247 ± 14,575 ± 49,0 ± 0.0E+0,220 ± 440,1.6 ± 3.2,2810 ± 470,0 ± 0.0E+0,1.00E+0 ± 0,-3 ± 64,-12 ± 33,4 ± 38,-2 ± 14,-48 ± 49,-0.0000068569 ± 0.0000000020,220 ± 440,1.6 ± 3.2,120 ± 470,-32000000 ± 64000000,-3 ± 64,-12 ± 33,4 ± 38,-2 ± 14,-48 ± 49,-0.0000068569 ± 0.0000000020,220 ± 440,1.6 ± 3.2,120 ± 470,-30000 ± 220000,81300 ± 4500,210 ± 550,7470 ± 430,7100000 ± 7100000,342600 ± 3700,-20000 ± 110000,76900 ± 4300,100 ± 280,6780 ± 410,3500000 ± 3500000,328500 ± 3700,0.8 ± 1.8,3110 ± 490,-40000 ± 260000,82200 ± 4500,240 ± 640,7620 ± 430,0 ± 0.0E+0,0 ± 0.0E+0,0.8 ± 1.8,3100 ± 500,-2.1 ± 4.1,-7000 ± 14000,0.05 ± 0.10,-4.29E-9 ± 0,nan,nan,
,,-,,,,,,,1124 ± 55,305 ± 29,358 ± 32,251 ± 12,602 ± 36,0 ± 0.0E+0,400 ± 560,2.9 ± 4.1,3040 ± 560,0 ± 0.0E+0,1.00E+0 ± 0,-30 ± 55,16 ± 29,13 ± 32,-0 ± 12,-27 ± 36,-0.0000070045 ± 0.0000000021,400 ± 560,2.9 ± 4.1,340 ± 560,-57000000 ± 80000000,-30 ± 55,16 ± 29,13 ± 32,-0 ± 12,-27 ± 36,-0.0000070045 ± 0.0000000021,400 ± 560,2.9 ± 4.1,340 ± 560,-70000 ± 190000,74500 ± 6200,10 ± 510,6740 ± 600,3800000 ± 5200000,316000 ± 10000,-36000 ± 95000,70300 ± 6000,10 ± 260,6070 ± 570,1900000 ± 2600000,302000 ± 10000,4.4 ± 5.4,2980 ± 500,-80000 ± 220000,75500 ± 6200,20 ± 590,6870 ± 610,0 ± 0.0E+0,0 ± 0.0E+0,4.4 ± 5.3,2970 ± 500,-0.9 ± 4.1,-2800 ± 3900,0.09 ± 0.13,-4.38E-9 ± 0,nan,nan,
,,-,,,,,,,1165 ± 64,276 ± 34,367 ± 27,259 ± 14,664 ± 48,0 ± 0.0E+0,410 ± 580,3.0 ± 4.2,3150 ± 590,0 ± 0.0E+0,1.00E+0 ± 0,9 ± 64,-13 ± 34,20 ± 27,6 ± 14,30 ± 48,-0.0000071442 ± 0.0000000021,410 ± 580,3.0 ± 4.2,420 ± 590,-58000000 ± 81000000,9 ± 64,-13 ± 34,20 ± 27,6 ± 14,30 ± 48,-0.0000071442 ± 0.0000000021,410 ± 580,3.0 ± 4.2,420 ± 590,-110000 ± 160000,75600 ± 6200,-230 ± 600,6900 ± 650,-4200000 ± 6800000,329200 ± 8500,-55000 ± 79000,71400 ± 5900,-110 ± 300,6230 ± 610,-2100000 ± 3400000,315200 ± 8500,-0.3 ± 1.0,3320 ± 430,-130000 ± 180000,76500 ± 6200,-260 ± 690,7030 ± 660,0 ± 0.0E+0,0 ± 0.0E+0,-0.3 ± 1.0,3310 ± 430,-4 ± 11,-1700 ± 2300,0.09 ± 0.13,-4.46E-9 ± 0,nan,nan,
,,-,,,,,,,1143 ± 63,279 ± 33,368 ± 31,251 ± 14,618 ± 39,0 ± 0.0E+0,0 ± 0.0E+0,0 ± 0.0E+0,2660 ± 100,0 ± 0.0E+0,1.00E+0 ± 0,-13 ± 63,-10 ± 33,18 ± 31,-5 ± 14,-21 ± 39,-0.0000072791 ± 0.0000000020,-0.0001688085 ± 0.0000000076,-0.0230000 ± 0.0000010,-70 ± 100,23.1907 ± 0.0053,-13 ± 63,-10 ± 33,18 ± 31,-5 ± 14,-21 ± 39,-0.0000072791 ± 0.0000000020,-0.0001688085 ± 0.0000000076,-0.0230000 ± 0.0000010,-70 ± 100,-100000 ± 190000,81100 ± 2500,220 ± 620,7480 ± 280,2800000 ± 5400000,329700 ± 6600,-52000 ± 93000,76600 ± 2500,110 ± 310,6780 ± 280,1400000 ± 2700000,315600 ± 6600,0.33 ± 0.89,3090 ± 510,-120000 ± 210000,82000 ± 2500,250 ± 710,7620 ± 280,0 ± 0.0E+0,0 ± 0.0E+0,0.33 ± 0.88,3080 ± 510,0.0000026 ± 0.0000019,0.0005170 ± 0.0000017,-3.87E-8 ± 0,-4.55E-9 ± 0,nan,nan,
,,-,,,,,,,1218 ± 76,268 ± 36,341 ± 32,260 ± 13,659 ± 50,0 ± 0.0E+0,270 ± 540,1.9 ± 3.9,3020 ± 550,0 ± 0.0E+0,1.00E+0 ± 0,60 ± 76,-22 ± 36,-12 ± 32,2 ± 13,15 ± 50,-0.0000074250 ± 0.0000000018,270 ± 540,1.9 ± 3.9,270 ± 550,-36000000 ± 72000000,60 ± 76,-22 ± 36,-12 ± 32,2 ± 13,15 ± 50,-0.0000074250 ± 0.0000000018,270 ± 540,1.9 ± 3.9,270 ± 550,70000 ± 190000,81100 ± 5700,-100 ± 570,6970 ± 550,-2000000 ± 6700000,328000 ± 7700,34000 ± 94000,76800 ± 5400,-50 ± 280,6290 ± 520,-1000000 ± 3300000,314000 ± 7700,-0.35 ± 0.41,2880 ± 520,80000 ± 220000,82000 ± 5700,-110 ± 640,7100 ± 560,0 ± 0.0E+0,0 ± 0.0E+0,-0.35 ± 0.40,2870 ± 520,-26 ± 52,-700 ± 1400,0.06 ± 0.12,-4.64E-9 ± 0,nan,nan,
,,-,,,,,,,1197 ± 69,287 ± 30,363 ± 25,263 ± 13,658 ± 50,0 ± 0.0E+0,0 ± 0.0E+0,0 ± 0.0E+0,2770 ± 100,0 ± 0.0E+0,1.00E+0 ± 0,37 ± 69,-4 ± 30,8 ± 25,4 ± 13,9 ± 50,-0.0000075669 ± 0.0000000019,-0.0001699138 ± 0.0000000072,-0.02314648 ± 0.00000096,10 ± 100,22.4548 ± 0.0046,37 ± 69,-4 ± 30,8 ± 25,4 ± 13,9 ± 50,-0.0000075669 ± 0.0000000019,-0.0001699138 ± 0.0000000072,-0.02314648 ± 0.00000096,10 ± 100,-50000 ± 150000,81400 ± 2300,-160 ± 560,7300 ± 290,-1200000 ± 6600000,332900 ± 5800,-23000 ± 73000,76900 ± 2300,-80 ± 280,6600 ± 290,-600000 ± 3300000,318900 ± 5800,-0.01 ± 0.39,2870 ± 610,-50000 ± 170000,82200 ± 2300,-180 ± 640,7430 ± 290,0 ± 0.0E+0,0 ± 0.0E+0,-0.01 ± 0.38,2850 ± 610,0.0000007 ± 0.0000014,0.00043986 ± 0.00000048,-3.93E-8 ± 0,-4.74E-9 ± 0,nan,nan,
,,-,,,,,,,1177 ± 62,293 ± 31,315 ± 19,251 ± 13,643 ± 46,0 ± 0.0E+0,210 ± 420,1.5 ± 3.1,2890 ± 430,0 ± 0.0E+0,1.00E+0 ± 0,15 ± 62,2 ± 31,-43 ± 19,-11 ± 12,-12 ± 46,-0.0000077097 ± 0.0000000020,210 ± 420,1.5 ± 3.1,120 ± 430,-27000000 ± 55000000,15 ± 62,2 ± 31,-43 ± 19,-11 ± 12,-12 ± 46,-0.0000077097 ± 0.0000000020,210 ± 420,1.5 ± 3.1,120 ± 430,250000 ± 110000,81200 ± 3200,460 ± 540,7390 ± 440,1500000 ± 6000000,337100 ± 4800,124000 ± 57000,76800 ± 3000,230 ± 270,6710 ± 410,800000 ± 3000000,323100 ± 4800,-0.02 ± 0.35,3430 ± 650,280000 ± 130000,82000 ± 3200,520 ± 610,7510 ± 450,0 ± 0.0E+0,0 ± 0.0E+0,-0.02 ± 0.35,3410 ± 650,-4.0 ± 8.1,-700 ± 1300,0.049 ± 0.098,-4.84E-9 ± 0,nan,nan,
,,-,,,,,,,1118 ± 52,299 ± 31,349 ± 29,265 ± 14,628 ± 47,0 ± 0.0E+0,210 ± 410,1.5 ± 3.0,2870 ± 410,0 ± 0.0E+0,1.00E+0 ± 0,-45 ± 52,7 ± 31,-12 ± 29,1 ± 14,-31 ± 47,-0.0000078490 ± 0.0000000021,210 ± 410,1.5 ± 3.0,80 ± 410,-26000000 ± 52000000,-45 ± 52,7 ± 31,-12 ± 29,1 ± 14,-31 ± 47,-0.0000078490 ± 0.0000000021,210 ± 410,1.5 ± 3.0,80 ± 410,70000 ± 170000,80100 ± 3700,-110 ± 590,7090 ± 580,4000000 ± 5900000,337800 ± 4300,34000 ± 86000,75700 ± 3500,-50 ± 290,6450 ± 500,2000000 ± 3000000,323800 ± 4300,-0.09 ± 0.52,3180 ± 400,80000 ± 200000,80900 ± 3700,-120 ± 660,7140 ± 710,0 ± 0.0E+0,0 ± 0.0E+0,-0.09 ± 0.51,3230 ± 400,-11 ± 21,-1200 ± 2500,0.048 ± 0.096,-4.93E-9 ± 0,nan,nan,
,,-,,,,,,,1137 ± 74,278 ± 26,338 ± 29,270 ± 19,686 ± 49,0 ± 0.0E+0,480 ± 670,3.5 ± 4.9,3190 ± 690,0 ± 0.0E+0,1.00E+0 ± 0,-27 ± 74,-14 ± 26,-26 ± 29,4 ± 19,21 ± 49,-0.0000079829 ± 0.0000000019,480 ± 670,3.5 ± 4.9,400 ± 690,-60000000 ± 84000000,-27 ± 74,-14 ± 26,-26 ± 29,4 ± 19,21 ± 49,-0.0000079829 ± 0.0000000019,480 ± 670,3.5 ± 4.9,400 ± 690,150000 ± 160000,79500 ± 5600,-110 ± 790,6940 ± 690,-2600000 ± 6100000,334300 ± 5500,73000 ± 81000,75300 ± 5400,-60 ± 400,6270 ± 650,-1300000 ± 3100000,320300 ± 5500,-0.23 ± 0.44,2800 ± 580,170000 ± 180000,80300 ± 5700,-130 ± 890,7050 ± 700,0 ± 0.0E+0,0 ± 0.0E+0,-0.23 ± 0.43,2790 ± 580,0.5 ± 3.8,4300 ± 6000,0.11 ± 0.16,-5.03E-9 ± 0,nan,nan,
,,-,,,,,,,1123 ± 60,278 ± 27,352 ± 28,259 ± 14,661 ± 50,210 ± 410,410 ± 580,3.0 ± 4.2,3290 ± 720,0 ± 0.0E+0,1.00E+0 ± 0,-43 ± 60,-15 ± 27,-15 ± 28,-9 ± 14,-9 ± 50,210 ± 410,410 ± 580,3.0 ± 4.2,480 ± 720,-51000000 ± 71000000,-43 ± 60,-15 ± 27,-15 ± 28,-9 ± 14,-9 ± 50,210 ± 410,410 ± 580,3.0 ± 4.2,480 ± 720,90000 ± 160000,80100 ± 5500,350 ± 580,7150 ± 530,1300000 ± 6200000,331000 ± 17000,43000 ± 82000,75900 ± 5300,170 ± 290,6490 ± 480,600000 ± 3100000,317000 ± 16000,0.04 ± 0.53,3550 ± 220,100000 ± 180000,80900 ± 5600,390 ± 640,7260 ± 540,0 ± 0.0E+0,0 ± 0.0E+0,0.04 ± 0.53,3540 ± 220,44 ± 62,800 ± 1100,0.10 ± 0.14,0.13 ± 0.26,nan,nan,
,,-,,,,,,,1128 ± 63,272 ± 28,382 ± 27,273 ± 14,722 ± 47,0 ± 0.0E+0,0 ± 0.0E+0,0 ± 0.0E+0,2777 ± 82,0 ± 0.0E+0,1.00E+0 ± 0,-40 ± 63,-22 ± 28,12 ± 27,3 ± 14,47 ± 47,-0.0000082687 ± 0.0000000020,-0.0001726092 ± 0.0000000075,-0.02350364 ± 0.00000099,-46 ± 82,20.8750 ± 0.0040,-40 ± 63,-22 ± 28,12 ± 27,3 ± 14,47 ± 47,-0.0000082687 ± 0.0000000020,-0.0001726092 ± 0.0000000075,-0.02350364 ± 0.00000099,-46 ± 82,-70000 ± 160000,84200 ± 1500,-140 ± 610,7500 ± 290,-5700000 ± 5700000,334100 ± 5300,-36000 ± 79000,79700 ± 1500,-70 ± 310,6790 ± 280,-2800000 ± 2900000,320100 ± 5300,0.3 ± 1.3,2830 ± 540,-80000 ± 180000,84900 ± 1500,-160 ± 680,7610 ± 290,0 ± 0.0E+0,0 ± 0.0E+0,0.3 ± 1.3,2820 ± 540,-0.0000051 ± 0.0000026,-0.0001664 ± 0.0000013,-4.10E-8 ± 0,-5.24E-9 ± 0,nan,nan,
,,-,,,,,,,1280 ± 250,320 ± 130,420 ± 130,271 ± 33,800 ± 220,0 ± 0.0E+0,5300 ± 6700,38 ± 48,8400 ± 6500,0 ± 0.0E+0,1.00E+0 ± 0,110 ± 250,30 ± 130,50 ± 130,0 ± 33,130 ± 220,-8.29E-6 ± 0,5300 ± 6700,38 ± 48,5600 ± 6500,-640000000 ± 810000000,110 ± 250,30 ± 130,50 ± 130,0 ± 33,130 ± 220,-8.29E-6 ± 0,5300 ± 6700,38 ± 48,5600 ± 6500,-380000 ± 680000,29000 ± 58000,500 ± 1100,4300 ± 3400,-15000000 ± 27000000,324000 ± 16000,-190000 ± 340000,27000 ± 55000,240 ± 530,3900 ± 3100,-8000000 ± 13000000,310000 ± 16000,0.19 ± 0.45,3000 ± 2300,-430000 ± 770000,29000 ± 58000,500 ± 1200,4400 ± 3400,0 ± 0.0E+0,0 ± 0.0E+0,0.19 ± 0.44,3000 ± 2300,40 ± 140,4700 ± 5900,1.3 ± 1.6,-5.26E-9 ± 0,nan,nan,
,,-,,,,,,,1188 ± 56,318 ± 31,397 ± 55,267 ± 13,657 ± 43,0 ± 0.0E+0,180 ± 360,1.3 ± 2.6,3010 ± 370,0 ± 0.0E+0,1.00E+0 ± 0,19 ± 56,24 ± 31,25 ± 55,-5 ± 13,-23 ± 43,-0.0000084078 ± 0.0000000022,180 ± 360,1.3 ± 2.6,170 ± 370,-21000000 ± 43000000,19 ± 56,24 ± 31,25 ± 55,-5 ± 13,-23 ± 43,-0.0000084078 ± 0.0000000022,180 ± 360,1.3 ± 2.6,170 ± 370,-140000 ± 320000,82300 ± 3900,210 ± 550,7350 ± 410,2800000 ± 5200000,339400 ± 3400,-70000 ± 160000,77900 ± 3700,110 ± 270,6660 ± 380,1400000 ± 2600000,325400 ± 3400,-1.3 ± 1.5,3070 ± 380,-150000 ± 350000,83000 ± 3900,240 ± 610,7450 ± 410,0 ± 0.0E+0,0 ± 0.0E+0,-1.3 ± 1.5,3060 ± 380,1.7 ± 3.3,110 ± 210,0.043 ± 0.086,-5.34E-9 ± 0,nan,nan,
,,-,,,,,,,1183 ± 71,285 ± 30,457 ± 54,287 ± 15,677 ± 55,0 ± 0.0E+0,210 ± 430,1.6 ± 3.1,3110 ± 440,0 ± 0.0E+0,1.00E+0 ± 0,13 ± 71,-10 ± 30,82 ± 54,13 ± 15,-8 ± 55,-0.0000085541 ± 0.0000000020,210 ± 430,1.5 ± 3.1,260 ± 440,-25000000 ± 50000000,13 ± 71,-10 ± 30,82 ± 54,13 ± 15,-8 ± 55,-0.0000085541 ± 0.0000000020,210 ± 430,1.5 ± 3.1,260 ± 440,-480000 ± 310000,80100 ± 6300,-560 ± 640,7200 ± 510,1000000 ± 6400000,335900 ± 4500,-240000 ± 150000,75800 ± 6000,-280 ± 320,6520 ± 470,500000 ± 3200000,321900 ± 4500,13 ± 37,3040 ± 440,-540000 ± 340000,80800 ± 6300,-620 ± 700,7300 ± 520,0 ± 0.0E+0,0 ± 0.0E+0,13 ± 36,3030 ± 440,-1.2 ± 2.5,90 ± 170,0.05 ± 0.10,-5.45E-9 ± 0,nan,nan,
,,-,,,,,,,1152 ± 69,309 ± 35,410 ± 40,279 ± 14,657 ± 44,230 ± 450,0 ± 0.0E+0,0 ± 0.0E+0,3030 ± 460,0 ± 0.0E+0,1.00E+0 ± 0,-20 ± 69,13 ± 35,32 ± 40,2 ± 14,-34 ± 44,230 ± 450,-0.0001742433 ± 0.0000000075,-0.0237202 ± 0.0000010,170 ± 460,19.76 ± 0.57,-20 ± 69,13 ± 35,32 ± 40,2 ± 14,-34 ± 44,230 ± 450,-0.0001742433 ± 0.0000000075,-0.0237202 ± 0.0000010,170 ± 460,-190000 ± 230000,80600 ± 3000,-100 ± 580,7290 ± 390,3900000 ± 5100000,312000 ± 16000,-90000 ± 110000,76100 ± 3000,-50 ± 290,6590 ± 390,1900000 ± 2500000,299000 ± 16000,-0.7 ± 1.3,3560 ± 450,-210000 ± 250000,81300 ± 3000,-110 ± 640,7390 ± 390,0 ± 0.0E+0,0 ± 0.0E+0,-0.7 ± 1.2,3550 ± 460,0.0000050 ± 0.0000038,-0.0000537 ± 0.0000016,-4.21E-8 ± 0,0.14 ± 0.29,nan,nan,
,,-,,,,,,,1183 ± 58,293 ± 32,368 ± 25,263 ± 12,743 ± 48,0 ± 0.0E+0,180 ± 360,1.3 ± 2.6,3030 ± 370,0 ± 0.0E+0,1.00E+0 ± 0,9 ± 58,-4 ± 32,-12 ± 25,-16 ± 12,47 ± 48,-0.0000088356 ± 0.0000000022,180 ± 360,1.3 ± 2.6,160 ± 370,-20000000 ± 41000000,9 ± 58,-4 ± 32,-12 ± 25,-16 ± 12,47 ± 48,-0.0000088356 ± 0.0000000022,180 ± 360,1.3 ± 2.6,160 ± 370,70000 ± 140000,79600 ± 3900,710 ± 500,7000 ± 390,-5300000 ± 5400000,316600 ± 8900,36000 ± 71000,75200 ± 3700,350 ± 250,6310 ± 380,-2700000 ± 2700000,302600 ± 8900,0.1 ± 1.1,3230 ± 550,80000 ± 160000,80200 ± 3900,780 ± 540,7100 ± 390,0 ± 0.0E+0,0 ± 0.0E+0,0.1 ± 1.1,3220 ± 550,6 ± 13,44 ± 88,0.044 ± 0.088,-5.67E-9 ± 0,nan,nan,
,,-,,,,,,,1195 ± 62,297 ± 30,381 ± 24,276 ± 13,698 ± 48,0 ± 0.0E+0,580 ± 660,4.2 ± 4.8,3430 ± 680,0 ± 0.0E+0,1.00E+0 ± 0,20 ± 62,0 ± 30,-2 ± 24,-4 ± 13,-3 ± 48,-0.0000089769 ± 0.0000000021,580 ± 660,4.2 ± 4.8,550 ± 680,-65000000 ± 74000000,20 ± 62,0 ± 30,-2 ± 24,-4 ± 13,-3 ± 48,-0.0000089769 ± 0.0000000021,580 ± 660,4.2 ± 4.8,550 ± 680,10000 ± 130000,75400 ± 7300,180 ± 540,6800 ± 590,300000 ± 5400000,327200 ± 6800,6000 ± 66000,71300 ± 6900,90 ± 270,6140 ± 550,200000 ± 2700000,313200 ± 6800,0.25 ± 0.67,2920 ± 540,10000 ± 150000,76000 ± 7300,200 ± 590,6890 ± 600,0 ± 0.0E+0,0 ± 0.0E+0,0.25 ± 0.66,2910 ± 540,-22 ± 43,120 ± 130,0.14 ± 0.16,-5.78E-9 ± 0,nan,nan,
,,-,,,,,,,1162 ± 56,290 ± 31,404 ± 51,277 ± 13,656 ± 41,190 ± 390,0 ± 0.0E+0,0 ± 0.0E+0,2980 ± 410,0 ± 0.0E+0,1.00E+0 ± 0,-14 ± 56,-7 ± 31,18 ± 51,-5 ± 13,-50 ± 41,190 ± 390,-0.0001758548 ± 0.0000000082,-0.0239338 ± 0.0000011,80 ± 410,19.06 ± 0.47,-14 ± 56,-7 ± 31,18 ± 51,-5 ± 13,-50 ± 41,190 ± 390,-0.0001758548 ± 0.0000000082,-0.0239338 ± 0.0000011,80 ± 410,-100000 ± 290000,82900 ± 1600,230 ± 540,7380 ± 290,5500000 ± 4500000,324000 ± 15000,-50000 ± 140000,78400 ± 1600,110 ± 270,6680 ± 290,2800000 ± 2300000,310000 ± 14000,-0.07 ± 0.33,3120 ± 410,-110000 ± 320000,83400 ± 1600,250 ± 590,7470 ± 290,0 ± 0.0E+0,0 ± 0.0E+0,-0.07 ± 0.33,3180 ± 410,0.0000001 ± 0.0000011,-0.00002928 ± 0.00000073,-4.33E-8 ± 0,0.12 ± 0.25,nan,nan,
,,-,,,,,,,1138 ± 66,321 ± 29,397 ± 35,287 ± 15,712 ± 53,0 ± 0.0E+0,220 ± 450,1.6 ± 3.2,3080 ± 440,0 ± 0.0E+0,1.00E+0 ± 0,-40 ± 66,23 ± 29,8 ± 35,3 ± 15,1 ± 53,-0.0000092611 ± 0.0000000020,220 ± 450,1.6 ± 3.2,170 ± 440,-24000000 ± 48000000,-40 ± 66,23 ± 29,8 ± 35,3 ± 15,1 ± 53,-0.0000092611 ± 0.0000000020,220 ± 450,1.6 ± 3.2,170 ± 440,-50000 ± 200000,81600 ± 4600,-160 ± 630,7170 ± 560,-100000 ± 5700000,325100 ± 7500,-25000 ± 99000,77300 ± 4400,-80 ± 320,6510 ± 480,0 ± 2800000,311100 ± 7500,0.60 ± 0.42,3010 ± 670,-50000 ± 220000,82200 ± 4700,-170 ± 680,7240 ± 580,0 ± 0.0E+0,0 ± 0.0E+0,0.59 ± 0.42,3170 ± 610,-14 ± 29,32 ± 64,0.06 ± 0.11,-6.01E-9 ± 0,nan,nan,
,,-,,,,,,,1143 ± 76,333 ± 48,427 ± 52,296 ± 18,691 ± 59,0 ± 0.0E+0,0 ± 0.0E+0,0 ± 0.0E+0,2890 ± 110,0 ± 0.0E+0,1.00E+0 ± 0,-36 ± 76,34 ± 48,35 ± 52,9 ± 18,-26 ± 59,-0.0000094055 ± 0.0000000018,-0.0001769747 ± 0.0000000068,-0.02408218 ± 0.00000090,-40 ± 110,18.8161 ± 0.0028,-36 ± 76,34 ± 48,35 ± 52,9 ± 18,-26 ± 59,-0.0000094055 ± 0.0000000018,-0.0001769747 ± 0.0000000068,-0.02408218 ± 0.00000090,-40 ± 110,-200000 ± 300000,81600 ± 2100,-380 ± 760,7540 ± 300,2800000 ± 6300000,332400 ± 6800,-100000 ± 150000,77100 ± 2100,-190 ± 380,6830 ± 300,1400000 ± 3100000,318400 ± 6800,0.43 ± 0.49,2840 ± 800,-220000 ± 320000,82100 ± 2100,-410 ± 820,7610 ± 300,0 ± 0.0E+0,0 ± 0.0E+0,0.43 ± 0.49,2820 ± 800,0.0000007 ± 0.0000014,-0.000022113 ± 0.000000035,-4.42E-8 ± 0,-6.12E-9 ± 0,nan,nan,
,,-,,,,,,,1182 ± 61,291 ± 35,460 ± 31,306 ± 16,770 ± 49,0 ± 0.0E+0,210 ± 420,1.5 ± 3.0,3220 ± 440,0 ± 0.0E+0,1.00E+0 ± 0,1 ± 61,-8 ± 35,66 ± 31,18 ± 16,48 ± 49,-0.0000095371 ± 0.0000000020,210 ± 420,1.5 ± 3.0,280 ± 440,-22000000 ± 44000000,1 ± 61,-8 ± 35,66 ± 31,18 ± 16,48 ± 49,-0.0000095371 ± 0.0000000020,210 ± 420,1.5 ± 3.0,280 ± 440,-370000 ± 170000,78100 ± 8100,-710 ± 650,6450 ± 650,-5000000 ± 5100000,330200 ± 5400,-187000 ± 86000,73900 ± 7700,-350 ± 320,5770 ± 630,-2500000 ± 2500000,316200 ± 5400,0.30 ± 0.53,3070 ± 490,-400000 ± 190000,78600 ± 8100,-760 ± 700,6520 ± 650,0 ± 0.0E+0,0 ± 0.0E+0,0.29 ± 0.53,3060 ± 490,-3.8 ± 7.6,23 ± 46,0.05 ± 0.10,-6.23E-9 ± 0,nan,nan,
,,-,,,,,,,1213 ± 66,293 ± 32,418 ± 41,301 ± 15,850 ± 180,0 ± 0.0E+0,230 ± 460,1.7 ± 3.3,3310 ± 500,0 ± 0.0E+0,1.00E+0 ± 0,31 ± 66,-7 ± 32,21 ± 41,11 ± 15,120 ± 180,-0.0000096795 ± 0.0000000020,230 ± 460,1.6 ± 3.3,360 ± 500,-24000000 ± 47000000,31 ± 66,-7 ± 32,21 ± 41,11 ± 15,120 ± 180,-0.0000096795 ± 0.0000000020,230 ± 460,1.6 ± 3.3,360 ± 500,-130000 ± 230000,82200 ± 5300,-440 ± 630,6770 ± 610,-13000000 ± 18000000,324700 ± 5500,-60000 ± 110000,77900 ± 5000,-220 ± 320,6090 ± 580,-6400000 ± 9100000,310700 ± 5500,0.26 ± 0.47,2850 ± 670,-140000 ± 250000,82700 ± 5300,-480 ± 680,6840 ± 620,0 ± 0.0E+0,0 ± 0.0E+0,0.26 ± 0.46,2840 ± 670,-2.5 ± 5.0,23 ± 45,0.06 ± 0.12,-6.35E-9 ± 0,nan,nan,
,,-,,,,,,,1179 ± 66,296 ± 34,384 ± 23,299 ± 13,771 ± 53,0 ± 0.0E+0,450 ± 640,3.3 ± 4.6,3380 ± 660,0 ± 0.0E+0,1.00E+0 ± 0,-5 ± 66,-5 ± 34,-16 ± 23,6 ± 13,39 ± 53,-0.0000098247 ± 0.0000000020,450 ± 640,3.3 ± 4.6,420 ± 660,-46000000 ± 65000000,-5 ± 66,-5 ± 34,-16 ± 23,6 ± 13,39 ± 53,-0.0000098247 ± 0.0000000020,450 ± 640,3.3 ± 4.6,420 ± 660,90000 ± 120000,78400 ± 5800,-240 ± 520,6690 ± 590,-4000000 ± 5400000,329300 ± 5200,47000 ± 60000,74100 ± 5500,-120 ± 260,6020 ± 540,-2000000 ± 2700000,315300 ± 5200,-0.02 ± 0.83,2790 ± 600,100000 ± 130000,78800 ± 5800,-260 ± 550,6750 ± 590,0 ± 0.0E+0,0 ± 0.0E+0,-0.02 ± 0.82,2770 ± 600,-0.2 ± 3.0,41 ± 57,0.12 ± 0.16,-6.47E-9 ± 0,nan,nan,
