Label,Comment,Components,Shape,Height,Width,Rep Rate,Speed,Angle,Hg202,Pb204,Pb206,Pb207,Pb208,Th232,U238,U235,TotalBeam,BeamSeconds,Mask,Hg202_CPS,Pb204_CPS,Pb206_CPS,Pb207_CPS,Pb208_CPS,Th232_CPS,U238_CPS,U235_CPS,TotalBeam_CPS,Raw U/Th,Hg202_CPS,Pb204_CPS,Pb206_CPS,Pb207_CPS,Pb208_CPS,Th232_CPS,U238_CPS,U235_CPS,TotalBeam_CPS,Pb206/U238,Pb206/U238 age,Pb207/U235,Pb207/U235 age,Pb208/Th232,Pb208/Th232 age,DC Pb206/U238,DC Pb206/U238 age,DC Pb207/U235,DC Pb207/U235 age,DC Pb208/Th232,DC Pb208/Th232 age,DC Pb207/Pb206,DC Pb207/Pb206 age,Final Pb206/U238,Final Pb206/U238 age,Final Pb207/U235,Final Pb207/U235 age,Final Pb208/Th232,Final Pb208/Th232 age,Final Pb207/Pb206,Final Pb207/Pb206 age,Final U238/Pb206,Final U/Th,Approx_U_PPM,Approx_Th_PPM,rho 207Pb/206Pb v 238U/206Pb,rho 206Pb/238U v 207Pb/235U,
,,-,,,,,,,1628 ± 68,387 ± 31,457000 ± 10000,24560 ± 570,12470 ± 310,381000 ± 21000,11590000 ± 290000,84000 ± 2100,12560000 ± 310000,13.1 ± 1.2,1.00E+0 ± 0,416 ± 68,102 ± 31,457000 ± 10000,24410 ± 570,12100 ± 310,381000 ± 21000,11590000 ± 290000,84000 ± 2100,12560000 ± 310000,31.1 ± 1.4,416 ± 68,102 ± 31,457000 ± 10000,24410 ± 570,12100 ± 310,381000 ± 21000,11590000 ± 290000,84000 ± 2100,12560000 ± 310000,0.03966 ± 0.00037,250.7 ± 2.3,0.2920 ± 0.0032,260.1 ± 2.5,0.0323 ± 0.0015,642 ± 29,0.9599 ± 0.0081,4337 ± 27,0.9598 ± 0.0096,682.9 ± 5.0,0.991 ± 0.049,13790 ± 480,0.05342 ± 0.00032,344 ± 14,0.05386 ± 0.00045,338.2 ± 2.8,0.3957 ± 0.0040,338.4 ± 2.9,0 ± 0.0E+0,0 ± 0.0E+0,0.05330 ± 0.00032,339 ± 14,18.60 ± 0.16,9.81 ± 0.45,794 ± 20,82.0 ± 4.5,0.0189137,0.782471,
,,-,,,,,,,1661 ± 63,404 ± 34,312000 ± 12000,16820 ± 670,9510 ± 450,280000 ± 19000,7620000 ± 350000,55300 ± 2500,8310000 ± 380000,12.8 ± 1.2,1.00E+0 ± 0,503 ± 63,130 ± 34,312000 ± 12000,16650 ± 670,9100 ± 450,280000 ± 19000,7620000 ± 350000,55300 ± 2500,8300000 ± 380000,27.8 ± 1.3,503 ± 63,130 ± 34,312000 ± 12000,16650 ± 670,9100 ± 450,280000 ± 19000,7620000 ± 350000,55300 ± 2500,8300000 ± 380000,0.04088 ± 0.00051,258.3 ± 3.2,0.3003 ± 0.0039,266.5 ± 3.1,0.0336 ± 0.0017,668 ± 34,0.9924 ± 0.0096,4442 ± 31,0.992 ± 0.012,699.1 ± 5.9,1.005 ± 0.050,13990 ± 510,0.05331 ± 0.00037,339 ± 16,0.05286 ± 0.00051,332.1 ± 3.1,0.3868 ± 0.0046,331.9 ± 3.3,0 ± 0.0E+0,0 ± 0.0E+0,0.05301 ± 0.00037,326 ± 16,18.96 ± 0.18,8.97 ± 0.43,697 ± 32,78.9 ± 5.2,0.0663344,0.817048,
,,-,,,,,,,1615 ± 68,405 ± 37,294600 ± 7900,15960 ± 420,8300 ± 270,230000 ± 14000,7120000 ± 200000,51600 ± 1400,7720000 ± 210000,11.6 ± 1.2,1.00E+0 ± 0,463 ± 68,131 ± 37,294300 ± 7900,15780 ± 420,7880 ± 270,230000 ± 14000,7120000 ± 200000,51600 ± 1400,7720000 ± 210000,32.4 ± 1.8,463 ± 68,131 ± 37,294300 ± 7900,15780 ± 420,7880 ± 270,230000 ± 14000,7120000 ± 200000,51600 ± 1400,7720000 ± 210000,0.04158 ± 0.00059,262.6 ± 3.7,0.3066 ± 0.0046,271.4 ± 3.6,0.0353 ± 0.0020,701 ± 40,1.014 ± 0.011,4517 ± 36,1.015 ± 0.011,711.0 ± 5.6,1.088 ± 0.065,14660 ± 600,0.05363 ± 0.00036,353 ± 15,0.05362 ± 0.00057,336.7 ± 3.5,0.3927 ± 0.0043,336.2 ± 3.2,0 ± 0.0E+0,0 ± 0.0E+0,0.05329 ± 0.00036,338 ± 15,18.67 ± 0.21,10.41 ± 0.58,666 ± 18,66.4 ± 3.9,0.178669,0.825654,
,,-,,,,,,,1698 ± 81,419 ± 40,380700 ± 9500,20640 ± 510,10550 ± 290,297000 ± 16000,8800000 ± 230000,63800 ± 1700,9570000 ± 250000,11.8 ± 1.2,1.00E+0 ± 0,564 ± 81,149 ± 40,380500 ± 9500,20460 ± 510,10110 ± 290,297000 ± 16000,8800000 ± 230000,63800 ± 1700,9570000 ± 250000,30.9 ± 1.6,564 ± 81,149 ± 40,380500 ± 9500,20460 ± 510,10110 ± 290,297000 ± 16000,8800000 ± 230000,63800 ± 1700,9570000 ± 250000,0.04349 ± 0.00064,274.4 ± 4.0,0.3216 ± 0.0052,283.0 ± 4.0,0.0355 ± 0.0018,704 ± 35,1.055 ± 0.013,4640 ± 41,1.061 ± 0.014,733.9 ± 6.9,1.077 ± 0.057,14620 ± 530,0.05378 ± 0.00032,360 ± 13,0.05463 ± 0.00067,342.8 ± 4.1,0.4015 ± 0.0053,342.6 ± 3.8,0 ± 0.0E+0,0 ± 0.0E+0,0.05334 ± 0.00031,341 ± 13,18.33 ± 0.21,9.88 ± 0.50,862 ± 22,90.2 ± 5.0,0.110179,0.844735,
,,-,,,,,,,1608 ± 78,389 ± 37,119500 ± 2800,9100 ± 250,13270 ± 380,114000 ± 10000,856000 ± 36000,6210 ± 260,1119000 ± 42000,9.9 ± 1.1,1.00E+0 ± 0,390 ± 78,102 ± 37,119200 ± 2800,8950 ± 250,12910 ± 380,114000 ± 10000,856000 ± 36000,6210 ± 260,1117000 ± 42000,8.35 ± 0.80,390 ± 78,102 ± 37,119200 ± 2800,8950 ± 250,12910 ± 380,114000 ± 10000,856000 ± 36000,6210 ± 260,1117000 ± 42000,0.1394 ± 0.0041,840 ± 23,1.450 ± 0.043,907 ± 18,0.124 ± 0.011,2340 ± 190,3.45 ± 0.10,9620 ± 160,4.88 ± 0.15,1792 ± 26,3.87 ± 0.39,31200 ± 1500,0.07550 ± 0.00080,1078 ± 21,0.1949 ± 0.0059,1147 ± 32,2.024 ± 0.064,1119 ± 21,0 ± 0.0E+0,0 ± 0.0E+0,0.07535 ± 0.00080,1074 ± 21,5.20 ± 0.16,2.62 ± 0.25,56.6 ± 2.4,23.9 ± 2.2,0.182066,0.94556,
,,-,,,,,,,1577 ± 79,374 ± 37,130400 ± 2300,9910 ± 160,14290 ± 330,116900 ± 8900,1024000 ± 37000,7430 ± 270,1307000 ± 42000,9.3 ± 1.0,1.00E+0 ± 0,361 ± 79,88 ± 37,130200 ± 2300,9770 ± 160,13930 ± 330,116900 ± 8900,1024000 ± 37000,7430 ± 270,1305000 ± 42000,9.48 ± 0.88,361 ± 79,88 ± 37,130200 ± 2300,9770 ± 160,13930 ± 330,116900 ± 8900,1024000 ± 37000,7430 ± 270,1305000 ± 42000,0.1289 ± 0.0044,781 ± 25,1.327 ± 0.046,854 ± 20,0.129 ± 0.012,2430 ± 200,3.20 ± 0.10,9210 ± 150,4.42 ± 0.13,1715 ± 26,3.90 ± 0.37,31300 ± 1400,0.07474 ± 0.00079,1062 ± 20,0.1800 ± 0.0056,1066 ± 31,1.829 ± 0.055,1053 ± 20,0 ± 0.0E+0,0 ± 0.0E+0,0.07458 ± 0.00079,1058 ± 20,5.62 ± 0.17,2.98 ± 0.28,68.6 ± 2.5,24.6 ± 1.9,0.112257,0.940253,
,,-,,,,,,,1580 ± 66,355 ± 29,12550 ± 560,812 ± 36,2000 ± 110,277000 ± 18000,1909000 ± 94000,13850 ± 680,2220000 ± 110000,12.5 ± 1.3,1.00E+0 ± 0,366 ± 66,68 ± 29,12310 ± 560,663 ± 36,1630 ± 110,277000 ± 18000,1909000 ± 94000,13850 ± 680,2220000 ± 110000,7.04 ± 0.35,366 ± 66,68 ± 29,12310 ± 560,663 ± 36,1630 ± 110,277000 ± 18000,1909000 ± 94000,13850 ± 680,2220000 ± 110000,0.00643 ± 0.00016,41.3 ± 1.0,0.0488 ± 0.0020,48.3 ± 2.0,0.00634 ± 0.00059,128 ± 12,0.1575 ± 0.0037,942 ± 20,0.1596 ± 0.0079,149.7 ± 6.9,0.190 ± 0.018,3460 ± 290,0.0553 ± 0.0025,523 ± 77,0.00885 ± 0.00021,56.8 ± 1.3,0.0659 ± 0.0033,64.7 ± 3.1,0 ± 0.0E+0,0 ± 0.0E+0,0.0551 ± 0.0025,519 ± 77,114.6 ± 2.7,2.22 ± 0.11,129.3 ± 6.4,59.0 ± 3.7,0.00306804,0.252643,
,,-,,,,,,,1581 ± 91,399 ± 39,386700 ± 4100,35470 ± 400,79490 ± 950,593000 ± 28000,2130000 ± 53000,15450 ± 380,3231000 ± 69000,11.04 ± 0.97,1.00E+0 ± 0,371 ± 91,114 ± 39,386500 ± 4100,35320 ± 400,79130 ± 950,593000 ± 28000,2130000 ± 53000,15450 ± 380,3229000 ± 69000,3.68 ± 0.19,371 ± 91,114 ± 39,386500 ± 4100,35320 ± 400,79130 ± 950,593000 ± 28000,2130000 ± 53000,15450 ± 380,3229000 ± 69000,0.1831 ± 0.0044,1083 ± 24,2.305 ± 0.058,1212 ± 18,0.1374 ± 0.0062,2600 ± 110,4.47 ± 0.10,10940 ± 120,7.57 ± 0.16,2184 ± 21,4.20 ± 0.21,33090 ± 820,0.09139 ± 0.00058,1453 ± 12,0.2505 ± 0.0058,1440 ± 30,3.115 ± 0.065,1438 ± 18,0 ± 0.0E+0,0 ± 0.0E+0,0.09118 ± 0.00058,1449 ± 12,4.005 ± 0.095,1.163 ± 0.060,147.6 ± 3.7,129.1 ± 6.1,-0.0718699,0.962159,
,,-,,,,,,,1620 ± 79,361 ± 41,666000 ± 20000,199400 ± 6100,135500 ± 4900,352000 ± 24000,1264000 ± 45000,9160 ± 330,2635000 ± 83000,7.40 ± 0.97,1.00E+0 ± 0,460 ± 79,86 ± 41,666000 ± 20000,199300 ± 6100,135000 ± 4900,352000 ± 24000,1264000 ± 45000,9160 ± 330,2633000 ± 83000,3.59 ± 0.21,460 ± 79,86 ± 41,666000 ± 20000,199300 ± 6100,135000 ± 4900,352000 ± 24000,1264000 ± 45000,9160 ± 330,2633000 ± 83000,0.532 ± 0.013,2745 ± 54,21.96 ± 0.55,3178 ± 24,0.389 ± 0.020,6610 ± 290,13.40 ± 0.32,17170 ± 140,74.7 ± 1.8,4389 ± 25,11.93 ± 0.78,51200 ± 1100,0.2995 ± 0.0013,3466.6 ± 6.8,0.715 ± 0.017,3474 ± 64,29.21 ± 0.72,3456 ± 24,0 ± 0.0E+0,0 ± 0.0E+0,0.2978 ± 0.0013,3458.1 ± 6.8,1.409 ± 0.034,1.157 ± 0.067,114.6 ± 4.1,98.4 ± 6.8,0.156451,0.976048,
,,-,,,,,,,1561 ± 89,343 ± 33,112500 ± 4100,8670 ± 270,11920 ± 480,105000 ± 11000,836000 ± 42000,6060 ± 300,1095000 ± 45000,6.86 ± 0.91,1.00E+0 ± 0,406 ± 89,69 ± 33,112300 ± 4100,8500 ± 270,11500 ± 480,105000 ± 11000,836000 ± 42000,6060 ± 300,1093000 ± 45000,8.66 ± 0.96,406 ± 89,69 ± 33,112300 ± 4100,8500 ± 270,11500 ± 480,105000 ± 11000,836000 ± 42000,6060 ± 300,1093000 ± 45000,0.1356 ± 0.0049,819 ± 28,1.404 ± 0.053,893 ± 24,0.116 ± 0.011,2200 ± 200,3.46 ± 0.14,9610 ± 190,4.80 ± 0.17,1786 ± 33,3.37 ± 0.34,29400 ± 1400,0.07517 ± 0.00092,1070 ± 24,0.1840 ± 0.0073,1087 ± 39,1.865 ± 0.067,1071 ± 26,0 ± 0.0E+0,0 ± 0.0E+0,0.07472 ± 0.00092,1058 ± 24,5.54 ± 0.20,2.79 ± 0.31,77.1 ± 3.8,29.9 ± 3.1,-0.191265,0.957794,
,,-,,,,,,,1608 ± 79,380 ± 30,5010 ± 210,401 ± 17,989 ± 68,96800 ± 7700,692000 ± 38000,5020 ± 280,819000 ± 38000,12.3 ± 1.3,1.00E+0 ± 0,454 ± 79,107 ± 30,4760 ± 210,227 ± 17,572 ± 68,96800 ± 7700,692000 ± 38000,5020 ± 280,816000 ± 38000,7.75 ± 0.70,454 ± 79,107 ± 30,4760 ± 210,227 ± 17,572 ± 68,96800 ± 7700,692000 ± 38000,5020 ± 280,816000 ± 38000,0.00702 ± 0.00025,45.1 ± 1.6,0.0469 ± 0.0032,46.4 ± 3.1,0.00642 ± 0.00100,129 ± 20,0.1710 ± 0.0060,1015 ± 33,0.154 ± 0.011,144.5 ± 9.5,0.197 ± 0.032,3460 ± 510,0.0489 ± 0.0031,567 ± 92,0.00906 ± 0.00032,58.1 ± 2.0,0.0599 ± 0.0042,58.8 ± 4.0,0 ± 0.0E+0,0 ± 0.0E+0,0.0486 ± 0.0031,564 ± 91,113.5 ± 4.2,2.50 ± 0.23,64.3 ± 3.5,27.7 ± 2.2,0.169412,0.242697,
,,-,,,,,,,1631 ± 76,397 ± 39,409000 ± 27000,37000 ± 2500,44800 ± 1600,325000 ± 25000,2180000 ± 180000,15800 ± 1300,3020000 ± 200000,10.1 ± 1.1,1.00E+0 ± 0,482 ± 76,125 ± 39,409000 ± 27000,36900 ± 2500,44400 ± 1600,325000 ± 25000,2180000 ± 180000,15800 ± 1300,3020000 ± 200000,7.9 ± 1.2,482 ± 76,125 ± 39,409000 ± 27000,36900 ± 2500,44400 ± 1600,325000 ± 25000,2180000 ± 180000,15800 ± 1300,3020000 ± 200000,0.1903 ± 0.0040,1122 ± 22,2.363 ± 0.050,1229 ± 15,0.1452 ± 0.0097,2730 ± 170,4.710 ± 0.091,11210 ± 100,7.90 ± 0.15,2217 ± 17,4.39 ± 0.29,33700 ± 1100,0.09006 ± 0.00046,1425.4 ± 9.7,0.2484 ± 0.0048,1429 ± 25,3.047 ± 0.057,1418 ± 14,0 ± 0.0E+0,0 ± 0.0E+0,0.08947 ± 0.00045,1412.8 ± 9.7,4.056 ± 0.078,2.53 ± 0.37,206 ± 17,94.7 ± 7.2,0.173675,0.965114,
,,-,,,,,,,1619 ± 69,397 ± 38,911000 ± 37000,150700 ± 5900,218100 ± 5100,867000 ± 34000,2470000 ± 130000,17920 ± 940,4640000 ± 170000,12.0 ± 1.1,1.00E+0 ± 0,473 ± 69,125 ± 38,910000 ± 37000,150500 ± 5900,217600 ± 5100,867000 ± 34000,2470000 ± 130000,17920 ± 940,4640000 ± 170000,2.85 ± 0.18,473 ± 69,125 ± 38,910000 ± 37000,150500 ± 5900,217600 ± 5100,867000 ± 34000,2470000 ± 130000,17920 ± 940,4640000 ± 170000,0.3731 ± 0.0085,2042 ± 40,8.51 ± 0.20,2286 ± 22,0.2548 ± 0.0084,4580 ± 130,9.05 ± 0.20,14870 ± 130,27.99 ± 0.59,3415 ± 21,7.77 ± 0.28,43680 ± 640,0.16532 ± 0.00058,2509.8 ± 5.9,0.475 ± 0.010,2501 ± 45,10.74 ± 0.23,2497 ± 20,0 ± 0.0E+0,0 ± 0.0E+0,0.16416 ± 0.00058,2497.9 ± 5.9,2.119 ± 0.047,0.914 ± 0.058,236 ± 12,255.5 ± 9.9,0.0398118,0.978481,
,,-,,,,,,,1637 ± 81,411 ± 41,1182000 ± 37000,355000 ± 11000,225600 ± 5000,601000 ± 29000,2067000 ± 92000,14990 ± 670,4450000 ± 140000,13.40 ± 1.00,1.00E+0 ± 0,494 ± 81,140 ± 41,1182000 ± 37000,355000 ± 11000,225200 ± 5000,601000 ± 29000,2067000 ± 92000,14990 ± 670,4450000 ± 140000,3.56 ± 0.24,494 ± 81,140 ± 41,1182000 ± 37000,355000 ± 11000,225200 ± 5000,601000 ± 29000,2067000 ± 92000,14990 ± 670,4450000 ± 140000,0.577 ± 0.014,2943 ± 62,23.92 ± 0.62,3265 ± 26,0.383 ± 0.018,6580 ± 270,13.86 ± 0.33,17400 ± 150,77.9 ± 2.0,4435 ± 27,11.87 ± 0.59,51330 ± 900,0.3007 ± 0.0011,3473.1 ± 5.7,0.725 ± 0.017,3510 ± 63,29.80 ± 0.76,3480 ± 26,0 ± 0.0E+0,0 ± 0.0E+0,0.2985 ± 0.0011,3461.8 ± 5.8,1.385 ± 0.033,1.142 ± 0.078,198.4 ± 8.8,178.3 ± 8.5,-0.147707,0.977391,
,,-,,,,,,,1691 ± 72,390 ± 36,781000 ± 22000,70900 ± 2100,146800 ± 5400,1062000 ± 47000,4040000 ± 140000,29300 ± 1000,6130000 ± 200000,10.5 ± 1.1,1.00E+0 ± 0,550 ± 72,119 ± 36,781000 ± 22000,70800 ± 2100,146400 ± 5400,1062000 ± 47000,4040000 ± 140000,29300 ± 1000,6130000 ± 200000,3.88 ± 0.15,550 ± 72,119 ± 36,781000 ± 22000,70800 ± 2100,146400 ± 5400,1062000 ± 47000,4040000 ± 140000,29300 ± 1000,6130000 ± 200000,0.1935 ± 0.0032,1140 ± 17,2.429 ± 0.041,1250 ± 12,0.1387 ± 0.0039,2622 ± 69,4.776 ± 0.079,11293 ± 88,8.11 ± 0.13,2241 ± 15,4.23 ± 0.13,33320 ± 490,0.09113 ± 0.00037,1448.0 ± 7.6,0.2493 ± 0.0041,1434 ± 21,3.093 ± 0.051,1429 ± 12,0 ± 0.0E+0,0 ± 0.0E+0,0.09044 ± 0.00036,1433.7 ± 7.6,4.035 ± 0.066,1.243 ± 0.049,390 ± 14,317 ± 14,-0.0559638,0.957684,
,,-,,,,,,,1543 ± 82,423 ± 39,91800 ± 3100,6980 ± 240,9740 ± 350,88100 ± 8700,634000 ± 29000,4600 ± 210,836000 ± 35000,8.6 ± 1.1,1.00E+0 ± 0,404 ± 82,153 ± 39,91500 ± 3100,6800 ± 240,9310 ± 350,88100 ± 8700,634000 ± 29000,4600 ± 210,834000 ± 35000,8.7 ± 1.4,404 ± 82,153 ± 39,91500 ± 3100,6800 ± 240,9310 ± 350,88100 ± 8700,634000 ± 29000,4600 ± 210,834000 ± 35000,0.1453 ± 0.0058,873 ± 33,1.489 ± 0.063,924 ± 26,0.124 ± 0.019,2200 ± 200,3.67 ± 0.15,9880 ± 200,4.94 ± 0.27,1811 ± 41,3.58 ± 0.58,28200 ± 2000,0.07447 ± 0.00081,1050 ± 22,0.1912 ± 0.0078,1126 ± 41,1.88 ± 0.10,1078 ± 31,0 ± 0.0E+0,0 ± 0.0E+0,0.07389 ± 0.00081,1035 ± 22,5.38 ± 0.20,2.77 ± 0.45,61.5 ± 2.8,26.4 ± 2.6,-0.0952376,0.968247,
,,-,,,,,,,1642 ± 65,390 ± 34,7950 ± 220,549 ± 22,1298 ± 54,156000 ± 11000,1191000 ± 56000,8630 ± 400,1377000 ± 58000,10.6 ± 1.2,1.00E+0 ± 0,506 ± 65,120 ± 34,7700 ± 220,369 ± 22,867 ± 54,156000 ± 11000,1191000 ± 56000,8630 ± 400,1375000 ± 58000,8.41 ± 0.65,506 ± 65,120 ± 34,7700 ± 220,369 ± 22,867 ± 54,156000 ± 11000,1191000 ± 56000,8630 ± 400,1375000 ± 58000,0.00656 ± 0.00024,42.1 ± 1.5,0.0437 ± 0.0025,43.4 ± 2.4,0.00624 ± 0.00060,126 ± 12,0.1608 ± 0.0058,959 ± 32,0.1416 ± 0.0076,134.0 ± 6.8,0.182 ± 0.018,3340 ± 300,0.0489 ± 0.0026,420 ± 81,0.00835 ± 0.00030,53.6 ± 1.9,0.0537 ± 0.0029,53.1 ± 2.8,0 ± 0.0E+0,0 ± 0.0E+0,0.0485 ± 0.0026,425 ± 81,123.0 ± 4.2,2.69 ± 0.21,116.1 ± 5.4,47.0 ± 3.4,0.073847,0.096675,
,,-,,,,,,,1634 ± 75,363 ± 34,395000 ± 25000,36600 ± 2400,62700 ± 1700,436000 ± 20000,1950000 ± 120000,14190 ± 840,2910000 ± 150000,9.8 ± 1.1,1.00E+0 ± 0,502 ± 75,93 ± 34,395000 ± 25000,36400 ± 2400,62200 ± 1700,436000 ± 20000,1950000 ± 120000,14190 ± 840,2900000 ± 150000,4.47 ± 0.25,502 ± 75,93 ± 34,395000 ± 25000,36400 ± 2400,62200 ± 1700,436000 ± 20000,1950000 ± 120000,14190 ± 840,2900000 ± 150000,0.2018 ± 0.0050,1184 ± 27,2.556 ± 0.067,1285 ± 19,0.1421 ± 0.0053,2681 ± 93,5.00 ± 0.11,11520 ± 120,8.51 ± 0.18,2287 ± 20,4.33 ± 0.19,33590 ± 700,0.09191 ± 0.00055,1464 ± 11,0.2580 ± 0.0059,1478 ± 30,3.209 ± 0.067,1460 ± 17,0 ± 0.0E+0,0 ± 0.0E+0,0.09113 ± 0.00054,1448 ± 11,3.914 ± 0.087,1.428 ± 0.081,192 ± 11,133.1 ± 6.1,0.0563218,0.947284,
,,-,,,,,,,1511 ± 61,393 ± 32,116300 ± 3800,6590 ± 230,17680 ± 660,405000 ± 22000,2103000 ± 89000,15260 ± 650,2660000 ± 110000,11.9 ± 1.2,1.00E+0 ± 0,381 ± 61,125 ± 32,116000 ± 3800,6400 ± 230,17240 ± 660,405000 ± 22000,2103000 ± 89000,15250 ± 650,2660000 ± 110000,5.30 ± 0.23,381 ± 61,125 ± 32,116000 ± 3800,6400 ± 230,17240 ± 660,405000 ± 22000,2103000 ± 89000,15250 ± 650,2660000 ± 110000,0.0547 ± 0.0011,343.4 ± 6.7,0.4198 ± 0.0088,355.4 ± 6.2,0.0438 ± 0.0019,866 ± 36,1.347 ± 0.029,5488 ± 78,1.391 ± 0.030,883 ± 13,1.336 ± 0.064,16980 ± 540,0.05561 ± 0.00051,433 ± 20,0.0694 ± 0.0015,432.3 ± 9.0,0.524 ± 0.011,426.8 ± 7.5,0 ± 0.0E+0,0 ± 0.0E+0,0.05512 ± 0.00050,413 ± 21,14.56 ± 0.30,1.692 ± 0.073,208.1 ± 8.9,124.1 ± 6.9,0.173321,0.898389,
,,-,,,,,,,1604 ± 89,403 ± 40,1196000 ± 52000,197700 ± 8700,196600 ± 7600,798000 ± 42000,3230000 ± 140000,23400 ± 1000,5640000 ± 230000,8.9 ± 1.0,1.00E+0 ± 0,476 ± 89,134 ± 40,1196000 ± 52000,197500 ± 8700,196200 ± 7600,798000 ± 42000,3230000 ± 140000,23400 ± 1000,5640000 ± 230000,4.13 ± 0.18,476 ± 89,134 ± 40,1196000 ± 52000,197500 ± 8700,196200 ± 7600,798000 ± 42000,3230000 ± 140000,23400 ± 1000,5640000 ± 230000,0.3710 ± 0.0072,2032 ± 34,8.45 ± 0.16,2281 ± 17,0.250 ± 0.010,4500 ± 160,9.22 ± 0.15,14989 ± 99,28.42 ± 0.52,3431 ± 18,7.44 ± 0.27,43080 ± 690,0.16499 ± 0.00067,2507.8 ± 7.2,0.4736 ± 0.0076,2504 ± 36,10.66 ± 0.20,2492 ± 17,0 ± 0.0E+0,0 ± 0.0E+0,0.16350 ± 0.00066,2492.5 ± 7.3,2.115 ± 0.036,1.315 ± 0.059,321 ± 14,246 ± 13,0.00782577,0.957904,
,,-,,,,,,,1620 ± 85,448 ± 40,1429000 ± 65000,425000 ± 19000,170500 ± 7500,434000 ± 25000,2430000 ± 140000,17660 ± 980,4920000 ± 240000,10.3 ± 1.0,1.00E+0 ± 0,494 ± 85,180 ± 40,1429000 ± 65000,425000 ± 19000,170000 ± 7500,434000 ± 25000,2430000 ± 140000,17660 ± 980,4920000 ± 240000,5.64 ± 0.30,494 ± 85,180 ± 40,1429000 ± 65000,425000 ± 19000,170000 ± 7500,434000 ± 25000,2430000 ± 140000,17660 ± 980,4920000 ± 240000,0.594 ± 0.014,3003 ± 56,24.38 ± 0.61,3279 ± 25,0.396 ± 0.019,6710 ± 270,14.60 ± 0.33,17690 ± 140,81.0 ± 1.8,4470 ± 23,12.01 ± 0.58,51550 ± 870,0.2978 ± 0.0013,3457.7 ± 6.7,0.748 ± 0.017,3595 ± 62,30.30 ± 0.69,3492 ± 22,0 ± 0.0E+0,0 ± 0.0E+0,0.2950 ± 0.0013,3443.2 ± 6.7,1.348 ± 0.030,1.797 ± 0.096,243 ± 14,134.8 ± 7.9,-0.0927499,0.977504,
,,-,,,,,,,1621 ± 75,373 ± 31,63600 ± 2500,3690 ± 170,9250 ± 530,238000 ± 19000,1187000 ± 53000,8610 ± 380,1502000 ± 72000,10.6 ± 1.2,1.00E+0 ± 0,497 ± 75,105 ± 31,63300 ± 2500,3510 ± 170,8810 ± 530,238000 ± 19000,1187000 ± 53000,8610 ± 380,1500000 ± 72000,5.35 ± 0.38,497 ± 75,105 ± 31,63300 ± 2500,3510 ± 170,8810 ± 530,238000 ± 19000,1187000 ± 53000,8610 ± 380,1500000 ± 72000,0.0534 ± 0.0013,335.0 ± 8.2,0.411 ± 0.011,350.2 ± 7.9,0.0394 ± 0.0025,780 ± 49,1.317 ± 0.032,5405 ± 89,1.375 ± 0.035,876 ± 15,1.202 ± 0.074,15820 ± 690,0.05590 ± 0.00083,452 ± 33,0.0673 ± 0.0016,419.9 ± 9.9,0.513 ± 0.013,419.7 ± 8.7,0 ± 0.0E+0,0 ± 0.0E+0,0.05536 ± 0.00083,431 ± 33,15.04 ± 0.37,1.70 ± 0.12,119.2 ± 5.3,74.3 ± 6.0,0.350089,0.858153,
,,-,,,,,,,1295 ± 93,293 ± 43,401 ± 81,163 ± 18,369 ± 50,0 ± 0.0E+0,1600 ± 1600,12 ± 11,4200 ± 1600,0.021 ± 0.021,1.00E+0 ± 0,74 ± 95,9 ± 44,173 ± 82,16 ± 18,10 ± 52,-0.0000147653 ± 0.0000000012,1700 ± 1600,12 ± 12,2000 ± 1600,-110000000 ± 110000000,74 ± 95,9 ± 44,173 ± 82,16 ± 18,10 ± 52,-0.0000147653 ± 0.0000000012,1700 ± 1600,12 ± 12,2000 ± 1600,-810000 ± 440000,47000 ± 26000,-710 ± 710,5500 ± 1500,-700000 ± 3500000,319500 ± 6300,-810000 ± 440000,47000 ± 26000,-710 ± 710,5500 ± 1500,-700000 ± 3500000,319500 ± 6300,-0.40 ± 0.71,2770 ± 810,-45000 ± 25000,36000 ± 20000,-290 ± 290,4800 ± 1300,0 ± 0.0E+0,0 ± 0.0E+0,-0.40 ± 0.70,2770 ± 810,640 ± 950,-35000000 ± 34000000,0.11 ± 0.11,-3.07E-9 ± 0,nan,nan,
,,-,,,,,,,1240 ± 60,283 ± 30,213 ± 22,141 ± 11,377 ± 39,0 ± 0.0E+0,0 ± 0.0E+0,0 ± 0.0E+0,2254 ± 84,0 ± 0.0E+0,1.00E+0 ± 0,22 ± 60,-4 ± 30,-21 ± 22,-7 ± 11,16 ± 39,-0.0000146970 ± 0.0000000016,-0.000179956 ± 0.000000038,-0.0246818 ± 0.0000052,18 ± 84,12.2444 ± 0.0013,22 ± 60,-4 ± 30,-21 ± 22,-7 ± 11,16 ± 39,-0.0000146970 ± 0.0000000016,-0.000179956 ± 0.000000038,-0.0246818 ± 0.0000052,18 ± 84,120000 ± 120000,81300 ± 1700,270 ± 450,7260 ± 240,-1100000 ± 2600000,318200 ± 5000,120000 ± 120000,81300 ± 1700,270 ± 450,7260 ± 240,-1100000 ± 2600000,318200 ± 5000,0.09 ± 0.40,3280 ± 470,6700 ± 6900,62800 ± 1700,110 ± 180,6360 ± 240,0 ± 0.0E+0,0 ± 0.0E+0,0.09 ± 0.40,3280 ± 470,0.000017 ± 0.000030,3.84763 ± 0.00031,-1.20E-8 ± 0,-3.08E-9 ± 0,nan,nan,
,,-,,,,,,,1176 ± 63,291 ± 31,205 ± 20,144 ± 11,353 ± 33,0 ± 0.0E+0,630 ± 940,4.6 ± 6.8,2810 ± 950,0.0057 ± 0.0080,1.00E+0 ± 0,-40 ± 63,4 ± 31,-29 ± 20,-5 ± 11,-11 ± 33,-0.0000145995 ± 0.0000000017,630 ± 940,4.6 ± 6.8,570 ± 950,-43000000 ± 64000000,-40 ± 63,4 ± 31,-29 ± 20,-5 ± 11,-11 ± 33,-0.0000145995 ± 0.0000000017,630 ± 940,4.6 ± 6.8,570 ± 950,170000 ± 110000,79900 ± 5100,170 ± 450,7010 ± 620,700000 ± 2200000,317900 ± 3900,170000 ± 110000,79900 ± 5100,170 ± 450,7010 ± 620,700000 ± 2200000,317900 ± 3900,0.06 ± 0.38,3290 ± 420,9500 ± 6400,62200 ± 4000,70 ± 190,6180 ± 530,0 ± 0.0E+0,0 ± 0.0E+0,0.06 ± 0.38,3280 ± 420,-430 ± 950,-14000000 ± 20000000,0.043 ± 0.063,-3.09E-9 ± 0,nan,nan,
,,-,,,,,,,1198 ± 67,287 ± 35,246 ± 27,139 ± 10,367 ± 35,0 ± 0.0E+0,1200 ± 1300,9.0 ± 9.3,3500 ± 1300,0.017 ± 0.017,1.00E+0 ± 0,-15 ± 67,1 ± 35,11 ± 27,-11 ± 10,2 ± 35,-0.0000145077 ± 0.0000000016,1200 ± 1300,9.0 ± 9.3,1200 ± 1300,-85000000 ± 88000000,-15 ± 67,1 ± 35,11 ± 27,-11 ± 10,2 ± 35,-0.0000145077 ± 0.0000000016,1200 ± 1300,9.0 ± 9.3,1200 ± 1300,-40000 ± 150000,71500 ± 9300,450 ± 420,6560 ± 740,-100000 ± 2400000,321000 ± 4400,-40000 ± 150000,71500 ± 9300,450 ± 420,6560 ± 740,-100000 ± 2400000,321000 ± 4400,-0.02 ± 0.27,3300 ± 460,-2500 ± 8300,55100 ± 7300,190 ± 170,5420 ± 780,0 ± 0.0E+0,0 ± 0.0E+0,-0.02 ± 0.27,3300 ± 460,600 ± 1200,-27000000 ± 28000000,0.084 ± 0.087,-3.10E-9 ± 0,nan,nan,
,,-,,,,,,,1238 ± 80,299 ± 37,270 ± 39,167 ± 13,355 ± 49,690 ± 960,340 ± 690,2.5 ± 5.0,3400 ± 1200,0.0047 ± 0.0093,1.00E+0 ± 0,27 ± 80,13 ± 37,35 ± 39,16 ± 13,-12 ± 49,690 ± 960,340 ± 690,2.5 ± 5.0,1100 ± 1200,-24000000 ± 48000000,27 ± 80,13 ± 37,35 ± 39,16 ± 13,-12 ± 49,690 ± 960,340 ± 690,2.5 ± 5.0,1100 ± 1200,-200000 ± 230000,76300 ± 8400,-670 ± 540,6240 ± 890,800000 ± 3400000,297000 ± 35000,-200000 ± 230000,76300 ± 8400,-670 ± 540,6240 ± 890,800000 ± 3400000,297000 ± 35000,0.34 ± 0.59,3680 ± 390,-11000 ± 13000,58600 ± 6600,-280 ± 220,5380 ± 830,0 ± 0.0E+0,0 ± 0.0E+0,0.33 ± 0.59,3670 ± 390,130 ± 270,-8000000 ± 15000000,0.024 ± 0.047,0.15 ± 0.21,nan,nan,
,,-,,,,,,,1074 ± 60,257 ± 30,248 ± 38,158 ± 11,383 ± 38,0 ± 0.0E+0,0 ± 0.0E+0,0 ± 0.0E+0,2121 ± 88,0 ± 0.0E+0,1.00E+0 ± 0,-135 ± 60,-28 ± 30,12 ± 38,6 ± 11,14 ± 38,-0.0000143221 ± 0.0000000017,-0.000170820 ± 0.000000040,-0.0234295 ± 0.0000055,-121 ± 88,11.9270 ± 0.0014,-135 ± 60,-28 ± 30,12 ± 38,6 ± 11,14 ± 38,-0.0000143221 ± 0.0000000017,-0.000170820 ± 0.000000040,-0.0234295 ± 0.0000055,-121 ± 88,-70000 ± 220000,82400 ± 1500,-250 ± 460,6470 ± 510,-1000000 ± 2700000,320700 ± 4400,-70000 ± 220000,82400 ± 1500,-250 ± 460,6470 ± 510,-1000000 ± 2700000,320700 ± 4400,0.09 ± 0.26,2780 ± 630,-4000 ± 12000,63900 ± 1500,-100 ± 190,5570 ± 500,0 ± 0.0E+0,0 ± 0.0E+0,0.09 ± 0.26,2770 ± 630,0.000015 ± 0.000023,3.76946 ± 0.00036,-1.19E-8 ± 0,-3.13E-9 ± 0,nan,nan,
,,-,,,,,,,1185 ± 83,270 ± 38,261 ± 33,165 ± 13,419 ± 39,300 ± 600,1200 ± 1400,9 ± 10,3800 ± 1600,0.012 ± 0.014,1.00E+0 ± 0,26 ± 83,-5 ± 38,13 ± 33,-6 ± 13,7 ± 39,300 ± 600,1200 ± 1400,9 ± 10,1500 ± 1600,-100000000 ± 120000000,26 ± 83,-5 ± 38,13 ± 33,-6 ± 13,7 ± 39,300 ± 600,1200 ± 1400,9 ± 10,1500 ± 1600,-140000 ± 270000,76000 ± 11000,320 ± 780,6860 ± 800,-400000 ± 3200000,308000 ± 25000,-140000 ± 270000,76000 ± 11000,320 ± 780,6860 ± 800,-400000 ± 3200000,308000 ± 25000,-0.6 ± 1.3,2560 ± 620,-8000 ± 15000,58900 ± 8600,130 ± 310,6000 ± 700,0 ± 0.0E+0,0 ± 0.0E+0,-0.6 ± 1.2,2550 ± 620,-410 ± 490,-32000000 ± 38000000,0.11 ± 0.13,0.08 ± 0.17,nan,nan,
,,-,,,,,,,1149 ± 77,292 ± 37,229 ± 27,144 ± 13,396 ± 40,0 ± 0.0E+0,290 ± 590,2.1 ± 4.3,2510 ± 590,0.0040 ± 0.0079,1.00E+0 ± 0,-8 ± 77,17 ± 37,-19 ± 27,-28 ± 13,-18 ± 40,-0.0000120869 ± 0.0000000015,290 ± 590,2.1 ± 4.3,230 ± 590,-24000000 ± 49000000,-8 ± 77,17 ± 37,-19 ± 27,-28 ± 13,-18 ± 40,-0.0000120869 ± 0.0000000015,290 ± 590,2.1 ± 4.3,230 ± 590,180000 ± 230000,83600 ± 6000,1680 ± 800,7720 ± 500,1500000 ± 3300000,319800 ± 5300,180000 ± 230000,83600 ± 6000,1680 ± 800,7720 ± 500,1500000 ± 3300000,319800 ± 5300,-1.9 ± 2.3,3360 ± 630,9000 ± 12000,65300 ± 4700,660 ± 310,6800 ± 430,0 ± 0.0E+0,0 ± 0.0E+0,-1.9 ± 2.3,3350 ± 630,90 ± 170,-8000000 ± 16000000,0.027 ± 0.054,-3.42E-9 ± 0,nan,nan,
,,-,,,,,,,1245 ± 81,283 ± 36,228 ± 26,165 ± 14,410 ± 53,0 ± 0.0E+0,660 ± 920,4.8 ± 6.7,2990 ± 960,0.009 ± 0.012,1.00E+0 ± 0,90 ± 81,9 ± 36,-20 ± 26,-9 ± 14,-5 ± 53,-0.0000119911 ± 0.0000000014,660 ± 920,4.8 ± 6.7,720 ± 960,-55000000 ± 77000000,90 ± 81,9 ± 36,-20 ± 26,-9 ± 14,-5 ± 53,-0.0000119911 ± 0.0000000014,660 ± 920,4.8 ± 6.7,720 ± 960,190000 ± 220000,79800 ± 9000,570 ± 920,7370 ± 850,400000 ± 4400000,322000 ± 6200,190000 ± 220000,79800 ± 9000,570 ± 920,7370 ± 850,400000 ± 4400000,322000 ± 6200,0.0 ± 3.3,3170 ± 740,10000 ± 12000,62300 ± 7100,220 ± 360,6480 ± 760,0 ± 0.0E+0,0 ± 0.0E+0,0.0 ± 3.3,3160 ± 740,-150 ± 440,-18000000 ± 25000000,0.061 ± 0.085,-3.42E-9 ± 0,nan,nan,
,,-,,,,,,,1196 ± 86,280 ± 34,250 ± 29,166 ± 13,395 ± 43,0 ± 0.0E+0,1000 ± 1100,6.9 ± 7.8,3200 ± 1100,0.013 ± 0.015,1.00E+0 ± 0,43 ± 86,7 ± 34,1 ± 29,-8 ± 13,-22 ± 43,-0.0000119030 ± 0.0000000014,1000 ± 1100,6.9 ± 7.8,1000 ± 1100,-80000000 ± 90000000,43 ± 86,7 ± 34,1 ± 29,-8 ± 13,-22 ± 43,-0.0000119030 ± 0.0000000014,1000 ± 1100,6.9 ± 7.8,1000 ± 1100,-50000 ± 260000,76000 ± 11000,440 ± 860,7020 ± 920,1900000 ± 3600000,324500 ± 5300,-50000 ± 260000,76000 ± 11000,440 ± 860,7020 ± 920,1900000 ± 3600000,324500 ± 5300,-0.0 ± 3.4,3410 ± 530,-3000 ± 14000,59300 ± 8700,170 ± 330,6160 ± 810,0 ± 0.0E+0,0 ± 0.0E+0,-0.0 ± 3.4,3400 ± 530,-330 ± 430,-26000000 ± 29000000,0.09 ± 0.10,-3.42E-9 ± 0,nan,nan,
,,-,,,,,,,1193 ± 75,250 ± 38,229 ± 32,167 ± 21,388 ± 53,0 ± 0.0E+0,900 ± 1300,6.6 ± 9.2,3100 ± 1300,0.012 ± 0.017,1.00E+0 ± 0,42 ± 75,-23 ± 38,-20 ± 32,-8 ± 21,-32 ± 53,-0.0000118091 ± 0.0000000012,900 ± 1300,6.6 ± 9.2,900 ± 1300,-80000000 ± 110000000,42 ± 75,-23 ± 38,-20 ± 32,-8 ± 21,-32 ± 53,-0.0000118091 ± 0.0000000012,900 ± 1300,6.6 ± 9.2,900 ± 1300,190000 ± 280000,78000 ± 13000,600 ± 1400,7300 ± 1100,2700000 ± 4500000,325100 ± 5700,190000 ± 280000,78000 ± 13000,600 ± 1400,7300 ± 1100,2700000 ± 4500000,325100 ± 5700,-0.2 ± 7.4,3700 ± 390,10000 ± 15000,61000 ± 10000,220 ± 530,6400 ± 1000,0 ± 0.0E+0,0 ± 0.0E+0,-0.2 ± 7.3,3690 ± 390,-20 ± 230,-25000000 ± 34000000,0.08 ± 0.12,-3.42E-9 ± 0,nan,nan,
,,-,,,,,,,1184 ± 59,285 ± 35,304 ± 51,180 ± 11,420 ± 45,260 ± 530,530 ± 740,3.8 ± 5.4,3170 ± 910,0.007 ± 0.010,1.00E+0 ± 0,36 ± 59,13 ± 35,54 ± 51,4 ± 11,-1 ± 45,260 ± 530,530 ± 740,3.8 ± 5.4,890 ± 910,-45000000 ± 63000000,36 ± 59,13 ± 35,54 ± 51,4 ± 11,-1 ± 45,260 ± 530,530 ± 740,3.8 ± 5.4,890 ± 910,-490000 ± 470000,78000 ± 10000,-240 ± 750,6550 ± 760,0 ± 3800000,313000 ± 20000,-490000 ± 470000,78000 ± 10000,-240 ± 750,6550 ± 760,0 ± 3800000,313000 ± 20000,13 ± 17,3180 ± 690,-26000 ± 25000,60200 ± 8100,-90 ± 290,5650 ± 700,0 ± 0.0E+0,0 ± 0.0E+0,13 ± 17,3170 ± 690,160 ± 220,-14000000 ± 20000000,0.050 ± 0.070,0.08 ± 0.15,nan,nan,
,,-,,,,,,,1156 ± 64,281 ± 35,351 ± 60,190 ± 13,410 ± 39,0 ± 0.0E+0,260 ± 510,1.9 ± 3.7,2650 ± 550,0.0035 ± 0.0069,1.00E+0 ± 0,10 ± 64,9 ± 35,101 ± 60,13 ± 13,-13 ± 39,-0.0000116271 ± 0.0000000016,260 ± 510,1.8 ± 3.7,360 ± 550,-22000000 ± 44000000,10 ± 64,9 ± 35,101 ± 60,13 ± 13,-13 ± 39,-0.0000116271 ± 0.0000000016,260 ± 510,1.8 ± 3.7,360 ± 550,-870000 ± 560000,69500 ± 8700,-960 ± 920,7150 ± 700,1100000 ± 3400000,323800 ± 4600,-870000 ± 560000,69500 ± 8700,-960 ± 920,7150 ± 700,1100000 ± 3400000,323800 ± 4600,-17 ± 21,3110 ± 550,-46000 ± 29000,51200 ± 7900,-370 ± 350,6220 ± 640,0 ± 0.0E+0,0 ± 0.0E+0,-17 ± 21,3100 ± 550,9 ± 17,-7000000 ± 14000000,0.024 ± 0.049,-3.41E-9 ± 0,nan,nan,
,,-,,,,,,,1136 ± 50,261 ± 29,329 ± 43,192 ± 16,475 ± 51,0 ± 0.0E+0,0 ± 0.0E+0,0 ± 0.0E+0,2392 ± 99,0 ± 0.0E+0,1.00E+0 ± 0,-9 ± 50,-11 ± 29,78 ± 43,14 ± 16,51 ± 51,-0.0000115374 ± 0.0000000015,-0.000102954 ± 0.000000036,-0.0141275 ± 0.0000049,107 ± 99,8.9235 ± 0.0020,-9 ± 50,-11 ± 29,78 ± 43,14 ± 16,51 ± 51,-0.0000115374 ± 0.0000000015,-0.000102954 ± 0.000000036,-0.0141275 ± 0.0000049,107 ± 99,-760000 ± 420000,76700 ± 6600,-1000 ± 1100,7730 ± 500,-4400000 ± 4400000,324200 ± 5800,-760000 ± 420000,76700 ± 6600,-1000 ± 1100,7730 ± 500,-4400000 ± 4400000,324200 ± 5800,2.3 ± 6.4,2880 ± 500,-40000 ± 22000,57700 ± 6600,-390 ± 440,6760 ± 500,0 ± 0.0E+0,0 ± 0.0E+0,2.3 ± 6.3,2860 ± 500,0.00025 ± 0.00023,2.86311 ± 0.00067,-9.84E-9 ± 0,-3.41E-9 ± 0,nan,nan,
,,-,,,,,,,1093 ± 82,286 ± 39,326 ± 43,204 ± 13,405 ± 48,0 ± 0.0E+0,610 ± 850,4.4 ± 6.2,2930 ± 830,0.008 ± 0.012,1.00E+0 ± 0,-50 ± 82,15 ± 39,75 ± 43,26 ± 13,-21 ± 48,-0.0000114439 ± 0.0000000014,610 ± 850,4.4 ± 6.2,640 ± 830,-53000000 ± 75000000,-50 ± 82,15 ± 39,75 ± 43,26 ± 13,-21 ± 48,-0.0000114439 ± 0.0000000014,610 ± 850,4.4 ± 6.2,640 ± 830,-770000 ± 410000,71000 ± 13000,-1710 ± 970,6440 ± 1000,1900000 ± 4200000,328100 ± 5100,-770000 ± 410000,71000 ± 13000,-1710 ± 970,6440 ± 1000,1900000 ± 4200000,328100 ± 5100,-3.9 ± 4.6,3240 ± 330,-40000 ± 22000,54000 ± 10000,-650 ± 370,5540 ± 920,0 ± 0.0E+0,0 ± 0.0E+0,-3.9 ± 4.6,3230 ± 330,-4900 ± 9700,-17000000 ± 24000000,0.059 ± 0.082,-3.40E-9 ± 0,nan,nan,
,,-,,,,,,,1187 ± 70,261 ± 33,245 ± 26,184 ± 11,458 ± 43,0 ± 0.0E+0,0 ± 0.0E+0,0 ± 0.0E+0,2334 ± 99,0 ± 0.0E+0,1.00E+0 ± 0,46 ± 70,-10 ± 33,-7 ± 26,5 ± 11,30 ± 43,-0.0000113473 ± 0.0000000016,-0.000098320 ± 0.000000039,-0.0134924 ± 0.0000053,46 ± 99,8.6647 ± 0.0022,46 ± 70,-10 ± 33,-7 ± 26,5 ± 11,30 ± 43,-0.0000113473 ± 0.0000000016,-0.000098320 ± 0.000000039,-0.0134924 ± 0.0000053,46 ± 99,70000 ± 260000,84000 ± 3100,-350 ± 840,7400 ± 370,-2600000 ± 3800000,323300 ± 4900,70000 ± 260000,84000 ± 3100,-350 ± 840,7400 ± 370,-2600000 ± 3800000,323300 ± 4900,0.90 ± 0.99,2780 ± 460,4000 ± 14000,64900 ± 3100,-130 ± 320,6430 ± 370,0 ± 0.0E+0,0 ± 0.0E+0,0.89 ± 0.99,2760 ± 460,0.000086 ± 0.000075,2.77519 ± 0.00075,-9.50E-9 ± 0,-3.39E-9 ± 0,nan,nan,
,,-,,,,,,,1157 ± 56,286 ± 33,244 ± 45,169.4 ± 9.3,438 ± 37,0 ± 0.0E+0,430 ± 600,3.1 ± 4.4,2730 ± 600,0.0058 ± 0.0081,1.00E+0 ± 0,19 ± 56,16 ± 33,-8 ± 45,-10.5 ± 9.3,8 ± 37,-0.0000112503 ± 0.0000000017,430 ± 600,3.1 ± 4.4,440 ± 600,-38000000 ± 53000000,19 ± 56,16 ± 33,-8 ± 45,-10.5 ± 9.3,8 ± 37,-0.0000112503 ± 0.0000000017,430 ± 600,3.1 ± 4.4,440 ± 600,80000 ± 470000,79100 ± 5000,840 ± 700,7450 ± 520,-700000 ± 3300000,326700 ± 4400,80000 ± 470000,79100 ± 5000,840 ± 700,7450 ± 520,-700000 ± 3300000,326700 ± 4400,1.1 ± 1.7,3110 ± 450,4000 ± 25000,60700 ± 4200,320 ± 260,6510 ± 470,0 ± 0.0E+0,0 ± 0.0E+0,1.1 ± 1.6,3100 ± 450,100 ± 300,-12000000 ± 17000000,0.042 ± 0.058,-3.38E-9 ± 0,nan,nan,
,,-,,,,,,,1146 ± 75,295 ± 36,242 ± 27,187 ± 14,425 ± 48,0 ± 0.0E+0,570 ± 790,4.1 ± 5.8,2860 ± 800,0.008 ± 0.011,1.00E+0 ± 0,10 ± 75,25 ± 36,-11 ± 27,7 ± 14,-7 ± 48,-0.0000111621 ± 0.0000000015,570 ± 790,4.1 ± 5.8,570 ± 800,-51000000 ± 71000000,10 ± 75,25 ± 36,-11 ± 27,7 ± 14,-7 ± 48,-0.0000111621 ± 0.0000000015,570 ± 790,4.1 ± 5.8,570 ± 800,120000 ± 290000,80700 ± 7300,-500 ± 1100,7140 ± 770,600000 ± 4300000,328600 ± 4600,120000 ± 290000,80700 ± 7300,-500 ± 1100,7140 ± 770,600000 ± 4300000,328600 ± 4600,-0.5 ± 1.3,3020 ± 450,6000 ± 15000,62800 ± 5900,-190 ± 400,6220 ± 690,0 ± 0.0E+0,0 ± 0.0E+0,-0.5 ± 1.3,3010 ± 450,10 ± 250,-16000000 ± 23000000,0.055 ± 0.077,-3.37E-9 ± 0,nan,nan,
,,-,,,,,,,1174 ± 85,288 ± 38,336 ± 59,177 ± 13,403 ± 49,0 ± 0.0E+0,620 ± 870,4.5 ± 6.3,3000 ± 860,0.008 ± 0.012,1.00E+0 ± 0,40 ± 85,19 ± 38,83 ± 59,-4 ± 13,-31 ± 49,-0.0000110662 ± 0.0000000014,620 ± 870,4.5 ± 6.3,710 ± 860,-56000000 ± 79000000,40 ± 85,19 ± 38,83 ± 59,-4 ± 13,-31 ± 49,-0.0000110662 ± 0.0000000014,620 ± 870,4.5 ± 6.3,710 ± 860,-860000 ± 650000,73000 ± 10000,500 ± 1000,7510 ± 790,2800000 ± 4400000,329400 ± 4400,-860000 ± 650000,73000 ± 10000,500 ± 1000,7510 ± 790,2800000 ± 4400000,329400 ± 4400,0.4 ± 1.7,2980 ± 720,-45000 ± 33000,55700 ± 8400,180 ± 380,6580 ± 710,0 ± 0.0E+0,0 ± 0.0E+0,0.4 ± 1.7,2970 ± 720,250 ± 430,-18000000 ± 25000000,0.061 ± 0.085,-3.36E-9 ± 0,nan,nan,
,,-,,,,,,,1124 ± 72,280 ± 36,275 ± 46,175 ± 13,427 ± 44,0 ± 0.0E+0,0 ± 0.0E+0,0 ± 0.0E+0,2281 ± 95,0 ± 0.0E+0,1.00E+0 ± 0,-8 ± 72,11 ± 36,22 ± 46,-8 ± 13,-9 ± 44,-0.0000109744 ± 0.0000000015,-0.000089235 ± 0.000000037,-0.0122471 ± 0.0000051,-13 ± 95,8.1311 ± 0.0023,-8 ± 72,11 ± 36,22 ± 46,-8 ± 13,-9 ± 44,-0.0000109744 ± 0.0000000015,-0.000089235 ± 0.000000037,-0.0122471 ± 0.0000051,-13 ± 95,-240000 ± 520000,83300 ± 2500,600 ± 1100,8040 ± 300,800000 ± 4100000,330600 ± 4000,-240000 ± 520000,83300 ± 2500,600 ± 1100,8040 ± 300,800000 ± 4100000,330600 ± 4000,-1.0 ± 1.6,3080 ± 440,-13000 ± 27000,64200 ± 2500,240 ± 410,7050 ± 300,0 ± 0.0E+0,0 ± 0.0E+0,-1.0 ± 1.6,3070 ± 440,0.000066 ± 0.000040,2.59485 ± 0.00076,-8.80E-9 ± 0,-3.35E-9 ± 0,nan,nan,
,,-,,,,,,,1088 ± 70,262 ± 32,298 ± 31,183 ± 13,464 ± 41,0 ± 0.0E+0,470 ± 650,3.4 ± 4.7,2770 ± 670,0.0063 ± 0.0089,1.00E+0 ± 0,-41 ± 70,-7 ± 32,44 ± 31,0 ± 13,26 ± 41,-0.0000108828 ± 0.0000000017,470 ± 650,3.4 ± 4.7,470 ± 670,-43000000 ± 60000000,-41 ± 70,-7 ± 32,44 ± 31,0 ± 13,26 ± 41,-0.0000108828 ± 0.0000000017,470 ± 650,3.4 ± 4.7,470 ± 670,-430000 ± 350000,78300 ± 6900,0 ± 1100,7450 ± 600,-2400000 ± 3800000,282000 ± 23000,-430000 ± 350000,78300 ± 6900,0 ± 1100,7450 ± 600,-2400000 ± 3800000,282000 ± 23000,0.9 ± 1.2,2810 ± 530,-22000 ± 18000,60200 ± 5500,20 ± 400,6500 ± 550,0 ± 0.0E+0,0 ± 0.0E+0,0.9 ± 1.2,2800 ± 530,40 ± 56,-14000000 ± 19000000,0.046 ± 0.065,-3.35E-9 ± 0,nan,nan,
,,-,,,,,,,1090 ± 69,248 ± 36,390 ± 110,220 ± 18,452 ± 51,0 ± 0.0E+0,0 ± 0.0E+0,0 ± 0.0E+0,2400 ± 140,0 ± 0.0E+0,1.00E+0 ± 0,-38 ± 69,-20 ± 36,140 ± 110,35 ± 18,13 ± 51,-0.0000107914 ± 0.0000000015,-0.000084774 ± 0.000000036,-0.0116356 ± 0.0000050,110 ± 140,7.8557 ± 0.0023,-38 ± 69,-20 ± 36,140 ± 110,35 ± 18,13 ± 51,-0.0000107914 ± 0.0000000015,-0.000084774 ± 0.000000036,-0.0116356 ± 0.0000050,110 ± 140,-1600000 ± 1300000,84100 ± 3800,-3000 ± 1500,8450 ± 370,-1200000 ± 4800000,311000 ± 13000,-1600000 ± 1300000,84100 ± 3800,-3000 ± 1500,8450 ± 370,-1200000 ± 4800000,311000 ± 13000,-0.4 ± 1.3,3170 ± 590,-85000 ± 69000,65000 ± 3800,-1140 ± 570,7450 ± 370,0 ± 0.0E+0,0 ± 0.0E+0,-0.4 ± 1.3,3150 ± 590,0.000009 ± 0.000024,2.50246 ± 0.00076,-8.44E-9 ± 0,-3.34E-9 ± 0,nan,nan,
,,-,,,,,,,1118 ± 92,242 ± 41,315 ± 52,215 ± 22,474 ± 70,420 ± 830,0 ± 0.0E+0,0 ± 0.0E+0,2780 ± 850,0 ± 0.0E+0,1.00E+0 ± 0,-7 ± 92,-26 ± 41,60 ± 52,30 ± 22,32 ± 70,420 ± 830,-0.000082537 ± 0.000000030,-0.0113290 ± 0.0000041,480 ± 850,7.51 ± 0.41,-7 ± 92,-26 ± 41,60 ± 52,30 ± 22,32 ± 70,420 ± 830,-0.000082537 ± 0.000000030,-0.0113290 ± 0.0000041,480 ± 850,-730000 ± 630000,85400 ± 4700,-2600 ± 2000,8100 ± 510,-3500000 ± 6400000,296000 ± 35000,-730000 ± 630000,85400 ± 4700,-2600 ± 2000,8100 ± 510,-3500000 ± 6400000,296000 ± 35000,-1.3 ± 2.0,2900 ± 760,-37000 ± 32000,66200 ± 4700,-980 ± 740,7100 ± 510,0 ± 0.0E+0,0 ± 0.0E+0,-1.3 ± 2.0,2880 ± 760,0.000017 ± 0.000030,2.39 ± 0.13,-8.26E-9 ± 0,0.13 ± 0.26,nan,nan,
,,-,,,,,,,1063 ± 72,270 ± 29,220 ± 20,176 ± 12,429 ± 35,0 ± 0.0E+0,0 ± 0.0E+0,0 ± 0.0E+0,2158 ± 95,0 ± 0.0E+0,1.00E+0 ± 0,-60 ± 72,3 ± 29,-36 ± 20,-10 ± 12,-15 ± 35,-0.0000105992 ± 0.0000000017,-0.000080090 ± 0.000000041,-0.0109936 ± 0.0000056,-142 ± 95,7.5562 ± 0.0027,-60 ± 72,3 ± 29,-36 ± 20,-10 ± 12,-15 ± 35,-0.0000105992 ± 0.0000000017,-0.000080090 ± 0.000000041,-0.0109936 ± 0.0000056,-142 ± 95,440000 ± 250000,86500 ± 1900,900 ± 1100,8170 ± 240,1400000 ± 3300000,315300 ± 9200,440000 ± 250000,86500 ± 1900,900 ± 1100,8170 ± 240,1400000 ± 3300000,315300 ± 9200,-0.32 ± 0.82,3250 ± 460,23000 ± 13000,67300 ± 1900,320 ± 400,7170 ± 240,0 ± 0.0E+0,0 ± 0.0E+0,-0.32 ± 0.81,3240 ± 460,0.000033 ± 0.000021,2.40256 ± 0.00089,-8.06E-9 ± 0,-3.32E-9 ± 0,nan,nan,
,,-,,,,,,,1054 ± 61,260 ± 31,222 ± 20,172 ± 12,466 ± 36,0 ± 0.0E+0,0 ± 0.0E+0,0 ± 0.0E+0,2174 ± 88,0 ± 0.0E+0,1.00E+0 ± 0,-67 ± 61,-7 ± 31,-34 ± 20,-15 ± 12,22 ± 36,-0.0000105425 ± 0.0000000017,-0.000078709 ± 0.000000043,-0.0108044 ± 0.0000058,-126 ± 88,7.4659 ± 0.0028,-67 ± 61,-7 ± 31,-34 ± 20,-15 ± 12,22 ± 36,-0.0000105425 ± 0.0000000017,-0.000078709 ± 0.000000043,-0.0108044 ± 0.0000058,-126 ± 88,430000 ± 250000,85400 ± 2000,1400 ± 1100,8320 ± 220,-2100000 ± 3400000,312500 ± 8200,430000 ± 250000,85400 ± 2000,1400 ± 1100,8320 ± 220,-2100000 ± 3400000,312500 ± 8200,0.09 ± 0.71,3450 ± 510,22000 ± 13000,66200 ± 2000,510 ± 410,7310 ± 220,0 ± 0.0E+0,0 ± 0.0E+0,0.09 ± 0.70,3500 ± 500,0.000043 ± 0.000022,2.37252 ± 0.00093,-7.95E-9 ± 0,-3.31E-9 ± 0,nan,nan,
