Label,Comment,Components,Shape,Height,Width,Rep Rate,Speed,Angle,Hg202,Pb204,Pb206,Pb207,Pb208,Th232,U238,U235,TotalBeam,BeamSeconds,Mask,Hg202_CPS,Pb204_CPS,Pb206_CPS,Pb207_CPS,Pb208_CPS,Th232_CPS,U238_CPS,U235_CPS,TotalBeam_CPS,Raw U/Th,Hg202_CPS,Pb204_CPS,Pb206_CPS,Pb207_CPS,Pb208_CPS,Th232_CPS,U238_CPS,U235_CPS,TotalBeam_CPS,Pb206/U238,Pb206/U238 age,Pb207/U235,Pb207/U235 age,Pb208/Th232,Pb208/Th232 age,DC Pb206/U238,DC Pb206/U238 age,DC Pb207/U235,DC Pb207/U235 age,DC Pb208/Th232,DC Pb208/Th232 age,DC Pb207/Pb206,DC Pb207/Pb206 age,Final Pb206/U238,Final Pb206/U238 age,Final Pb207/U235,Final Pb207/U235 age,Final Pb208/Th232,Final Pb208/Th232 age,Final Pb207/Pb206,Final Pb207/Pb206 age,Final U238/Pb206,Final U/Th,Approx_U_PPM,Approx_Th_PPM,
,,-,,,,,,,1266 ± 62,308 ± 28,113600 ± 2600,6270 ± 150,3430 ± 110,74600 ± 6700,2745000 ± 83000,19910 ± 600,2965000 ± 87000,0 ± 0.0E+0,1.00E+0 ± 0,152 ± 62,37 ± 28,113300 ± 2600,6080 ± 150,2940 ± 110,74600 ± 6700,2745000 ± 83000,19910 ± 600,2962000 ± 87000,46.8 ± 6.1,152 ± 62,37 ± 28,113300 ± 2600,6080 ± 150,2940 ± 110,74600 ± 6700,2745000 ± 83000,19910 ± 600,2962000 ± 87000,0.04174 ± 0.00074,263.6 ± 4.5,0.3099 ± 0.0064,273.8 ± 4.9,0.0521 ± 0.0080,920 ± 110,0.02087 ± 0.00037,133.1 ± 2.3,0.3099 ± 0.0064,273.8 ± 4.9,0.0521 ± 0.0080,920 ± 110,0.05383 ± 0.00054,359 ± 23,0.05536 ± 0.00098,347.3 ± 6.0,0.4089 ± 0.0084,347.6 ± 6.1,0 ± 0.0E+0,0 ± 0.0E+0,0.05329 ± 0.00054,336 ± 23,18.20 ± 0.32,13.3 ± 1.7,698 ± 21,67.4 ± 6.1,
,,-,,,,,,,1181 ± 87,309 ± 40,142200 ± 5900,7820 ± 330,4950 ± 250,119000 ± 14000,3510000 ± 150000,25500 ± 1100,3770000 ± 190000,0 ± 0.0E+0,1.00E+0 ± 0,55 ± 87,32 ± 40,141900 ± 5900,7600 ± 330,4420 ± 250,119000 ± 14000,3510000 ± 150000,25500 ± 1100,3770000 ± 190000,32.1 ± 3.5,55 ± 87,32 ± 40,141900 ± 5900,7600 ± 330,4420 ± 250,119000 ± 14000,3510000 ± 150000,25500 ± 1100,3770000 ± 190000,0.04036 ± 0.00093,255.0 ± 5.7,0.2988 ± 0.0065,265.3 ± 5.0,0.0401 ± 0.0040,793 ± 78,0.02018 ± 0.00046,128.8 ± 2.9,0.2988 ± 0.0065,265.3 ± 5.0,0.0401 ± 0.0040,793 ± 78,0.05378 ± 0.00088,356 ± 37,0.0528 ± 0.0012,331.5 ± 7.4,0.3883 ± 0.0084,332.9 ± 6.1,0 ± 0.0E+0,0 ± 0.0E+0,0.05326 ± 0.00087,334 ± 37,19.07 ± 0.45,9.4 ± 1.0,862 ± 38,96 ± 11,
,,-,,,,,,,1333 ± 85,314 ± 43,169000 ± 8600,9360 ± 480,6290 ± 360,165000 ± 19000,4060000 ± 180000,29400 ± 1300,4440000 ± 200000,0 ± 0.0E+0,1.00E+0 ± 0,181 ± 85,26 ± 43,168700 ± 8600,9110 ± 480,5670 ± 360,165000 ± 19000,4060000 ± 180000,29400 ± 1300,4440000 ± 200000,27.7 ± 3.3,181 ± 85,26 ± 43,168700 ± 8600,9110 ± 480,5670 ± 360,165000 ± 19000,4060000 ± 180000,29400 ± 1300,4440000 ± 200000,0.04139 ± 0.00089,261.4 ± 5.5,0.3088 ± 0.0074,273.1 ± 5.8,0.0377 ± 0.0043,746 ± 83,0.02070 ± 0.00045,132.0 ± 2.8,0.3088 ± 0.0074,273.1 ± 5.8,0.0377 ± 0.0043,746 ± 83,0.05399 ± 0.00078,366 ± 33,0.0525 ± 0.0011,329.8 ± 6.9,0.3884 ± 0.0093,332.9 ± 6.8,0 ± 0.0E+0,0 ± 0.0E+0,0.05350 ± 0.00078,345 ± 33,19.15 ± 0.41,8.6 ± 1.0,923 ± 42,107 ± 12,
,,-,,,,,,,1290 ± 67,300 ± 34,141000 ± 10000,7680 ± 540,4640 ± 310,128000 ± 16000,3350000 ± 220000,24300 ± 1600,3650000 ± 250000,0 ± 0.0E+0,1.00E+0 ± 0,130 ± 67,9 ± 34,140000 ± 10000,7420 ± 540,4000 ± 310,128000 ± 16000,3350000 ± 220000,24300 ± 1600,3650000 ± 250000,30.0 ± 4.3,130 ± 67,9 ± 34,140000 ± 10000,7420 ± 540,4000 ± 310,128000 ± 16000,3350000 ± 220000,24300 ± 1600,3650000 ± 250000,0.0416 ± 0.0010,262.4 ± 6.4,0.3042 ± 0.0082,269.4 ± 6.4,0.0369 ± 0.0059,730 ± 110,0.02078 ± 0.00052,132.6 ± 3.3,0.3042 ± 0.0082,269.4 ± 6.4,0.0369 ± 0.0059,730 ± 110,0.05314 ± 0.00076,330 ± 32,0.0523 ± 0.0013,328.4 ± 8.0,0.379 ± 0.010,326.1 ± 7.5,0 ± 0.0E+0,0 ± 0.0E+0,0.05267 ± 0.00075,309 ± 33,19.28 ± 0.50,9.4 ± 1.3,747 ± 50,78.7 ± 9.7,
,,-,,,,,,,1288 ± 61,286 ± 25,175600 ± 5300,9680 ± 290,5290 ± 190,132000 ± 12000,3950000 ± 150000,28700 ± 1100,4340000 ± 150000,0 ± 0.0E+0,1.00E+0 ± 0,124 ± 61,-6 ± 25,175200 ± 5300,9420 ± 290,4620 ± 190,132000 ± 12000,3950000 ± 150000,28700 ± 1100,4340000 ± 150000,33.0 ± 3.1,124 ± 61,-6 ± 25,175200 ± 5300,9420 ± 290,4620 ± 190,132000 ± 12000,3950000 ± 150000,28700 ± 1100,4340000 ± 150000,0.04432 ± 0.00096,279.5 ± 5.9,0.3286 ± 0.0077,288.2 ± 5.9,0.0386 ± 0.0036,763 ± 70,0.02216 ± 0.00048,141.3 ± 3.0,0.3286 ± 0.0077,288.2 ± 5.9,0.0386 ± 0.0036,763 ± 70,0.05376 ± 0.00045,358 ± 19,0.0555 ± 0.0012,348.0 ± 7.4,0.4074 ± 0.0096,346.6 ± 6.9,0 ± 0.0E+0,0 ± 0.0E+0,0.05329 ± 0.00045,338 ± 19,18.17 ± 0.40,10.50 ± 0.98,871 ± 33,78.9 ± 6.9,
,,-,,,,,,,1326 ± 72,362 ± 37,170700 ± 8300,9450 ± 460,5320 ± 290,140000 ± 14000,3800000 ± 190000,27500 ± 1400,4150000 ± 200000,0 ± 0.0E+0,1.00E+0 ± 0,151 ± 72,65 ± 37,170300 ± 8300,9170 ± 460,4610 ± 290,140000 ± 14000,3800000 ± 190000,27500 ± 1400,4150000 ± 200000,30.6 ± 2.8,151 ± 72,65 ± 37,170300 ± 8300,9170 ± 460,4610 ± 290,140000 ± 14000,3800000 ± 190000,27500 ± 1400,4150000 ± 200000,0.0450 ± 0.0012,283.7 ± 7.4,0.3344 ± 0.0096,292.5 ± 7.3,0.0367 ± 0.0036,727 ± 70,0.02251 ± 0.00060,143.5 ± 3.8,0.3344 ± 0.0096,292.5 ± 7.3,0.0367 ± 0.0036,727 ± 70,0.05387 ± 0.00056,362 ± 23,0.0556 ± 0.0015,348.6 ± 9.1,0.409 ± 0.012,347.4 ± 8.4,0 ± 0.0E+0,0 ± 0.0E+0,0.05342 ± 0.00056,343 ± 23,18.21 ± 0.49,10.01 ± 0.90,812 ± 40,77.3 ± 7.7,
,,-,,,,,,,1241 ± 92,276 ± 35,47700 ± 1500,3780 ± 130,5560 ± 240,56000 ± 8900,354000 ± 27000,2570 ± 190,474000 ± 28000,0 ± 0.0E+0,1.00E+0 ± 0,131 ± 92,7 ± 35,47500 ± 1500,3590 ± 130,5090 ± 240,56000 ± 8900,354000 ± 27000,2570 ± 190,472000 ± 28000,8.1 ± 1.6,131 ± 92,7 ± 35,47500 ± 1500,3590 ± 130,5090 ± 240,56000 ± 8900,354000 ± 27000,2570 ± 190,472000 ± 28000,0.141 ± 0.010,849 ± 57,1.45 ± 0.10,909 ± 45,0.116 ± 0.024,2070 ± 360,0.0707 ± 0.0051,439 ± 30,1.45 ± 0.10,909 ± 45,0.116 ± 0.024,2070 ± 360,0.0753 ± 0.0015,1078 ± 43,0.188 ± 0.014,1108 ± 73,1.92 ± 0.14,1087 ± 50,0 ± 0.0E+0,0 ± 0.0E+0,0.0745 ± 0.0015,1058 ± 43,5.52 ± 0.35,2.28 ± 0.46,91.3 ± 6.8,52.9 ± 8.4,
,,-,,,,,,,1200 ± 100,311 ± 45,32800 ± 1800,2650 ± 130,3940 ± 260,29900 ± 7200,174000 ± 20000,1260 ± 150,245000 ± 23000,0 ± 0.0E+0,1.00E+0 ± 0,90 ± 100,40 ± 45,32500 ± 1800,2460 ± 130,3460 ± 260,29900 ± 7200,174000 ± 20000,1260 ± 150,243000 ± 23000,-3500000000 ± 4300000000,90 ± 100,40 ± 45,32500 ± 1800,2460 ± 130,3460 ± 260,29900 ± 7200,174000 ± 20000,1260 ± 150,243000 ± 23000,0.204 ± 0.026,1190 ± 130,2.05 ± 0.23,1129 ± 81,-59000000 ± 66000000,2560 ± 500,0.102 ± 0.013,623 ± 75,2.05 ± 0.23,1129 ± 81,-59000000 ± 66000000,2560 ± 500,0.0758 ± 0.0020,1080 ± 54,0.272 ± 0.035,1530 ± 170,2.72 ± 0.31,1327 ± 87,0 ± 0.0E+0,0 ± 0.0E+0,0.0750 ± 0.0020,1059 ± 54,4.11 ± 0.41,-1000000000 ± 1200000000,44.6 ± 5.3,27.8 ± 6.7,
,,-,,,,,,,1261 ± 84,332 ± 38,7480 ± 430,555 ± 34,1199 ± 93,121000 ± 14000,1140000 ± 74000,8270 ± 540,1280000 ± 81000,0 ± 0.0E+0,1.00E+0 ± 0,148 ± 84,61 ± 38,7210 ± 430,362 ± 34,717 ± 93,121000 ± 14000,1140000 ± 74000,8270 ± 540,1278000 ± 81000,10.6 ± 1.2,148 ± 84,61 ± 38,7210 ± 430,362 ± 34,717 ± 93,121000 ± 14000,1140000 ± 74000,8270 ± 540,1278000 ± 81000,0.00626 ± 0.00025,40.2 ± 1.6,0.0433 ± 0.0029,43.0 ± 2.8,0.0069 ± 0.0012,140 ± 23,0.00313 ± 0.00013,20.13 ± 0.80,0.0433 ± 0.0029,43.0 ± 2.8,0.0069 ± 0.0012,140 ± 23,0.0517 ± 0.0039,590 ± 140,0.00831 ± 0.00033,53.4 ± 2.1,0.0572 ± 0.0039,56.4 ± 3.7,0 ± 0.0E+0,0 ± 0.0E+0,0.0511 ± 0.0038,570 ± 140,123.0 ± 5.2,3.00 ± 0.35,291 ± 19,111 ± 13,
,,-,,,,,,,1261 ± 78,314 ± 36,489000 ± 17000,44500 ± 1600,67900 ± 2700,417000 ± 31000,2570000 ± 110000,18610 ± 810,3620000 ± 150000,0 ± 0.0E+0,1.00E+0 ± 0,146 ± 78,41 ± 36,489000 ± 17000,44300 ± 1600,67400 ± 2700,417000 ± 31000,2570000 ± 110000,18610 ± 810,3610000 ± 150000,6.05 ± 0.30,146 ± 78,41 ± 36,489000 ± 17000,44300 ± 1600,67400 ± 2700,417000 ± 31000,2570000 ± 110000,18610 ± 810,3610000 ± 150000,0.1925 ± 0.0043,1134 ± 23,2.397 ± 0.053,1243 ± 17,0.1589 ± 0.0073,2970 ± 130,0.0963 ± 0.0022,592 ± 13,2.397 ± 0.053,1243 ± 17,0.1589 ± 0.0073,2970 ± 130,0.09075 ± 0.00069,1439 ± 15,0.2549 ± 0.0057,1463 ± 29,3.157 ± 0.070,1448 ± 18,0 ± 0.0E+0,0 ± 0.0E+0,0.08984 ± 0.00068,1420 ± 15,3.949 ± 0.085,1.729 ± 0.086,649 ± 28,371 ± 27,
,,-,,,,,,,1252 ± 74,314 ± 32,159100 ± 6000,9090 ± 330,14380 ± 410,325000 ± 21000,3150000 ± 150000,22800 ± 1100,3710000 ± 150000,0 ± 0.0E+0,1.00E+0 ± 0,135 ± 74,42 ± 32,158800 ± 6000,8890 ± 330,13880 ± 410,325000 ± 21000,3150000 ± 150000,22800 ± 1100,3710000 ± 150000,10.04 ± 0.60,135 ± 74,42 ± 32,158800 ± 6000,8890 ± 330,13880 ± 410,325000 ± 21000,3150000 ± 150000,22800 ± 1100,3710000 ± 150000,0.05030 ± 0.00096,316.3 ± 5.9,0.3892 ± 0.0085,333.4 ± 6.2,0.0443 ± 0.0024,875 ± 47,0.02515 ± 0.00048,160.1 ± 3.0,0.3892 ± 0.0085,333.4 ± 6.2,0.0443 ± 0.0024,875 ± 47,0.05600 ± 0.00059,453 ± 25,0.0665 ± 0.0013,414.8 ± 7.7,0.512 ± 0.011,419.0 ± 7.4,0 ± 0.0E+0,0 ± 0.0E+0,0.05544 ± 0.00059,431 ± 25,15.08 ± 0.27,2.88 ± 0.17,793 ± 37,285 ± 19,
,,-,,,,,,,1232 ± 86,408 ± 79,815000 ± 66000,136000 ± 11000,249000 ± 18000,939000 ± 93000,2320000 ± 190000,16800 ± 1300,4480000 ± 360000,0 ± 0.0E+0,1.00E+0 ± 0,114 ± 86,135 ± 79,815000 ± 66000,136000 ± 11000,249000 ± 18000,939000 ± 93000,2320000 ± 190000,16800 ± 1300,4470000 ± 360000,2.55 ± 0.15,114 ± 86,135 ± 79,815000 ± 66000,136000 ± 11000,249000 ± 18000,939000 ± 93000,2320000 ± 190000,16800 ± 1300,4470000 ± 360000,0.353 ± 0.011,1947 ± 52,8.10 ± 0.25,2239 ± 28,0.270 ± 0.014,4830 ± 220,0.1764 ± 0.0054,1047 ± 30,8.10 ± 0.25,2239 ± 28,0.270 ± 0.014,4830 ± 220,0.1666 ± 0.0013,2522 ± 13,0.465 ± 0.014,2461 ± 63,10.62 ± 0.33,2488 ± 28,0 ± 0.0E+0,0 ± 0.0E+0,0.1649 ± 0.0013,2506 ± 13,2.164 ± 0.066,0.733 ± 0.042,581 ± 47,811 ± 81,
,,-,,,,,,,1153 ± 75,299 ± 40,546500 ± 8600,164300 ± 2700,86600 ± 1900,211000 ± 18000,988000 ± 45000,7170 ± 320,2015000 ± 54000,0 ± 0.0E+0,1.00E+0 ± 0,33 ± 75,25 ± 40,546200 ± 8600,164100 ± 2700,86100 ± 1900,211000 ± 18000,988000 ± 45000,7170 ± 320,2013000 ± 54000,4.93 ± 0.41,33 ± 75,25 ± 40,546200 ± 8600,164100 ± 2700,86100 ± 1900,211000 ± 18000,988000 ± 45000,7170 ± 320,2013000 ± 54000,0.562 ± 0.024,2865 ± 98,23.3 ± 1.0,3229 ± 40,0.429 ± 0.033,7160 ± 460,0.281 ± 0.012,1592 ± 60,23.3 ± 1.0,3229 ± 40,0.429 ± 0.033,7160 ± 460,0.3005 ± 0.0018,3471.5 ± 9.4,0.740 ± 0.032,3560 ± 120,30.5 ± 1.3,3492 ± 41,0 ± 0.0E+0,0 ± 0.0E+0,0.2975 ± 0.0018,3456.1 ± 9.4,1.379 ± 0.055,1.42 ± 0.12,247 ± 11,179 ± 16,
,,-,,,,,,,1293 ± 74,261 ± 35,47200 ± 2200,3770 ± 180,5640 ± 300,53900 ± 9300,355000 ± 31000,2580 ± 220,470000 ± 36000,0 ± 0.0E+0,1.00E+0 ± 0,171 ± 74,-14 ± 35,47000 ± 2200,3570 ± 180,5130 ± 300,53900 ± 9300,355000 ± 31000,2580 ± 220,468000 ± 36000,8.4 ± 1.8,171 ± 74,-14 ± 35,47000 ± 2200,3570 ± 180,5130 ± 300,53900 ± 9300,355000 ± 31000,2580 ± 220,468000 ± 36000,0.140 ± 0.013,840 ± 70,1.47 ± 0.13,904 ± 53,0.120 ± 0.026,2120 ± 360,0.0699 ± 0.0063,434 ± 38,1.47 ± 0.13,904 ± 53,0.120 ± 0.026,2120 ± 360,0.0760 ± 0.0016,1090 ± 43,0.184 ± 0.017,1082 ± 88,1.92 ± 0.18,1072 ± 59,0 ± 0.0E+0,0 ± 0.0E+0,0.0753 ± 0.0016,1070 ± 43,5.79 ± 0.48,2.43 ± 0.51,88.3 ± 7.7,45.2 ± 7.8,
,,-,,,,,,,1265 ± 77,305 ± 41,60200 ± 1900,4720 ± 150,7110 ± 240,59400 ± 8100,431000 ± 29000,3130 ± 210,566000 ± 34000,0 ± 0.0E+0,1.00E+0 ± 0,142 ± 77,29 ± 41,59900 ± 1900,4510 ± 150,6590 ± 240,59400 ± 8100,431000 ± 29000,3130 ± 210,563000 ± 34000,9.6 ± 1.6,142 ± 77,29 ± 41,59900 ± 1900,4510 ± 150,6590 ± 240,59400 ± 8100,431000 ± 29000,3130 ± 210,563000 ± 34000,0.1406 ± 0.0068,846 ± 38,1.463 ± 0.072,908 ± 30,0.148 ± 0.027,2530 ± 360,0.0703 ± 0.0034,437 ± 20,1.463 ± 0.072,908 ± 30,0.148 ± 0.027,2530 ± 360,0.0756 ± 0.0012,1078 ± 33,0.1845 ± 0.0089,1089 ± 48,1.908 ± 0.094,1076 ± 33,0 ± 0.0E+0,0 ± 0.0E+0,0.0749 ± 0.0012,1058 ± 33,5.58 ± 0.28,2.80 ± 0.46,106.7 ± 7.1,49.1 ± 6.7,
,,-,,,,,,,1265 ± 66,293 ± 32,4980 ± 150,425 ± 18,929 ± 55,79000 ± 8500,721000 ± 34000,5230 ± 250,815000 ± 37000,0 ± 0.0E+0,1.00E+0 ± 0,141 ± 66,18 ± 32,4700 ± 150,216 ± 18,405 ± 55,79000 ± 8500,721000 ± 34000,5230 ± 250,813000 ± 37000,11.6 ± 1.9,141 ± 66,18 ± 32,4700 ± 150,216 ± 18,405 ± 55,79000 ± 8500,721000 ± 34000,5230 ± 250,813000 ± 37000,0.00664 ± 0.00028,42.7 ± 1.8,0.0426 ± 0.0039,42.2 ± 3.8,0.0070 ± 0.0018,129 ± 28,0.00332 ± 0.00014,21.36 ± 0.88,0.0426 ± 0.0039,42.2 ± 3.8,0.0070 ± 0.0018,129 ± 28,0.0464 ± 0.0041,500 ± 130,0.00870 ± 0.00036,55.8 ± 2.3,0.0554 ± 0.0051,54.6 ± 4.9,0 ± 0.0E+0,0 ± 0.0E+0,0.0459 ± 0.0040,490 ± 130,117.8 ± 5.0,3.36 ± 0.55,177.7 ± 8.3,64.5 ± 6.9,
,,-,,,,,,,1254 ± 87,316 ± 46,320000 ± 18000,29400 ± 1700,24200 ± 1600,152000 ± 18000,1670000 ± 120000,12150 ± 830,2240000 ± 130000,0 ± 0.0E+0,1.00E+0 ± 0,126 ± 87,39 ± 46,319000 ± 18000,29200 ± 1700,23700 ± 1600,152000 ± 18000,1670000 ± 120000,12150 ± 830,2240000 ± 130000,12.6 ± 1.6,126 ± 87,39 ± 46,319000 ± 18000,29200 ± 1700,23700 ± 1600,152000 ± 18000,1670000 ± 120000,12150 ± 830,2240000 ± 130000,0.1884 ± 0.0044,1112 ± 24,2.371 ± 0.058,1232 ± 17,0.176 ± 0.021,3160 ± 310,0.0942 ± 0.0022,580 ± 13,2.371 ± 0.058,1232 ± 17,0.176 ± 0.021,3160 ± 310,0.09134 ± 0.00075,1452 ± 16,0.2460 ± 0.0058,1417 ± 30,3.076 ± 0.075,1425 ± 18,0 ± 0.0E+0,0 ± 0.0E+0,0.09046 ± 0.00075,1433 ± 16,4.07 ± 0.10,3.69 ± 0.46,409 ± 28,121 ± 14,
,,-,,,,,,,1236 ± 65,288 ± 27,70400 ± 2100,4120 ± 110,10840 ± 410,228000 ± 17000,1398000 ± 55000,10140 ± 400,1740000 ± 53000,0 ± 0.0E+0,1.00E+0 ± 0,108 ± 65,10 ± 27,70100 ± 2100,3900 ± 110,10300 ± 410,228000 ± 17000,1398000 ± 55000,10140 ± 400,1738000 ± 53000,6.55 ± 0.50,108 ± 65,10 ± 27,70100 ± 2100,3900 ± 110,10300 ± 410,228000 ± 17000,1398000 ± 55000,10140 ± 400,1738000 ± 53000,0.0507 ± 0.0013,318.6 ± 8.0,0.384 ± 0.011,329.0 ± 7.9,0.0472 ± 0.0029,930 ± 56,0.02534 ± 0.00066,161.3 ± 4.1,0.384 ± 0.011,329.0 ± 7.9,0.0472 ± 0.0029,930 ± 56,0.05522 ± 0.00095,416 ± 38,0.0661 ± 0.0017,412 ± 10,0.497 ± 0.014,410.2 ± 10.0,0 ± 0.0E+0,0 ± 0.0E+0,0.05469 ± 0.00094,400 ± 37,15.34 ± 0.39,1.93 ± 0.15,340 ± 13,179 ± 13,
,,-,,,,,,,1267 ± 73,278 ± 30,92500 ± 3700,5360 ± 230,13520 ± 520,276000 ± 21000,1765000 ± 92000,12800 ± 660,2170000 ± 110000,0 ± 0.0E+0,1.00E+0 ± 0,124 ± 73,-6 ± 30,92200 ± 3700,5120 ± 230,12930 ± 520,276000 ± 21000,1765000 ± 92000,12800 ± 660,2160000 ± 110000,6.89 ± 0.54,124 ± 73,-6 ± 30,92200 ± 3700,5120 ± 230,12930 ± 520,276000 ± 21000,1765000 ± 92000,12800 ± 660,2160000 ± 110000,0.0530 ± 0.0014,333.1 ± 8.5,0.405 ± 0.011,344.8 ± 7.6,0.0501 ± 0.0035,985 ± 67,0.02652 ± 0.00069,168.7 ± 4.3,0.405 ± 0.011,344.8 ± 7.6,0.0501 ± 0.0035,985 ± 67,0.05545 ± 0.00070,425 ± 29,0.0680 ± 0.0018,424 ± 11,0.515 ± 0.013,421.1 ± 9.0,0 ± 0.0E+0,0 ± 0.0E+0,0.05493 ± 0.00070,404 ± 29,14.89 ± 0.39,2.09 ± 0.16,412 ± 21,192 ± 15,
,,-,,,,,,,1230 ± 62,326 ± 37,439100 ± 8800,72900 ± 1300,96100 ± 1500,342000 ± 17000,1214000 ± 43000,8800 ± 310,2181000 ± 55000,0 ± 0.0E+0,1.00E+0 ± 0,86 ± 62,42 ± 37,438800 ± 8800,72700 ± 1300,95500 ± 1500,342000 ± 17000,1214000 ± 43000,8800 ± 310,2178000 ± 55000,3.72 ± 0.23,86 ± 62,42 ± 37,438800 ± 8800,72700 ± 1300,95500 ± 1500,342000 ± 17000,1214000 ± 43000,8800 ± 310,2178000 ± 55000,0.3630 ± 0.0090,1994 ± 42,8.27 ± 0.21,2260 ± 25,0.290 ± 0.016,5120 ± 240,0.1815 ± 0.0045,1074 ± 24,8.27 ± 0.21,2260 ± 25,0.290 ± 0.016,5120 ± 240,0.16512 ± 0.00092,2507.4 ± 9.3,0.464 ± 0.012,2455 ± 51,10.50 ± 0.27,2478 ± 25,0 ± 0.0E+0,0 ± 0.0E+0,0.16359 ± 0.00091,2491.7 ± 9.3,2.171 ± 0.056,1.133 ± 0.069,282 ± 10,235 ± 12,
,,-,,,,,,,1286 ± 87,313 ± 47,277000 ± 13000,81700 ± 4500,52100 ± 2600,124000 ± 15000,517000 ± 36000,3750 ± 260,1053000 ± 62000,0 ± 0.0E+0,1.00E+0 ± 0,140 ± 87,27 ± 47,277000 ± 13000,81500 ± 4500,51500 ± 2600,124000 ± 15000,517000 ± 36000,3750 ± 260,1050000 ± 62000,4.69 ± 0.54,140 ± 87,27 ± 47,277000 ± 13000,81500 ± 4500,51500 ± 2600,124000 ± 15000,517000 ± 36000,3750 ± 260,1050000 ± 62000,0.543 ± 0.031,2780 ± 120,22.3 ± 1.3,3182 ± 53,0.465 ± 0.055,7560 ± 720,0.272 ± 0.015,1544 ± 76,22.3 ± 1.3,3182 ± 53,0.465 ± 0.055,7560 ± 720,0.2982 ± 0.0022,3460 ± 11,0.694 ± 0.039,3380 ± 150,28.3 ± 1.6,3413 ± 54,0 ± 0.0E+0,0 ± 0.0E+0,0.2955 ± 0.0022,3445 ± 12,1.491 ± 0.079,1.43 ± 0.17,119.7 ± 8.4,84 ± 10,
,,-,,,,,,,1313 ± 86,334 ± 32,3060 ± 110,368 ± 18,1200 ± 71,109000 ± 10000,407000 ± 22000,2950 ± 160,529000 ± 26000,0 ± 0.0E+0,1.00E+0 ± 0,165 ± 86,48 ± 32,2730 ± 110,126 ± 18,594 ± 71,109000 ± 10000,407000 ± 22000,2950 ± 160,526000 ± 26000,3.96 ± 0.42,165 ± 86,48 ± 32,2730 ± 110,126 ± 18,594 ± 71,109000 ± 10000,407000 ± 22000,2950 ± 160,526000 ± 26000,0.00698 ± 0.00039,44.8 ± 2.5,0.0433 ± 0.0068,42.7 ± 6.6,0.00572 ± 0.00091,115 ± 18,0.00349 ± 0.00019,22.5 ± 1.3,0.0433 ± 0.0068,42.7 ± 6.6,0.00572 ± 0.00091,115 ± 18,0.0457 ± 0.0070,660 ± 220,0.00890 ± 0.00050,57.1 ± 3.2,0.0548 ± 0.0086,53.7 ± 8.3,0 ± 0.0E+0,0 ± 0.0E+0,0.0453 ± 0.0069,690 ± 220,117.1 ± 6.4,1.21 ± 0.13,93.8 ± 5.1,73.3 ± 6.8,
,,-,,,,,,,1240 ± 140,357 ± 68,57800 ± 5000,4560 ± 410,6820 ± 630,50000 ± 13000,385000 ± 43000,2790 ± 310,509000 ± 49000,0 ± 0.0E+0,1.00E+0 ± 0,100 ± 140,70 ± 68,57500 ± 5000,4310 ± 410,6210 ± 630,50000 ± 13000,385000 ± 43000,2790 ± 310,506000 ± 49000,-2400000000 ± 4700000000,100 ± 140,70 ± 68,57500 ± 5000,4310 ± 410,6210 ± 630,50000 ± 13000,385000 ± 43000,2790 ± 310,506000 ± 49000,0.154 ± 0.013,921 ± 71,1.59 ± 0.14,959 ± 53,-39000000 ± 76000000,2770 ± 670,0.0770 ± 0.0064,478 ± 38,1.59 ± 0.14,959 ± 53,-39000000 ± 76000000,2770 ± 670,0.0749 ± 0.0019,1060 ± 52,0.196 ± 0.016,1150 ± 87,2.01 ± 0.17,1109 ± 58,0 ± 0.0E+0,0 ± 0.0E+0,0.0742 ± 0.0019,1042 ± 52,5.31 ± 0.45,-700000000 ± 1500000000,88.3 ± 9.8,33.3 ± 8.6,
,,-,,,,,,,1140 ± 180,316 ± 48,4490 ± 320,433 ± 34,1190 ± 110,108000 ± 22000,599000 ± 57000,4350 ± 410,719000 ± 66000,0 ± 0.0E+0,1.00E+0 ± 0,-10 ± 180,29 ± 48,4160 ± 320,186 ± 34,570 ± 110,108000 ± 22000,599000 ± 57000,4340 ± 410,716000 ± 66000,6.2 ± 1.5,-10 ± 180,29 ± 48,4160 ± 320,186 ± 34,570 ± 110,108000 ± 22000,599000 ± 57000,4340 ± 410,716000 ± 66000,0.00707 ± 0.00053,45.4 ± 3.4,0.0444 ± 0.0090,43.9 ± 8.8,0.0065 ± 0.0028,131 ± 56,0.00354 ± 0.00027,22.8 ± 1.7,0.0444 ± 0.0090,43.9 ± 8.8,0.0065 ± 0.0028,131 ± 56,0.0461 ± 0.0092,800 ± 310,0.00899 ± 0.00067,57.7 ± 4.3,0.056 ± 0.011,55 ± 11,0 ± 0.0E+0,0 ± 0.0E+0,0.0456 ± 0.0091,780 ± 310,114.4 ± 8.8,1.92 ± 0.46,137 ± 13,71 ± 14,
,,-,,,,,,,1292 ± 92,327 ± 45,209000 ± 11000,19180 ± 960,22670 ± 820,152000 ± 16000,1048000 ± 71000,7600 ± 510,1461000 ± 90000,0 ± 0.0E+0,1.00E+0 ± 0,138 ± 92,39 ± 45,209000 ± 11000,18930 ± 960,22040 ± 820,152000 ± 16000,1048000 ± 71000,7600 ± 510,1458000 ± 90000,7.29 ± 0.68,138 ± 92,39 ± 45,209000 ± 11000,18930 ± 960,22040 ± 820,152000 ± 16000,1048000 ± 71000,7600 ± 510,1458000 ± 90000,0.2024 ± 0.0071,1187 ± 38,2.533 ± 0.092,1278 ± 27,0.155 ± 0.013,2900 ± 220,0.1012 ± 0.0035,621 ± 21,2.533 ± 0.092,1278 ± 27,0.155 ± 0.013,2900 ± 220,0.09077 ± 0.00083,1440 ± 17,0.2562 ± 0.0090,1469 ± 46,3.18 ± 0.12,1448 ± 28,0 ± 0.0E+0,0 ± 0.0E+0,0.08995 ± 0.00083,1423 ± 17,3.95 ± 0.14,2.27 ± 0.21,238 ± 16,98 ± 10,
,,-,,,,,,,1236 ± 78,332 ± 42,49800 ± 1200,2977 ± 83,9640 ± 270,219000 ± 15000,959000 ± 41000,6960 ± 300,1249000 ± 46000,0 ± 0.0E+0,1.00E+0 ± 0,81 ± 78,43 ± 42,49500 ± 1200,2724 ± 83,9010 ± 270,219000 ± 15000,959000 ± 41000,6960 ± 300,1246000 ± 46000,4.58 ± 0.36,81 ± 78,43 ± 42,49500 ± 1200,2724 ± 83,9010 ± 270,219000 ± 15000,959000 ± 41000,6960 ± 300,1246000 ± 46000,0.0522 ± 0.0020,328 ± 12,0.399 ± 0.016,340 ± 12,0.0428 ± 0.0027,847 ± 53,0.02610 ± 0.00100,166.1 ± 6.3,0.399 ± 0.016,340 ± 12,0.0428 ± 0.0027,847 ± 53,0.0555 ± 0.0011,438 ± 40,0.0660 ± 0.0025,412 ± 15,0.499 ± 0.021,410 ± 14,0 ± 0.0E+0,0 ± 0.0E+0,0.0550 ± 0.0011,418 ± 41,15.36 ± 0.59,1.43 ± 0.11,216.6 ± 9.3,139.3 ± 9.4,
,,-,,,,,,,1260 ± 110,314 ± 43,583000 ± 26000,86400 ± 3300,111900 ± 4600,624000 ± 61000,2730000 ± 220000,19800 ± 1600,4140000 ± 310000,0 ± 0.0E+0,1.00E+0 ± 0,100 ± 110,25 ± 43,583000 ± 26000,86100 ± 3300,111300 ± 4600,624000 ± 61000,2730000 ± 220000,19800 ± 1600,4140000 ± 310000,4.51 ± 0.29,100 ± 110,25 ± 43,583000 ± 26000,86100 ± 3300,111300 ± 4600,624000 ± 61000,2730000 ± 220000,19800 ± 1600,4140000 ± 310000,0.2162 ± 0.0094,1260 ± 49,4.44 ± 0.24,1713 ± 45,0.183 ± 0.012,3450 ± 240,0.1081 ± 0.0047,661 ± 27,4.44 ± 0.24,1713 ± 45,0.183 ± 0.012,3450 ± 240,0.1486 ± 0.0023,2327 ± 26,0.273 ± 0.012,1553 ± 59,5.56 ± 0.30,1901 ± 46,0 ± 0.0E+0,0 ± 0.0E+0,0.1473 ± 0.0022,2312 ± 26,3.72 ± 0.16,1.411 ± 0.090,614 ± 50,393 ± 38,
,,-,,,,,,,1280 ± 130,330 ± 51,349000 ± 21000,104800 ± 6200,68600 ± 4800,191000 ± 28000,579000 ± 53000,4200 ± 380,1298000 ± 89000,0 ± 0.0E+0,1.00E+0 ± 0,120 ± 130,40 ± 51,348000 ± 21000,104600 ± 6200,67900 ± 4800,191000 ± 28000,579000 ± 53000,4200 ± 380,1295000 ± 89000,3.21 ± 0.47,120 ± 130,40 ± 51,348000 ± 21000,104600 ± 6200,67900 ± 4800,191000 ± 28000,579000 ± 53000,4200 ± 380,1295000 ± 89000,0.622 ± 0.045,3100 ± 180,25.7 ± 1.9,3322 ± 70,0.400 ± 0.062,6690 ± 850,0.311 ± 0.022,1740 ± 110,25.7 ± 1.9,3322 ± 70,0.400 ± 0.062,6690 ± 850,0.3002 ± 0.0024,3470 ± 12,0.783 ± 0.056,3710 ± 200,32.1 ± 2.4,3539 ± 71,0 ± 0.0E+0,0 ± 0.0E+0,0.2975 ± 0.0024,3456 ± 12,1.317 ± 0.093,1.01 ± 0.15,130 ± 12,119 ± 17,
,,-,,,,,,,1324 ± 74,312 ± 32,50700 ± 1500,4090 ± 110,5810 ± 220,56600 ± 7600,333000 ± 20000,2420 ± 150,459000 ± 24000,0 ± 0.0E+0,1.00E+0 ± 0,163 ± 74,20 ± 32,50300 ± 1500,3830 ± 110,5160 ± 220,56600 ± 7600,333000 ± 20000,2420 ± 150,456000 ± 24000,8.2 ± 1.6,163 ± 74,20 ± 32,50300 ± 1500,3830 ± 110,5160 ± 220,56600 ± 7600,333000 ± 20000,2420 ± 150,456000 ± 24000,0.1552 ± 0.0085,927 ± 47,1.622 ± 0.096,968 ± 37,0.122 ± 0.021,2200 ± 330,0.0776 ± 0.0042,481 ± 25,1.622 ± 0.096,968 ± 37,0.122 ± 0.021,2200 ± 330,0.0757 ± 0.0013,1080 ± 33,0.195 ± 0.011,1143 ± 57,2.02 ± 0.12,1109 ± 40,0 ± 0.0E+0,0 ± 0.0E+0,0.0750 ± 0.0012,1063 ± 33,5.36 ± 0.33,2.58 ± 0.49,74.1 ± 4.5,34.5 ± 4.6,
,,-,,,,,,,1267 ± 87,330 ± 51,2534 ± 91,339 ± 19,855 ± 92,45700 ± 9800,320000 ± 23000,2320 ± 170,374000 ± 22000,0 ± 0.0E+0,1.00E+0 ± 0,105 ± 87,38 ± 51,2174 ± 91,76 ± 19,197 ± 92,45700 ± 9800,320000 ± 23000,2320 ± 170,371000 ± 22000,-800000000 ± 1600000000,105 ± 87,38 ± 51,2174 ± 91,76 ± 19,197 ± 92,45700 ± 9800,320000 ± 23000,2320 ± 170,371000 ± 22000,0.00707 ± 0.00067,45.4 ± 4.3,0.0331 ± 0.0094,32.6 ± 9.3,-1100000 ± 1600000,92 ± 65,0.00353 ± 0.00034,22.7 ± 2.2,0.0331 ± 0.0094,32.6 ± 9.3,-1100000 ± 1600000,92 ± 65,0.0358 ± 0.0094,760 ± 240,0.00886 ± 0.00084,56.8 ± 5.4,0.041 ± 0.012,40 ± 11,0 ± 0.0E+0,0 ± 0.0E+0,0.0355 ± 0.0093,790 ± 230,120 ± 11,-270000000 ± 520000000,70.9 ± 5.1,27.6 ± 5.9,
,,-,,,,,,,1313 ± 71,316 ± 36,88800 ± 3000,8320 ± 270,26400 ± 1500,169000 ± 15000,426000 ± 27000,3090 ± 200,721000 ± 32000,0 ± 0.0E+0,1.00E+0 ± 0,147 ± 71,23 ± 36,88400 ± 3000,8050 ± 270,25700 ± 1500,169000 ± 15000,426000 ± 27000,3090 ± 200,718000 ± 32000,2.81 ± 0.34,147 ± 71,23 ± 36,88400 ± 3000,8050 ± 270,25700 ± 1500,169000 ± 15000,426000 ± 27000,3090 ± 200,718000 ± 32000,0.213 ± 0.012,1241 ± 62,2.68 ± 0.15,1311 ± 43,0.157 ± 0.010,2940 ± 180,0.1065 ± 0.0058,651 ± 34,2.68 ± 0.15,1311 ± 43,0.157 ± 0.010,2940 ± 180,0.0912 ± 0.0010,1447 ± 22,0.266 ± 0.015,1515 ± 74,3.32 ± 0.19,1472 ± 45,0 ± 0.0E+0,0 ± 0.0E+0,0.0904 ± 0.0010,1431 ± 22,3.93 ± 0.23,0.90 ± 0.11,93.5 ± 5.9,99.8 ± 9.1,
,,-,,,,,,,1310 ± 84,336 ± 41,72200 ± 3400,4270 ± 200,11020 ± 570,246000 ± 25000,1341000 ± 70000,9720 ± 510,1693000 ± 87000,0 ± 0.0E+0,1.00E+0 ± 0,143 ± 84,42 ± 41,71800 ± 3400,4000 ± 200,10350 ± 570,246000 ± 25000,1341000 ± 70000,9720 ± 510,1691000 ± 87000,5.78 ± 0.53,143 ± 84,42 ± 41,71800 ± 3400,4000 ± 200,10350 ± 570,246000 ± 25000,1341000 ± 70000,9720 ± 510,1691000 ± 87000,0.0541 ± 0.0019,339 ± 11,0.412 ± 0.013,349.8 ± 9.3,0.0455 ± 0.0040,896 ± 77,0.02704 ± 0.00093,171.9 ± 5.8,0.412 ± 0.013,349.8 ± 9.3,0.0455 ± 0.0040,896 ± 77,0.05580 ± 0.00071,440 ± 29,0.0674 ± 0.0023,421 ± 14,0.509 ± 0.016,417 ± 11,0 ± 0.0E+0,0 ± 0.0E+0,0.05531 ± 0.00071,420 ± 29,15.07 ± 0.52,1.85 ± 0.17,293 ± 15,144 ± 14,
,,-,,,,,,,1309 ± 79,348 ± 43,426000 ± 38000,69400 ± 5500,81900 ± 3300,298000 ± 25000,1320000 ± 230000,9600 ± 1700,2210000 ± 270000,0 ± 0.0E+0,1.00E+0 ± 0,141 ± 79,53 ± 43,426000 ± 38000,69100 ± 5500,81200 ± 3300,298000 ± 25000,1320000 ± 230000,9600 ± 1700,2200000 ± 270000,4.69 ± 0.88,141 ± 79,53 ± 43,426000 ± 38000,69100 ± 5500,81200 ± 3300,298000 ± 25000,1320000 ± 230000,9600 ± 1700,2200000 ± 270000,0.360 ± 0.024,1970 ± 120,8.15 ± 0.59,2223 ± 73,0.289 ± 0.025,5100 ± 380,0.180 ± 0.012,1063 ± 66,8.15 ± 0.59,2223 ± 73,0.289 ± 0.025,5100 ± 380,0.1634 ± 0.0019,2489 ± 20,0.448 ± 0.030,2370 ± 140,10.05 ± 0.72,2414 ± 75,0 ± 0.0E+0,0 ± 0.0E+0,0.1620 ± 0.0019,2475 ± 20,2.36 ± 0.19,1.51 ± 0.28,288 ± 50,173 ± 15,
,,-,,,,,,,1329 ± 79,325 ± 40,629000 ± 45000,189000 ± 13000,88400 ± 6100,242000 ± 26000,1031000 ± 92000,7480 ± 670,2190000 ± 170000,0 ± 0.0E+0,1.00E+0 ± 0,159 ± 79,30 ± 40,629000 ± 45000,189000 ± 13000,87700 ± 6100,242000 ± 26000,1031000 ± 92000,7480 ± 670,2190000 ± 170000,4.65 ± 0.49,159 ± 79,30 ± 40,629000 ± 45000,189000 ± 13000,87700 ± 6100,242000 ± 26000,1031000 ± 92000,7480 ± 670,2190000 ± 170000,0.626 ± 0.026,3150 ± 110,26.2 ± 1.1,3344 ± 41,0.394 ± 0.038,6630 ± 520,0.313 ± 0.013,1768 ± 68,26.2 ± 1.1,3344 ± 41,0.394 ± 0.038,6630 ± 520,0.3004 ± 0.0018,3471.4 ± 9.5,0.779 ± 0.032,3730 ± 120,32.2 ± 1.4,3547 ± 41,0 ± 0.0E+0,0 ± 0.0E+0,0.2978 ± 0.0018,3458.0 ± 9.5,1.299 ± 0.053,1.50 ± 0.16,224 ± 20,139 ± 15,
,,-,,,,,,,1272 ± 81,313 ± 54,431000 ± 23000,39600 ± 2000,175800 ± 8300,1282000 ± 89000,2180000 ± 110000,15800 ± 830,4120000 ± 210000,0 ± 0.0E+0,1.00E+0 ± 0,101 ± 81,17 ± 54,430000 ± 23000,39300 ± 2000,175100 ± 8300,1282000 ± 89000,2180000 ± 110000,15800 ± 830,4120000 ± 210000,1.74 ± 0.10,101 ± 81,17 ± 54,430000 ± 23000,39300 ± 2000,175100 ± 8300,1282000 ± 89000,2180000 ± 110000,15800 ± 830,4120000 ± 210000,0.1971 ± 0.0048,1167 ± 30,2.501 ± 0.075,1270 ± 21,0.1380 ± 0.0070,2610 ± 120,0.0986 ± 0.0024,610 ± 16,2.501 ± 0.075,1270 ± 21,0.1380 ± 0.0070,2610 ± 120,0.09140 ± 0.00060,1454 ± 12,0.2446 ± 0.0060,1419 ± 35,3.074 ± 0.092,1424 ± 23,0 ± 0.0E+0,0 ± 0.0E+0,0.09061 ± 0.00059,1437 ± 12,4.09 ± 0.11,0.563 ± 0.033,471 ± 25,730 ± 50,
,,-,,,,,,,1309 ± 86,315 ± 38,40000 ± 2200,3250 ± 180,4720 ± 300,38800 ± 7300,286000 ± 23000,2080 ± 170,377000 ± 29000,0 ± 0.0E+0,1.00E+0 ± 0,136 ± 86,19 ± 38,39600 ± 2200,2980 ± 180,4020 ± 300,38800 ± 7300,286000 ± 23000,2080 ± 170,374000 ± 29000,-1700000000 ± 1600000000,136 ± 86,19 ± 38,39600 ± 2200,2980 ± 180,4020 ± 300,38800 ± 7300,286000 ± 23000,2080 ± 170,374000 ± 29000,0.1447 ± 0.0093,868 ± 52,1.50 ± 0.10,920 ± 41,-32000000 ± 29000000,2190 ± 310,0.0723 ± 0.0046,449 ± 28,1.50 ± 0.10,920 ± 41,-32000000 ± 29000000,2190 ± 310,0.0751 ± 0.0020,1060 ± 53,0.179 ± 0.011,1059 ± 62,1.84 ± 0.13,1047 ± 45,0 ± 0.0E+0,0 ± 0.0E+0,0.0745 ± 0.0019,1043 ± 53,5.87 ± 0.37,-540000000 ± 520000000,61.7 ± 5.0,21.9 ± 4.1,
,,-,,,,,,,1330 ± 130,338 ± 51,4790 ± 280,513 ± 36,1119 ± 92,72000 ± 15000,665000 ± 43000,4830 ± 310,764000 ± 41000,0 ± 0.0E+0,1.00E+0 ± 0,150 ± 130,41 ± 51,4400 ± 280,233 ± 36,419 ± 92,72000 ± 15000,665000 ± 43000,4830 ± 310,761000 ± 41000,12.0 ± 2.7,150 ± 130,41 ± 51,4400 ± 280,233 ± 36,419 ± 92,72000 ± 15000,665000 ± 43000,4830 ± 310,761000 ± 41000,0.00675 ± 0.00050,43.4 ± 3.2,0.0490 ± 0.0075,48.4 ± 7.2,0.0078 ± 0.0027,157 ± 54,0.00338 ± 0.00025,21.7 ± 1.6,0.0490 ± 0.0075,48.4 ± 7.2,0.0078 ± 0.0027,157 ± 54,0.0536 ± 0.0080,780 ± 200,0.00835 ± 0.00062,53.6 ± 4.0,0.0600 ± 0.0092,58.9 ± 8.8,0 ± 0.0E+0,0 ± 0.0E+0,0.0531 ± 0.0079,810 ± 190,121.9 ± 8.3,3.91 ± 0.89,142.8 ± 9.3,40.1 ± 8.2,
,,-,,,,,,,1335 ± 98,317 ± 54,132700 ± 9100,12260 ± 840,28800 ± 2000,208000 ± 23000,670000 ± 50000,4860 ± 360,1057000 ± 76000,0 ± 0.0E+0,1.00E+0 ± 0,158 ± 98,19 ± 54,132300 ± 9100,11980 ± 840,28100 ± 2000,208000 ± 23000,670000 ± 50000,4860 ± 360,1054000 ± 76000,3.36 ± 0.30,158 ± 98,19 ± 54,132300 ± 9100,11980 ± 840,28100 ± 2000,208000 ± 23000,670000 ± 50000,4860 ± 360,1054000 ± 76000,0.1989 ± 0.0088,1168 ± 47,2.52 ± 0.13,1270 ± 37,0.144 ± 0.013,2700 ± 230,0.0995 ± 0.0044,611 ± 26,2.52 ± 0.13,1270 ± 37,0.144 ± 0.013,2700 ± 230,0.0906 ± 0.0013,1434 ± 28,0.245 ± 0.011,1412 ± 56,3.07 ± 0.16,1418 ± 38,0 ± 0.0E+0,0 ± 0.0E+0,0.0898 ± 0.0013,1418 ± 28,4.12 ± 0.20,1.101 ± 0.099,143 ± 11,114 ± 13,
,,-,,,,,,,1396 ± 72,355 ± 40,76500 ± 3700,4500 ± 210,11700 ± 780,255000 ± 26000,1380000 ± 63000,10010 ± 460,1739000 ± 86000,0 ± 0.0E+0,1.00E+0 ± 0,217 ± 72,56 ± 40,76100 ± 3700,4220 ± 210,10990 ± 780,255000 ± 26000,1380000 ± 63000,10010 ± 460,1736000 ± 86000,5.87 ± 0.47,217 ± 72,56 ± 40,76100 ± 3700,4220 ± 210,10990 ± 780,255000 ± 26000,1380000 ± 63000,10010 ± 460,1736000 ± 86000,0.0554 ± 0.0019,347 ± 12,0.424 ± 0.016,358 ± 12,0.0458 ± 0.0038,903 ± 72,0.02770 ± 0.00096,176.1 ± 6.0,0.424 ± 0.016,358 ± 12,0.0458 ± 0.0038,903 ± 72,0.0555 ± 0.0010,426 ± 41,0.0682 ± 0.0024,425 ± 14,0.517 ± 0.020,422 ± 13,0 ± 0.0E+0,0 ± 0.0E+0,0.0551 ± 0.0010,407 ± 41,14.88 ± 0.52,1.93 ± 0.16,293 ± 13,139 ± 14,
,,-,,,,,,,1340 ± 120,341 ± 53,660000 ± 41000,109500 ± 6600,103500 ± 6500,387000 ± 44000,1650000 ± 110000,11930 ± 830,2920000 ± 200000,0 ± 0.0E+0,1.00E+0 ± 0,160 ± 120,41 ± 53,660000 ± 41000,109200 ± 6600,102700 ± 6500,387000 ± 44000,1650000 ± 110000,11930 ± 830,2920000 ± 200000,4.51 ± 0.42,160 ± 120,41 ± 53,660000 ± 41000,109200 ± 6600,102700 ± 6500,387000 ± 44000,1650000 ± 110000,11930 ± 830,2920000 ± 200000,0.404 ± 0.016,2187 ± 73,9.24 ± 0.35,2358 ± 34,0.283 ± 0.027,5000 ± 410,0.2022 ± 0.0080,1186 ± 43,9.24 ± 0.35,2358 ± 34,0.283 ± 0.027,5000 ± 410,0.1658 ± 0.0017,2514 ± 17,0.497 ± 0.020,2597 ± 84,11.23 ± 0.43,2539 ± 35,0 ± 0.0E+0,0 ± 0.0E+0,0.1644 ± 0.0017,2500 ± 17,2.033 ± 0.078,1.49 ± 0.14,348 ± 24,208 ± 24,
,,-,,,,,,,1354 ± 96,405 ± 54,889000 ± 27000,263600 ± 9600,97100 ± 5100,260000 ± 22000,1664000 ± 80000,12060 ± 580,3212000 ± 78000,0 ± 0.0E+0,1.00E+0 ± 0,172 ± 96,106 ± 54,888000 ± 27000,263300 ± 9600,96300 ± 5100,260000 ± 22000,1664000 ± 80000,12060 ± 580,3209000 ± 78000,7.0 ± 1.0,172 ± 96,106 ± 54,888000 ± 27000,263300 ± 9600,96300 ± 5100,260000 ± 22000,1664000 ± 80000,12060 ± 580,3209000 ± 78000,0.542 ± 0.034,2780 ± 140,22.2 ± 1.5,3170 ± 73,0.381 ± 0.027,6600 ± 440,0.271 ± 0.017,1541 ± 87,22.2 ± 1.5,3170 ± 73,0.381 ± 0.027,6600 ± 440,0.2959 ± 0.0032,3447 ± 17,0.665 ± 0.042,3270 ± 170,27.0 ± 1.8,3359 ± 74,0 ± 0.0E+0,0 ± 0.0E+0,0.2935 ± 0.0032,3434 ± 17,1.54 ± 0.11,2.32 ± 0.35,350 ± 17,139 ± 12,
,,-,,,,,,,1367 ± 91,313 ± 39,33500 ± 1600,2110 ± 110,5050 ± 300,112000 ± 17000,647000 ± 47000,4690 ± 340,806000 ± 55000,0 ± 0.0E+0,1.00E+0 ± 0,184 ± 91,12 ± 39,33100 ± 1600,1820 ± 110,4320 ± 300,112000 ± 17000,647000 ± 47000,4690 ± 340,803000 ± 55000,6.5 ± 1.0,184 ± 91,12 ± 39,33100 ± 1600,1820 ± 110,4320 ± 300,112000 ± 17000,647000 ± 47000,4690 ± 340,803000 ± 55000,0.0523 ± 0.0029,328 ± 18,0.394 ± 0.023,336 ± 17,0.0443 ± 0.0084,870 ± 160,0.0261 ± 0.0014,166.3 ± 9.1,0.394 ± 0.023,336 ± 17,0.0443 ± 0.0084,870 ± 160,0.0550 ± 0.0022,391 ± 87,0.0640 ± 0.0035,400 ± 21,0.478 ± 0.028,395 ± 19,0 ± 0.0E+0,0 ± 0.0E+0,0.0545 ± 0.0022,372 ± 87,15.98 ± 0.87,2.16 ± 0.34,135.7 ± 9.8,59.5 ± 9.0,
,,-,,,,,,,1102 ± 53,259 ± 30,284 ± 31,189 ± 11,480 ± 42,0 ± 0.0E+0,690 ± 680,5.0 ± 4.9,3010 ± 690,0 ± 0.0E+0,1.00E+0 ± 0,-8 ± 53,-11 ± 30,23 ± 31,-1 ± 11,6 ± 42,-0.0000027952 ± 0.0000000022,690 ± 680,5.0 ± 4.9,680 ± 690,-250000000 ± 240000000,-8 ± 53,-11 ± 30,23 ± 31,-1 ± 11,6 ± 42,-0.0000027952 ± 0.0000000022,690 ± 680,5.0 ± 4.9,680 ± 690,-110000 ± 200000,76200 ± 6100,70 ± 500,6560 ± 630,-2000000 ± 15000000,355100 ± 4100,-55000 ± 98000,72100 ± 5800,70 ± 500,6560 ± 630,-2000000 ± 15000000,355100 ± 4100,0.41 ± 0.40,2920 ± 420,-150000 ± 260000,77900 ± 6200,100 ± 660,6990 ± 570,0 ± 0.0E+0,0 ± 0.0E+0,0.40 ± 0.40,2900 ± 420,-0.7 ± 6.8,-69000000 ± 68000000,0.18 ± 0.17,-2.63E-9 ± 0,
,,-,,,,,,,1192 ± 45,266 ± 28,271 ± 20,198 ± 10,493 ± 37,300 ± 430,610 ± 600,4.4 ± 4.4,3340 ± 750,0 ± 0.0E+0,1.00E+0 ± 0,81 ± 45,-5 ± 28,7 ± 20,6 ± 10,14 ± 37,300 ± 430,610 ± 600,4.4 ± 4.4,1000 ± 750,-210000000 ± 200000000,81 ± 45,-5 ± 28,7 ± 20,6 ± 10,14 ± 37,300 ± 430,610 ± 600,4.4 ± 4.4,1000 ± 750,-40000 ± 130000,76700 ± 6300,-270 ± 480,6670 ± 570,-3000000 ± 12000000,340000 ± 21000,-22000 ± 65000,72600 ± 6000,-270 ± 480,6670 ± 570,-3000000 ± 12000000,340000 ± 21000,-0.09 ± 0.32,3010 ± 390,-60000 ± 170000,78400 ± 6500,-360 ± 630,6930 ± 590,0 ± 0.0E+0,0 ± 0.0E+0,-0.09 ± 0.32,3100 ± 400,-1 ± 21,-59000000 ± 58000000,0.16 ± 0.15,0.28 ± 0.40,
,,-,,,,,,,1108 ± 61,267 ± 29,275 ± 28,194 ± 10,505 ± 41,0 ± 0.0E+0,400 ± 560,2.9 ± 4.1,2750 ± 570,0 ± 0.0E+0,1.00E+0 ± 0,-5 ± 61,-4 ± 29,8 ± 28,0 ± 10,21 ± 41,-0.0000030765 ± 0.0000000021,400 ± 560,2.9 ± 4.1,400 ± 570,-130000000 ± 180000000,-5 ± 61,-4 ± 29,8 ± 28,0 ± 10,21 ± 41,-0.0000030765 ± 0.0000000021,400 ± 560,2.9 ± 4.1,400 ± 570,-50000 ± 180000,78600 ± 4700,-30 ± 480,6880 ± 610,-7000000 ± 13000000,350700 ± 4000,-27000 ± 92000,74300 ± 4500,-30 ± 480,6880 ± 610,-7000000 ± 13000000,350700 ± 4000,0.05 ± 0.26,2650 ± 630,-70000 ± 240000,80400 ± 4800,-40 ± 630,7150 ± 630,0 ± 0.0E+0,0 ± 0.0E+0,0.04 ± 0.26,2640 ± 630,-12 ± 19,-37000000 ± 52000000,0.10 ± 0.14,-2.81E-9 ± 0,
,,-,,,,,,,1095 ± 75,271 ± 36,280 ± 23,189 ± 13,479 ± 43,0 ± 0.0E+0,830 ± 820,6.1 ± 5.9,3150 ± 820,0 ± 0.0E+0,1.00E+0 ± 0,-20 ± 75,-1 ± 36,10 ± 23,-7 ± 13,-10 ± 43,-0.0000032128 ± 0.0000000020,830 ± 820,6.0 ± 5.9,790 ± 820,-260000000 ± 250000000,-20 ± 75,-1 ± 36,10 ± 23,-7 ± 13,-10 ± 43,-0.0000032128 ± 0.0000000020,830 ± 820,6.0 ± 5.9,790 ± 820,-80000 ± 150000,73700 ± 8700,280 ± 590,6790 ± 730,3000000 ± 13000000,355500 ± 4300,-40000 ± 73000,69700 ± 8200,280 ± 590,6790 ± 730,3000000 ± 13000000,355500 ± 4300,0.13 ± 0.36,3260 ± 410,-110000 ± 190000,75300 ± 8900,370 ± 770,7000 ± 810,0 ± 0.0E+0,0 ± 0.0E+0,0.13 ± 0.36,3250 ± 410,-4 ± 12,-74000000 ± 72000000,0.21 ± 0.21,-2.89E-9 ± 0,
,,-,,,,,,,1119 ± 68,283 ± 30,283 ± 28,204 ± 13,500 ± 40,0 ± 0.0E+0,0 ± 0.0E+0,0 ± 0.0E+0,2389 ± 87,0 ± 0.0E+0,1.00E+0 ± 0,3 ± 68,10 ± 30,10 ± 28,6 ± 13,6 ± 40,-0.0000033560 ± 0.0000000019,-0.0001537402 ± 0.0000000074,-0.02100338 ± 0.00000098,9 ± 87,45.811 ± 0.024,3 ± 68,10 ± 30,10 ± 28,6 ± 13,6 ± 40,-0.0000033560 ± 0.0000000019,-0.0001537402 ± 0.0000000074,-0.02100338 ± 0.00000098,9 ± 87,-70000 ± 190000,83900 ± 1700,-290 ± 620,7260 ± 250,-2000000 ± 12000000,351700 ± 4500,-33000 ± 93000,79400 ± 1700,-290 ± 620,7260 ± 250,-2000000 ± 12000000,351700 ± 4500,0.09 ± 0.36,2920 ± 510,-90000 ± 250000,85700 ± 1700,-390 ± 820,7540 ± 250,0 ± 0.0E+0,0 ± 0.0E+0,0.09 ± 0.36,2900 ± 510,-0.0000011 ± 0.0000012,13.0989 ± 0.0063,-3.89E-8 ± 0,-2.97E-9 ± 0,
,,-,,,,,,,1121 ± 71,276 ± 36,339 ± 93,212 ± 13,521 ± 43,0 ± 0.0E+0,260 ± 510,1.9 ± 3.7,2730 ± 550,0 ± 0.0E+0,1.00E+0 ± 0,4 ± 71,3 ± 36,64 ± 93,12 ± 13,22 ± 43,-0.0000034927 ± 0.0000000019,260 ± 510,1.8 ± 3.7,340 ± 550,-70000000 ± 150000000,4 ± 71,3 ± 36,64 ± 93,12 ± 13,22 ± 43,-0.0000034927 ± 0.0000000019,260 ± 510,1.8 ± 3.7,340 ± 550,-410000 ± 600000,78700 ± 6700,-600 ± 620,6200 ± 1100,-6000000 ± 12000000,348900 ± 4800,-210000 ± 300000,74400 ± 6400,-600 ± 620,6200 ± 1100,-6000000 ± 12000000,348900 ± 4800,0.2 ± 1.0,3210 ± 770,-550000 ± 800000,80400 ± 6900,-780 ± 820,6300 ± 1300,0 ± 0.0E+0,0 ± 0.0E+0,0.24 ± 0.99,3190 ± 770,33 ± 65,-21000000 ± 42000000,0.06 ± 0.13,-3.05E-9 ± 0,
,,-,,,,,,,1090 ± 81,276 ± 33,290 ± 30,204 ± 12,488 ± 47,0 ± 0.0E+0,0 ± 0.0E+0,0 ± 0.0E+0,2350 ± 100,0 ± 0.0E+0,1.00E+0 ± 0,-28 ± 81,2 ± 33,12 ± 30,2 ± 12,-16 ± 47,-0.0000036314 ± 0.0000000019,-0.0001547982 ± 0.0000000073,-0.02114357 ± 0.00000096,-60 ± 100,42.628 ± 0.020,-28 ± 81,2 ± 33,12 ± 30,2 ± 12,-16 ± 47,-0.0000036314 ± 0.0000000019,-0.0001547982 ± 0.0000000073,-0.02114357 ± 0.00000096,-60 ± 100,-80000 ± 200000,83000 ± 1500,-110 ± 550,6860 ± 370,4000000 ± 13000000,337000 ± 10000,-39000 ± 98000,78600 ± 1500,-110 ± 550,6860 ± 370,4000000 ± 13000000,337000 ± 10000,-0.6 ± 1.0,2040 ± 620,-100000 ± 260000,84800 ± 1500,-140 ± 720,7130 ± 370,0 ± 0.0E+0,0 ± 0.0E+0,-0.6 ± 1.0,2020 ± 630,-0.0000038 ± 0.0000029,12.2629 ± 0.0053,-3.88E-8 ± 0,-3.13E-9 ± 0,
,,-,,,,,,,1073 ± 69,236 ± 27,364 ± 38,222 ± 15,515 ± 48,0 ± 0.0E+0,0 ± 0.0E+0,0 ± 0.0E+0,2410 ± 100,0 ± 0.0E+0,1.00E+0 ± 0,-48 ± 69,-38 ± 27,83 ± 38,18 ± 15,5 ± 48,-0.0000037780 ± 0.0000000019,-0.0001553614 ± 0.0000000074,-0.02121819 ± 0.00000098,-10 ± 100,41.122 ± 0.019,-48 ± 69,-38 ± 27,83 ± 38,18 ± 15,5 ± 48,-0.0000037780 ± 0.0000000019,-0.0001553614 ± 0.0000000074,-0.02121819 ± 0.00000098,-10 ± 100,-530000 ± 250000,83400 ± 1900,-840 ± 720,6930 ± 440,-1000000 ± 13000000,341400 ± 8300,-270000 ± 120000,79000 ± 1900,-840 ± 720,6930 ± 440,-1000000 ± 13000000,341400 ± 8300,-4.4 ± 6.4,3130 ± 490,-700000 ± 330000,85200 ± 1900,-1100 ± 940,7200 ± 440,0 ± 0.0E+0,0 ± 0.0E+0,-4.4 ± 6.3,3110 ± 500,-0.000033 ± 0.000025,11.8684 ± 0.0050,-3.87E-8 ± 0,-3.20E-9 ± 0,
,,-,,,,,,,1119 ± 59,275 ± 28,282 ± 24,210 ± 12,528 ± 38,0 ± 0.0E+0,0 ± 0.0E+0,0 ± 0.0E+0,2415 ± 76,0 ± 0.0E+0,1.00E+0 ± 0,-3 ± 59,-0 ± 28,-1 ± 24,4 ± 12,13 ± 38,-0.0000039232 ± 0.0000000020,-0.0001559191 ± 0.0000000079,-0.0212921 ± 0.0000010,-16 ± 76,39.743 ± 0.019,-3 ± 59,-0 ± 28,-1 ± 24,4 ± 12,13 ± 38,-0.0000039232 ± 0.0000000020,-0.0001559191 ± 0.0000000079,-0.0212921 ± 0.0000010,-16 ± 76,10000 ± 150000,81400 ± 2700,-190 ± 580,7050 ± 360,-3200000 ± 9600000,340100 ± 5900,4000 ± 76000,76900 ± 2700,-190 ± 580,7050 ± 360,-3200000 ± 9600000,340100 ± 5900,-0.6 ± 1.6,2150 ± 670,10000 ± 200000,83100 ± 2700,-250 ± 760,7320 ± 360,0 ± 0.0E+0,0 ± 0.0E+0,-0.6 ± 1.6,2140 ± 670,0.0000040 ± 0.0000032,11.5072 ± 0.0049,-3.87E-8 ± 0,-3.28E-9 ± 0,
,,-,,,,,,,1080 ± 61,312 ± 31,264 ± 23,211 ± 11,499 ± 36,0 ± 0.0E+0,210 ± 430,1.6 ± 3.1,2580 ± 440,0 ± 0.0E+0,1.00E+0 ± 0,-43 ± 61,36 ± 31,-23 ± 23,3 ± 11,-21 ± 36,-0.0000040666 ± 0.0000000020,210 ± 430,1.5 ± 3.1,140 ± 440,-50000000 ± 110000000,-43 ± 61,36 ± 31,-23 ± 23,3 ± 11,-21 ± 36,-0.0000040666 ± 0.0000000020,210 ± 430,1.5 ± 3.1,140 ± 440,150000 ± 150000,79500 ± 4000,-140 ± 520,7140 ± 540,5200000 ± 8900000,338200 ± 5800,73000 ± 73000,75100 ± 3900,-140 ± 520,7140 ± 540,5200000 ± 8900000,338200 ± 5800,-0.79 ± 0.89,2860 ± 440,190000 ± 190000,81200 ± 4100,-190 ± 680,7400 ± 560,0 ± 0.0E+0,0 ± 0.0E+0,-0.78 ± 0.88,2990 ± 450,6 ± 13,-15000000 ± 31000000,0.05 ± 0.11,-3.35E-9 ± 0,
,,-,,,,,,,1126 ± 61,296 ± 32,281 ± 26,211 ± 12,529 ± 46,0 ± 0.0E+0,230 ± 450,1.6 ± 3.3,2670 ± 450,0 ± 0.0E+0,1.00E+0 ± 0,1 ± 61,20 ± 32,-8 ± 26,1 ± 12,4 ± 46,-0.0000042068 ± 0.0000000020,230 ± 450,1.6 ± 3.3,220 ± 450,-50000000 ± 110000000,1 ± 61,20 ± 32,-8 ± 26,1 ± 12,4 ± 46,-0.0000042068 ± 0.0000000020,230 ± 450,1.6 ± 3.3,220 ± 450,40000 ± 160000,80000 ± 4500,-70 ± 570,7150 ± 560,-1000000 ± 11000000,341700 ± 6100,20000 ± 82000,75700 ± 4300,-70 ± 570,7150 ± 560,-1000000 ± 11000000,341700 ± 6100,0.03 ± 0.53,2870 ± 540,50000 ± 210000,81700 ± 4500,-90 ± 740,7410 ± 590,0 ± 0.0E+0,0 ± 0.0E+0,0.03 ± 0.53,2850 ± 540,-1.3 ± 2.6,-16000000 ± 31000000,0.06 ± 0.11,-3.42E-9 ± 0,
,,-,,,,,,,1129 ± 64,285 ± 33,280 ± 31,200 ± 11,543 ± 50,0 ± 0.0E+0,240 ± 480,1.7 ± 3.5,2680 ± 490,0 ± 0.0E+0,1.00E+0 ± 0,3 ± 64,8 ± 33,-12 ± 31,-12 ± 11,12 ± 50,-0.0000043413 ± 0.0000000019,240 ± 480,1.7 ± 3.5,210 ± 490,-60000000 ± 110000000,3 ± 64,8 ± 33,-12 ± 31,-12 ± 11,12 ± 50,-0.0000043413 ± 0.0000000019,240 ± 480,1.7 ± 3.5,210 ± 490,80000 ± 200000,81500 ± 4400,560 ± 530,6570 ± 780,-3000000 ± 12000000,343400 ± 6000,38000 ± 99000,77200 ± 4200,560 ± 530,6570 ± 780,-3000000 ± 12000000,343400 ± 6000,-0.02 ± 0.29,2780 ± 620,100000 ± 260000,83200 ± 4500,730 ± 690,7040 ± 690,0 ± 0.0E+0,0 ± 0.0E+0,-0.02 ± 0.28,2760 ± 630,-17 ± 34,-16000000 ± 32000000,0.06 ± 0.12,-3.48E-9 ± 0,
,,-,,,,,,,1101 ± 69,281 ± 32,302 ± 32,205 ± 11,532 ± 40,0 ± 0.0E+0,430 ± 610,3.2 ± 4.4,2860 ± 630,0 ± 0.0E+0,1.00E+0 ± 0,-27 ± 69,4 ± 32,7 ± 32,-10 ± 11,-4 ± 40,-0.0000044833 ± 0.0000000020,430 ± 610,3.1 ± 4.4,380 ± 630,-100000000 ± 140000000,-27 ± 69,4 ± 32,7 ± 32,-10 ± 11,-4 ± 40,-0.0000044833 ± 0.0000000020,430 ± 610,3.1 ± 4.4,380 ± 630,-60000 ± 200000,78500 ± 5800,450 ± 520,6680 ± 540,900000 ± 9000000,342100 ± 5700,-29000 ± 99000,74200 ± 5500,450 ± 520,6680 ± 540,900000 ± 9000000,342100 ± 5700,0.04 ± 0.48,3340 ± 430,-80000 ± 260000,80100 ± 5900,590 ± 670,6930 ± 550,0 ± 0.0E+0,0 ± 0.0E+0,0.04 ± 0.47,3320 ± 430,-13 ± 25,-28000000 ± 40000000,0.11 ± 0.15,-3.55E-9 ± 0,
,,-,,,,,,,1080 ± 55,276 ± 33,261 ± 19,204 ± 12,522 ± 39,0 ± 0.0E+0,190 ± 380,1.4 ± 2.8,2540 ± 410,0 ± 0.0E+0,1.00E+0 ± 0,-49 ± 55,-2 ± 33,-37 ± 19,-12 ± 12,-19 ± 39,-0.0000046206 ± 0.0000000021,190 ± 380,1.4 ± 2.8,40 ± 410,-41000000 ± 83000000,-49 ± 55,-2 ± 33,-37 ± 19,-12 ± 12,-19 ± 39,-0.0000046206 ± 0.0000000021,190 ± 380,1.4 ± 2.8,40 ± 410,250000 ± 120000,82000 ± 3200,600 ± 530,7360 ± 340,4100000 ± 8400000,343900 ± 4700,123000 ± 59000,77600 ± 3100,600 ± 530,7360 ± 340,4100000 ± 8400000,343900 ± 4700,0.11 ± 0.40,3350 ± 400,320000 ± 150000,83700 ± 3300,780 ± 690,7610 ± 350,0 ± 0.0E+0,0 ± 0.0E+0,0.11 ± 0.39,3340 ± 400,0.9 ± 1.7,-12000000 ± 24000000,0.046 ± 0.093,-3.61E-9 ± 0,
,,-,,,,,,,1175 ± 56,281 ± 30,339 ± 28,243 ± 13,584 ± 40,0 ± 0.0E+0,0 ± 0.0E+0,0 ± 0.0E+0,2622 ± 77,0 ± 0.0E+0,1.00E+0 ± 0,31 ± 56,-3 ± 30,14 ± 28,6 ± 13,-8 ± 40,-0.0000060099 ± 0.0000000021,-0.0001639335 ± 0.0000000080,-0.0223541 ± 0.0000011,3 ± 77,27.2774 ± 0.0081,31 ± 56,-3 ± 30,14 ± 28,6 ± 13,-8 ± 40,-0.0000060099 ± 0.0000000021,-0.0001639335 ± 0.0000000080,-0.0223541 ± 0.0000011,3 ± 77,-90000 ± 170000,81900 ± 1800,-260 ± 560,7620 ± 270,1300000 ± 6700000,332600 ± 5300,-44000 ± 85000,77400 ± 1800,-260 ± 560,7620 ± 270,1300000 ± 6700000,332600 ± 5300,-0.04 ± 0.43,2970 ± 600,-110000 ± 220000,83400 ± 1800,-340 ± 720,7860 ± 270,0 ± 0.0E+0,0 ± 0.0E+0,-0.04 ± 0.43,2960 ± 600,0.00000099 ± 0.00000100,8.2829 ± 0.0021,-3.82E-8 ± 0,-4.16E-9 ± 0,
,,-,,,,,,,1172 ± 65,317 ± 30,388 ± 31,250 ± 14,591 ± 45,0 ± 0.0E+0,210 ± 420,1.5 ± 3.1,2930 ± 430,0 ± 0.0E+0,1.00E+0 ± 0,27 ± 65,32 ± 30,60 ± 31,11 ± 14,-6 ± 45,-0.0000061498 ± 0.0000000020,210 ± 420,1.5 ± 3.1,300 ± 430,-34000000 ± 69000000,27 ± 65,32 ± 30,60 ± 31,11 ± 14,-6 ± 45,-0.0000061498 ± 0.0000000020,210 ± 420,1.5 ± 3.1,300 ± 430,-370000 ± 190000,79200 ± 5700,-500 ± 600,6750 ± 640,1000000 ± 7200000,339200 ± 4500,-185000 ± 95000,74900 ± 5400,-500 ± 600,6750 ± 640,1000000 ± 7200000,339200 ± 4500,-0.06 ± 0.37,3210 ± 320,-470000 ± 240000,80700 ± 5800,-640 ± 760,6980 ± 650,0 ± 0.0E+0,0 ± 0.0E+0,-0.06 ± 0.36,3200 ± 320,-3.6 ± 7.1,-10000000 ± 21000000,0.049 ± 0.098,-4.21E-9 ± 0,
,,-,,,,,,,1130 ± 58,271 ± 32,323 ± 27,246 ± 13,610 ± 45,0 ± 0.0E+0,230 ± 460,1.7 ± 3.3,2810 ± 480,0 ± 0.0E+0,1.00E+0 ± 0,-16 ± 58,-14 ± 32,-7 ± 27,5 ± 13,7 ± 45,-0.0000062888 ± 0.0000000020,230 ± 460,1.6 ± 3.3,170 ± 480,-36000000 ± 73000000,-16 ± 58,-14 ± 32,-7 ± 27,5 ± 13,7 ± 45,-0.0000062888 ± 0.0000000020,230 ± 460,1.6 ± 3.3,170 ± 480,40000 ± 160000,81000 ± 4500,-190 ± 560,7070 ± 460,-1200000 ± 7100000,338900 ± 4900,19000 ± 81000,76700 ± 4300,-190 ± 560,7070 ± 460,-1200000 ± 7100000,338900 ± 4900,0.03 ± 0.52,3140 ± 550,50000 ± 210000,82500 ± 4600,-240 ± 710,7310 ± 460,0 ± 0.0E+0,0 ± 0.0E+0,0.03 ± 0.51,3130 ± 550,-2.2 ± 4.5,-11000000 ± 22000000,0.05 ± 0.11,-4.26E-9 ± 0,
,,-,,,,,,,1178 ± 54,288 ± 30,300 ± 26,234 ± 11,598 ± 47,0 ± 0.0E+0,410 ± 570,2.9 ± 4.1,3010 ± 590,0 ± 0.0E+0,1.00E+0 ± 0,30 ± 54,3 ± 30,-34 ± 26,-9 ± 11,-10 ± 47,-0.0000064376 ± 0.0000000021,410 ± 570,2.9 ± 4.1,350 ± 590,-63000000 ± 89000000,30 ± 54,3 ± 30,-34 ± 26,-9 ± 11,-10 ± 47,-0.0000064376 ± 0.0000000021,410 ± 570,2.9 ± 4.1,350 ± 590,220000 ± 160000,81300 ± 5100,390 ± 500,6940 ± 510,1500000 ± 7300000,342400 ± 4500,108000 ± 78000,77100 ± 4900,390 ± 500,6940 ± 510,1500000 ± 7300000,342400 ± 4500,-0.62 ± 0.53,2950 ± 660,280000 ± 200000,82800 ± 5200,490 ± 630,7170 ± 520,0 ± 0.0E+0,0 ± 0.0E+0,-0.61 ± 0.52,2930 ± 670,17 ± 31,-19000000 ± 27000000,0.09 ± 0.13,-4.31E-9 ± 0,
,,-,,,,,,,1226 ± 55,311 ± 35,306 ± 17,234 ± 12,604 ± 44,0 ± 0.0E+0,490 ± 560,3.6 ± 4.1,3180 ± 560,0 ± 0.0E+0,1.00E+0 ± 0,76 ± 55,25 ± 35,-30 ± 17,-12 ± 12,-9 ± 44,-0.0000065844 ± 0.0000000023,490 ± 560,3.5 ± 4.1,500 ± 560,-74000000 ± 85000000,76 ± 55,25 ± 35,-30 ± 17,-12 ± 12,-9 ± 44,-0.0000065844 ± 0.0000000023,490 ± 560,3.5 ± 4.1,500 ± 560,170000 ± 100000,79300 ± 5200,510 ± 510,7170 ± 520,1300000 ± 6600000,340800 ± 3700,87000 ± 52000,75000 ± 5000,510 ± 510,7170 ± 520,1300000 ± 6600000,340800 ± 3700,-0.28 ± 0.86,3230 ± 470,220000 ± 130000,80700 ± 5300,640 ± 640,7390 ± 530,0 ± 0.0E+0,0 ± 0.0E+0,-0.28 ± 0.85,3220 ± 470,-3 ± 13,-23000000 ± 26000000,0.11 ± 0.13,-4.36E-9 ± 0,
,,-,,,,,,,1136 ± 58,280 ± 29,328 ± 44,234 ± 12,616 ± 45,0 ± 0.0E+0,0 ± 0.0E+0,0 ± 0.0E+0,2594 ± 100,0 ± 0.0E+0,1.00E+0 ± 0,-15 ± 58,-7 ± 29,-11 ± 44,-14 ± 12,-2 ± 45,-0.0000067228 ± 0.0000000021,-0.0001666716 ± 0.0000000082,-0.0227169 ± 0.0000011,-89 ± 100,24.7921 ± 0.0066,-15 ± 58,-7 ± 29,-11 ± 44,-14 ± 12,-2 ± 45,-0.0000067228 ± 0.0000000021,-0.0001666716 ± 0.0000000082,-0.0227169 ± 0.0000011,-89 ± 100,60000 ± 260000,84300 ± 1300,590 ± 540,7530 ± 230,300000 ± 6700000,342600 ± 3900,30000 ± 130000,79800 ± 1300,590 ± 540,7530 ± 230,300000 ± 6700000,342600 ± 3900,-0.14 ± 0.92,2800 ± 490,80000 ± 330000,85800 ± 1300,750 ± 680,7760 ± 230,0 ± 0.0E+0,0 ± 0.0E+0,-0.14 ± 0.91,2790 ± 490,-0.0000018 ± 0.0000019,7.6557 ± 0.0017,-3.80E-8 ± 0,-4.40E-9 ± 0,
,,-,,,,,,,1149 ± 64,276 ± 33,346 ± 38,247 ± 14,575 ± 49,0 ± 0.0E+0,220 ± 440,1.6 ± 3.2,2810 ± 470,0 ± 0.0E+0,1.00E+0 ± 0,-3 ± 64,-12 ± 33,4 ± 38,-2 ± 14,-48 ± 49,-0.0000068569 ± 0.0000000020,220 ± 440,1.6 ± 3.2,120 ± 470,-32000000 ± 64000000,-3 ± 64,-12 ± 33,4 ± 38,-2 ± 14,-48 ± 49,-0.0000068569 ± 0.0000000020,220 ± 440,1.6 ± 3.2,120 ± 470,-30000 ± 220000,81300 ± 4500,210 ± 550,7470 ± 430,7100000 ± 7100000,342600 ± 3700,-20000 ± 110000,76900 ± 4300,210 ± 550,7470 ± 430,7100000 ± 7100000,342600 ± 3700,0.8 ± 1.8,3110 ± 490,-40000 ± 280000,82700 ± 4600,260 ± 700,7700 ± 430,0 ± 0.0E+0,0 ± 0.0E+0,0.8 ± 1.8,3100 ± 500,-1.9 ± 3.8,-10000000 ± 20000000,0.05 ± 0.10,-4.44E-9 ± 0,
,,-,,,,,,,1124 ± 55,305 ± 29,358 ± 32,251 ± 12,602 ± 36,0 ± 0.0E+0,400 ± 560,2.9 ± 4.1,3040 ± 560,0 ± 0.0E+0,1.00E+0 ± 0,-30 ± 55,16 ± 29,13 ± 32,-0 ± 12,-27 ± 36,-0.0000070045 ± 0.0000000021,400 ± 560,2.9 ± 4.1,340 ± 560,-57000000 ± 80000000,-30 ± 55,16 ± 29,13 ± 32,-0 ± 12,-27 ± 36,-0.0000070045 ± 0.0000000021,400 ± 560,2.9 ± 4.1,340 ± 560,-70000 ± 190000,74500 ± 6200,10 ± 510,6740 ± 600,3800000 ± 5200000,316000 ± 10000,-36000 ± 95000,70300 ± 6000,10 ± 510,6740 ± 600,3800000 ± 5200000,316000 ± 10000,4.4 ± 5.4,2980 ± 500,-90000 ± 240000,76000 ± 6300,20 ± 650,6960 ± 610,0 ± 0.0E+0,0 ± 0.0E+0,4.4 ± 5.3,2970 ± 500,-0.8 ± 3.8,-18000000 ± 25000000,0.09 ± 0.13,-4.49E-9 ± 0,
,,-,,,,,,,1165 ± 64,276 ± 34,367 ± 27,259 ± 14,664 ± 48,0 ± 0.0E+0,410 ± 580,3.0 ± 4.2,3150 ± 590,0 ± 0.0E+0,1.00E+0 ± 0,9 ± 64,-13 ± 34,20 ± 27,6 ± 14,30 ± 48,-0.0000071442 ± 0.0000000021,410 ± 580,3.0 ± 4.2,420 ± 590,-58000000 ± 81000000,9 ± 64,-13 ± 34,20 ± 27,6 ± 14,30 ± 48,-0.0000071442 ± 0.0000000021,410 ± 580,3.0 ± 4.2,420 ± 590,-110000 ± 160000,75600 ± 6200,-230 ± 600,6900 ± 650,-4200000 ± 6800000,329200 ± 8500,-55000 ± 79000,71400 ± 5900,-230 ± 600,6900 ± 650,-4200000 ± 6800000,329200 ± 8500,-0.3 ± 1.0,3320 ± 430,-140000 ± 200000,77000 ± 6300,-280 ± 750,7120 ± 660,0 ± 0.0E+0,0 ± 0.0E+0,-0.3 ± 1.0,3310 ± 430,-3.3 ± 9.8,-18000000 ± 25000000,0.09 ± 0.13,-4.53E-9 ± 0,
,,-,,,,,,,1143 ± 63,279 ± 33,368 ± 31,251 ± 14,618 ± 39,0 ± 0.0E+0,0 ± 0.0E+0,0 ± 0.0E+0,2660 ± 100,0 ± 0.0E+0,1.00E+0 ± 0,-13 ± 63,-10 ± 33,18 ± 31,-5 ± 14,-21 ± 39,-0.0000072791 ± 0.0000000020,-0.0001688085 ± 0.0000000076,-0.0230000 ± 0.0000010,-70 ± 100,23.1907 ± 0.0053,-13 ± 63,-10 ± 33,18 ± 31,-5 ± 14,-21 ± 39,-0.0000072791 ± 0.0000000020,-0.0001688085 ± 0.0000000076,-0.0230000 ± 0.0000010,-70 ± 100,-100000 ± 190000,81100 ± 2500,220 ± 620,7480 ± 280,2800000 ± 5400000,329700 ± 6600,-52000 ± 93000,76600 ± 2500,220 ± 620,7480 ± 280,2800000 ± 5400000,329700 ± 6600,0.33 ± 0.89,3090 ± 510,-130000 ± 230000,82600 ± 2500,270 ± 780,7710 ± 280,0 ± 0.0E+0,0 ± 0.0E+0,0.33 ± 0.88,3080 ± 510,0.0000024 ± 0.0000017,7.2571 ± 0.0013,-3.79E-8 ± 0,-4.57E-9 ± 0,
,,-,,,,,,,1218 ± 76,268 ± 36,341 ± 32,260 ± 13,659 ± 50,0 ± 0.0E+0,270 ± 540,1.9 ± 3.9,3020 ± 550,0 ± 0.0E+0,1.00E+0 ± 0,60 ± 76,-22 ± 36,-12 ± 32,2 ± 13,15 ± 50,-0.0000074250 ± 0.0000000018,270 ± 540,1.9 ± 3.9,270 ± 550,-36000000 ± 72000000,60 ± 76,-22 ± 36,-12 ± 32,2 ± 13,15 ± 50,-0.0000074250 ± 0.0000000018,270 ± 540,1.9 ± 3.9,270 ± 550,70000 ± 190000,81100 ± 5700,-100 ± 570,6970 ± 550,-2000000 ± 6700000,328000 ± 7700,34000 ± 94000,76800 ± 5400,-100 ± 570,6970 ± 550,-2000000 ± 6700000,328000 ± 7700,-0.35 ± 0.41,2880 ± 520,90000 ± 240000,82600 ± 5800,-120 ± 710,7180 ± 570,0 ± 0.0E+0,0 ± 0.0E+0,-0.35 ± 0.40,2870 ± 520,-24 ± 47,-11000000 ± 23000000,0.06 ± 0.12,-4.61E-9 ± 0,
,,-,,,,,,,1197 ± 69,287 ± 30,363 ± 25,263 ± 13,658 ± 50,0 ± 0.0E+0,0 ± 0.0E+0,0 ± 0.0E+0,2770 ± 100,0 ± 0.0E+0,1.00E+0 ± 0,37 ± 69,-4 ± 30,8 ± 25,4 ± 13,9 ± 50,-0.0000075669 ± 0.0000000019,-0.0001699138 ± 0.0000000072,-0.02314648 ± 0.00000096,10 ± 100,22.4548 ± 0.0046,37 ± 69,-4 ± 30,8 ± 25,4 ± 13,9 ± 50,-0.0000075669 ± 0.0000000019,-0.0001699138 ± 0.0000000072,-0.02314648 ± 0.00000096,10 ± 100,-50000 ± 150000,81400 ± 2300,-160 ± 560,7300 ± 290,-1200000 ± 6600000,332900 ± 5800,-23000 ± 73000,76900 ± 2300,-160 ± 560,7300 ± 290,-1200000 ± 6600000,332900 ± 5800,-0.01 ± 0.39,2870 ± 610,-60000 ± 180000,82800 ± 2300,-200 ± 700,7520 ± 290,0 ± 0.0E+0,0 ± 0.0E+0,-0.01 ± 0.38,2850 ± 610,0.0000006 ± 0.0000012,7.0758 ± 0.0011,-3.79E-8 ± 0,-4.65E-9 ± 0,
,,-,,,,,,,1177 ± 62,293 ± 31,315 ± 19,251 ± 13,643 ± 46,0 ± 0.0E+0,210 ± 420,1.5 ± 3.1,2890 ± 430,0 ± 0.0E+0,1.00E+0 ± 0,15 ± 62,2 ± 31,-43 ± 19,-11 ± 12,-12 ± 46,-0.0000077097 ± 0.0000000020,210 ± 420,1.5 ± 3.1,120 ± 430,-27000000 ± 55000000,15 ± 62,2 ± 31,-43 ± 19,-11 ± 12,-12 ± 46,-0.0000077097 ± 0.0000000020,210 ± 420,1.5 ± 3.1,120 ± 430,250000 ± 110000,81200 ± 3200,460 ± 540,7390 ± 440,1500000 ± 6000000,337100 ± 4800,124000 ± 57000,76800 ± 3000,460 ± 540,7390 ± 440,1500000 ± 6000000,337100 ± 4800,-0.02 ± 0.35,3430 ± 650,310000 ± 140000,82600 ± 3200,570 ± 670,7600 ± 460,0 ± 0.0E+0,0 ± 0.0E+0,-0.02 ± 0.35,3410 ± 650,-3.7 ± 7.3,-9000000 ± 17000000,0.047 ± 0.094,-4.69E-9 ± 0,
,,-,,,,,,,1118 ± 52,299 ± 31,349 ± 29,265 ± 14,628 ± 47,0 ± 0.0E+0,210 ± 410,1.5 ± 3.0,2870 ± 410,0 ± 0.0E+0,1.00E+0 ± 0,-45 ± 52,7 ± 31,-12 ± 29,1 ± 14,-31 ± 47,-0.0000078490 ± 0.0000000021,210 ± 410,1.5 ± 3.0,80 ± 410,-26000000 ± 52000000,-45 ± 52,7 ± 31,-12 ± 29,1 ± 14,-31 ± 47,-0.0000078490 ± 0.0000000021,210 ± 410,1.5 ± 3.0,80 ± 410,70000 ± 170000,80100 ± 3700,-110 ± 590,7090 ± 580,4000000 ± 5900000,337800 ± 4300,34000 ± 86000,75700 ± 3500,-110 ± 590,7090 ± 580,4000000 ± 5900000,337800 ± 4300,-0.09 ± 0.52,3180 ± 400,80000 ± 220000,81500 ± 3700,-140 ± 730,7550 ± 350,0 ± 0.0E+0,0 ± 0.0E+0,-0.09 ± 0.51,3230 ± 400,-10 ± 19,-8000000 ± 17000000,0.046 ± 0.091,-4.73E-9 ± 0,
,,-,,,,,,,1137 ± 74,278 ± 26,338 ± 29,270 ± 19,686 ± 49,0 ± 0.0E+0,480 ± 670,3.5 ± 4.9,3190 ± 690,0 ± 0.0E+0,1.00E+0 ± 0,-27 ± 74,-14 ± 26,-26 ± 29,4 ± 19,21 ± 49,-0.0000079829 ± 0.0000000019,480 ± 670,3.5 ± 4.9,400 ± 690,-60000000 ± 84000000,-27 ± 74,-14 ± 26,-26 ± 29,4 ± 19,21 ± 49,-0.0000079829 ± 0.0000000019,480 ± 670,3.5 ± 4.9,400 ± 690,150000 ± 160000,79500 ± 5600,-110 ± 790,6940 ± 690,-2600000 ± 6100000,334300 ± 5500,73000 ± 81000,75300 ± 5400,-110 ± 790,6940 ± 690,-2600000 ± 6100000,334300 ± 5500,-0.23 ± 0.44,2800 ± 580,180000 ± 200000,80900 ± 5700,-140 ± 980,7150 ± 700,0 ± 0.0E+0,0 ± 0.0E+0,-0.23 ± 0.43,2780 ± 580,0.5 ± 3.4,-19000000 ± 27000000,0.11 ± 0.15,-4.76E-9 ± 0,
,,-,,,,,,,1123 ± 60,278 ± 27,352 ± 28,259 ± 14,661 ± 50,210 ± 410,410 ± 580,3.0 ± 4.2,3290 ± 720,0 ± 0.0E+0,1.00E+0 ± 0,-43 ± 60,-15 ± 27,-15 ± 28,-9 ± 14,-9 ± 50,210 ± 410,410 ± 580,3.0 ± 4.2,480 ± 720,-51000000 ± 71000000,-43 ± 60,-15 ± 27,-15 ± 28,-9 ± 14,-9 ± 50,210 ± 410,410 ± 580,3.0 ± 4.2,480 ± 720,90000 ± 160000,80100 ± 5500,350 ± 580,7150 ± 530,1300000 ± 6200000,331000 ± 17000,43000 ± 82000,75900 ± 5300,350 ± 580,7150 ± 530,1300000 ± 6200000,331000 ± 17000,0.04 ± 0.53,3550 ± 220,110000 ± 200000,81500 ± 5600,430 ± 710,7360 ± 540,0 ± 0.0E+0,0 ± 0.0E+0,0.04 ± 0.53,3530 ± 220,40 ± 56,-16000000 ± 23000000,0.09 ± 0.13,0.12 ± 0.24,
,,-,,,,,,,1128 ± 63,272 ± 28,382 ± 27,273 ± 14,722 ± 47,0 ± 0.0E+0,0 ± 0.0E+0,0 ± 0.0E+0,2777 ± 82,0 ± 0.0E+0,1.00E+0 ± 0,-40 ± 63,-22 ± 28,12 ± 27,3 ± 14,47 ± 47,-0.0000082687 ± 0.0000000020,-0.0001726092 ± 0.0000000075,-0.02350364 ± 0.00000099,-46 ± 82,20.8750 ± 0.0040,-40 ± 63,-22 ± 28,12 ± 27,3 ± 14,47 ± 47,-0.0000082687 ± 0.0000000020,-0.0001726092 ± 0.0000000075,-0.02350364 ± 0.00000099,-46 ± 82,-70000 ± 160000,84200 ± 1500,-140 ± 610,7500 ± 290,-5700000 ± 5700000,334100 ± 5300,-36000 ± 79000,79700 ± 1500,-140 ± 610,7500 ± 290,-5700000 ± 5700000,334100 ± 5300,0.3 ± 1.3,2830 ± 540,-90000 ± 200000,85600 ± 1500,-180 ± 760,7710 ± 290,0 ± 0.0E+0,0 ± 0.0E+0,0.3 ± 1.3,2820 ± 540,-0.0000046 ± 0.0000023,6.69180 ± 0.00097,-3.77E-8 ± 0,-4.83E-9 ± 0,
,,-,,,,,,,1280 ± 250,320 ± 130,420 ± 130,271 ± 33,800 ± 220,0 ± 0.0E+0,5300 ± 6700,38 ± 48,8400 ± 6500,0 ± 0.0E+0,1.00E+0 ± 0,110 ± 250,30 ± 130,50 ± 130,0 ± 33,130 ± 220,-8.29E-6 ± 0,5300 ± 6700,38 ± 48,5600 ± 6500,-640000000 ± 810000000,110 ± 250,30 ± 130,50 ± 130,0 ± 33,130 ± 220,-8.29E-6 ± 0,5300 ± 6700,38 ± 48,5600 ± 6500,-380000 ± 680000,29000 ± 58000,500 ± 1100,4300 ± 3400,-15000000 ± 27000000,324000 ± 16000,-190000 ± 340000,27000 ± 55000,500 ± 1100,4300 ± 3400,-15000000 ± 27000000,324000 ± 16000,0.19 ± 0.45,3000 ± 2300,-480000 ± 850000,29000 ± 59000,600 ± 1300,4500 ± 3500,0 ± 0.0E+0,0 ± 0.0E+0,0.19 ± 0.44,3000 ± 2300,40 ± 130,-200000000 ± 260000000,1.2 ± 1.5,-4.84E-9 ± 0,
,,-,,,,,,,1188 ± 56,318 ± 31,397 ± 55,267 ± 13,657 ± 43,0 ± 0.0E+0,180 ± 360,1.3 ± 2.6,3010 ± 370,0 ± 0.0E+0,1.00E+0 ± 0,19 ± 56,24 ± 31,25 ± 55,-5 ± 13,-23 ± 43,-0.0000084078 ± 0.0000000022,180 ± 360,1.3 ± 2.6,170 ± 370,-21000000 ± 43000000,19 ± 56,24 ± 31,25 ± 55,-5 ± 13,-23 ± 43,-0.0000084078 ± 0.0000000022,180 ± 360,1.3 ± 2.6,170 ± 370,-140000 ± 320000,82300 ± 3900,210 ± 550,7350 ± 410,2800000 ± 5200000,339400 ± 3400,-70000 ± 160000,77900 ± 3700,210 ± 550,7350 ± 410,2800000 ± 5200000,339400 ± 3400,-1.3 ± 1.5,3070 ± 380,-170000 ± 390000,83600 ± 3900,260 ± 670,7560 ± 410,0 ± 0.0E+0,0 ± 0.0E+0,-1.3 ± 1.5,3060 ± 380,1.5 ± 3.0,-7000000 ± 14000000,0.039 ± 0.078,-4.87E-9 ± 0,
,,-,,,,,,,1183 ± 71,285 ± 30,457 ± 54,287 ± 15,677 ± 55,0 ± 0.0E+0,210 ± 430,1.6 ± 3.1,3110 ± 440,0 ± 0.0E+0,1.00E+0 ± 0,13 ± 71,-10 ± 30,82 ± 54,13 ± 15,-8 ± 55,-0.0000085541 ± 0.0000000020,210 ± 430,1.5 ± 3.1,260 ± 440,-25000000 ± 50000000,13 ± 71,-10 ± 30,82 ± 54,13 ± 15,-8 ± 55,-0.0000085541 ± 0.0000000020,210 ± 430,1.5 ± 3.1,260 ± 440,-480000 ± 310000,80100 ± 6300,-560 ± 640,7200 ± 510,1000000 ± 6400000,335900 ± 4500,-240000 ± 150000,75800 ± 6000,-560 ± 640,7200 ± 510,1000000 ± 6400000,335900 ± 4500,13 ± 37,3040 ± 440,-600000 ± 380000,81500 ± 6300,-690 ± 780,7400 ± 530,0 ± 0.0E+0,0 ± 0.0E+0,13 ± 36,3090 ± 440,-1.1 ± 2.2,-8000000 ± 16000000,0.046 ± 0.093,-4.90E-9 ± 0,
,,-,,,,,,,1152 ± 69,309 ± 35,410 ± 40,279 ± 14,657 ± 44,230 ± 450,0 ± 0.0E+0,0 ± 0.0E+0,3030 ± 460,0 ± 0.0E+0,1.00E+0 ± 0,-20 ± 69,13 ± 35,32 ± 40,2 ± 14,-34 ± 44,230 ± 450,-0.0001742433 ± 0.0000000075,-0.0237202 ± 0.0000010,170 ± 460,19.76 ± 0.57,-20 ± 69,13 ± 35,32 ± 40,2 ± 14,-34 ± 44,230 ± 450,-0.0001742433 ± 0.0000000075,-0.0237202 ± 0.0000010,170 ± 460,-190000 ± 230000,80600 ± 3000,-100 ± 580,7290 ± 390,3900000 ± 5100000,312000 ± 16000,-90000 ± 110000,76100 ± 3000,-100 ± 580,7290 ± 390,3900000 ± 5100000,312000 ± 16000,-0.7 ± 1.3,3560 ± 450,-230000 ± 280000,82000 ± 3000,-120 ± 710,7500 ± 390,0 ± 0.0E+0,0 ± 0.0E+0,-0.7 ± 1.2,3550 ± 460,0.0000045 ± 0.0000034,6.40 ± 0.19,-3.76E-8 ± 0,0.13 ± 0.26,
,,-,,,,,,,1183 ± 58,293 ± 32,368 ± 25,263 ± 12,743 ± 48,0 ± 0.0E+0,180 ± 360,1.3 ± 2.6,3030 ± 370,0 ± 0.0E+0,1.00E+0 ± 0,9 ± 58,-4 ± 32,-12 ± 25,-16 ± 12,47 ± 48,-0.0000088356 ± 0.0000000022,180 ± 360,1.3 ± 2.6,160 ± 370,-20000000 ± 41000000,9 ± 58,-4 ± 32,-12 ± 25,-16 ± 12,47 ± 48,-0.0000088356 ± 0.0000000022,180 ± 360,1.3 ± 2.6,160 ± 370,70000 ± 140000,79600 ± 3900,710 ± 500,7000 ± 390,-5300000 ± 5400000,316600 ± 8900,36000 ± 71000,75200 ± 3700,710 ± 500,7000 ± 390,-5300000 ± 5400000,316600 ± 8900,0.1 ± 1.1,3230 ± 550,90000 ± 180000,81000 ± 3900,870 ± 610,7210 ± 400,0 ± 0.0E+0,0 ± 0.0E+0,0.1 ± 1.0,3220 ± 550,6 ± 11,-7000000 ± 13000000,0.039 ± 0.077,-4.97E-9 ± 0,
,,-,,,,,,,1195 ± 62,297 ± 30,381 ± 24,276 ± 13,698 ± 48,0 ± 0.0E+0,580 ± 660,4.2 ± 4.8,3430 ± 680,0 ± 0.0E+0,1.00E+0 ± 0,20 ± 62,0 ± 30,-2 ± 24,-4 ± 13,-3 ± 48,-0.0000089769 ± 0.0000000021,580 ± 660,4.2 ± 4.8,550 ± 680,-65000000 ± 74000000,20 ± 62,0 ± 30,-2 ± 24,-4 ± 13,-3 ± 48,-0.0000089769 ± 0.0000000021,580 ± 660,4.2 ± 4.8,550 ± 680,10000 ± 130000,75400 ± 7300,180 ± 540,6800 ± 590,300000 ± 5400000,327200 ± 6800,6000 ± 66000,71300 ± 6900,180 ± 540,6800 ± 590,300000 ± 5400000,327200 ± 6800,0.25 ± 0.67,2920 ± 540,10000 ± 160000,76700 ± 7400,220 ± 660,7000 ± 610,0 ± 0.0E+0,0 ± 0.0E+0,0.25 ± 0.66,2970 ± 530,-19 ± 39,-21000000 ± 24000000,0.12 ± 0.14,-5.00E-9 ± 0,
,,-,,,,,,,1162 ± 56,290 ± 31,404 ± 51,277 ± 13,656 ± 41,190 ± 390,0 ± 0.0E+0,0 ± 0.0E+0,2980 ± 410,0 ± 0.0E+0,1.00E+0 ± 0,-14 ± 56,-7 ± 31,18 ± 51,-5 ± 13,-50 ± 41,190 ± 390,-0.0001758548 ± 0.0000000082,-0.0239338 ± 0.0000011,80 ± 410,19.06 ± 0.47,-14 ± 56,-7 ± 31,18 ± 51,-5 ± 13,-50 ± 41,190 ± 390,-0.0001758548 ± 0.0000000082,-0.0239338 ± 0.0000011,80 ± 410,-100000 ± 290000,82900 ± 1600,230 ± 540,7380 ± 290,5500000 ± 4500000,324000 ± 15000,-50000 ± 140000,78400 ± 1600,230 ± 540,7380 ± 290,5500000 ± 4500000,324000 ± 15000,-0.07 ± 0.33,3120 ± 410,-130000 ± 360000,84200 ± 1600,280 ± 660,7580 ± 290,0 ± 0.0E+0,0 ± 0.0E+0,-0.07 ± 0.33,3180 ± 410,0.00000008 ± 0.00000096,6.24 ± 0.15,-3.76E-8 ± 0,0.11 ± 0.21,
,,-,,,,,,,1138 ± 66,321 ± 29,397 ± 35,287 ± 15,712 ± 53,0 ± 0.0E+0,220 ± 450,1.6 ± 3.2,3080 ± 440,0 ± 0.0E+0,1.00E+0 ± 0,-40 ± 66,23 ± 29,8 ± 35,3 ± 15,1 ± 53,-0.0000092611 ± 0.0000000020,220 ± 450,1.6 ± 3.2,170 ± 440,-24000000 ± 48000000,-40 ± 66,23 ± 29,8 ± 35,3 ± 15,1 ± 53,-0.0000092611 ± 0.0000000020,220 ± 450,1.6 ± 3.2,170 ± 440,-50000 ± 200000,81600 ± 4600,-160 ± 630,7170 ± 560,-100000 ± 5700000,325100 ± 7500,-25000 ± 99000,77300 ± 4400,-160 ± 630,7170 ± 560,-100000 ± 5700000,325100 ± 7500,0.60 ± 0.42,3010 ± 670,-60000 ± 240000,83000 ± 4700,-190 ± 770,7330 ± 620,0 ± 0.0E+0,0 ± 0.0E+0,0.59 ± 0.42,3170 ± 610,-13 ± 26,-8000000 ± 16000000,0.047 ± 0.095,-5.07E-9 ± 0,
,,-,,,,,,,1143 ± 76,333 ± 48,427 ± 52,296 ± 18,691 ± 59,0 ± 0.0E+0,0 ± 0.0E+0,0 ± 0.0E+0,2890 ± 110,0 ± 0.0E+0,1.00E+0 ± 0,-36 ± 76,34 ± 48,35 ± 52,9 ± 18,-26 ± 59,-0.0000094055 ± 0.0000000018,-0.0001769747 ± 0.0000000068,-0.02408218 ± 0.00000090,-40 ± 110,18.8161 ± 0.0028,-36 ± 76,34 ± 48,35 ± 52,9 ± 18,-26 ± 59,-0.0000094055 ± 0.0000000018,-0.0001769747 ± 0.0000000068,-0.02408218 ± 0.00000090,-40 ± 110,-200000 ± 300000,81600 ± 2100,-380 ± 760,7540 ± 300,2800000 ± 6300000,332400 ± 6800,-100000 ± 150000,77100 ± 2100,-380 ± 760,7540 ± 300,2800000 ± 6300000,332400 ± 6800,0.43 ± 0.49,2840 ± 800,-240000 ± 360000,82900 ± 2100,-460 ± 920,7730 ± 300,0 ± 0.0E+0,0 ± 0.0E+0,0.43 ± 0.48,2820 ± 800,0.0000007 ± 0.0000013,6.20571 ± 0.00065,-3.75E-8 ± 0,-5.10E-9 ± 0,
,,-,,,,,,,1182 ± 61,291 ± 35,460 ± 31,306 ± 16,770 ± 49,0 ± 0.0E+0,210 ± 420,1.5 ± 3.0,3220 ± 440,0 ± 0.0E+0,1.00E+0 ± 0,1 ± 61,-8 ± 35,66 ± 31,18 ± 16,48 ± 49,-0.0000095371 ± 0.0000000020,210 ± 420,1.5 ± 3.0,280 ± 440,-22000000 ± 44000000,1 ± 61,-8 ± 35,66 ± 31,18 ± 16,48 ± 49,-0.0000095371 ± 0.0000000020,210 ± 420,1.5 ± 3.0,280 ± 440,-370000 ± 170000,78100 ± 8100,-710 ± 650,6450 ± 650,-5000000 ± 5100000,330200 ± 5400,-187000 ± 86000,73900 ± 7700,-710 ± 650,6450 ± 650,-5000000 ± 5100000,330200 ± 5400,0.30 ± 0.53,3070 ± 490,-460000 ± 210000,79400 ± 8200,-860 ± 790,6640 ± 660,0 ± 0.0E+0,0 ± 0.0E+0,0.29 ± 0.53,3050 ± 490,-3.3 ± 6.7,-7000000 ± 14000000,0.044 ± 0.088,-5.13E-9 ± 0,
,,-,,,,,,,1213 ± 66,293 ± 32,418 ± 41,301 ± 15,850 ± 180,0 ± 0.0E+0,230 ± 460,1.7 ± 3.3,3310 ± 500,0 ± 0.0E+0,1.00E+0 ± 0,31 ± 66,-7 ± 32,21 ± 41,11 ± 15,120 ± 180,-0.0000096795 ± 0.0000000020,230 ± 460,1.6 ± 3.3,360 ± 500,-24000000 ± 47000000,31 ± 66,-7 ± 32,21 ± 41,11 ± 15,120 ± 180,-0.0000096795 ± 0.0000000020,230 ± 460,1.6 ± 3.3,360 ± 500,-130000 ± 230000,82200 ± 5300,-440 ± 630,6770 ± 610,-13000000 ± 18000000,324700 ± 5500,-60000 ± 110000,77900 ± 5000,-440 ± 630,6770 ± 610,-13000000 ± 18000000,324700 ± 5500,0.26 ± 0.47,2850 ± 670,-150000 ± 280000,83500 ± 5400,-540 ± 770,6960 ± 620,0 ± 0.0E+0,0 ± 0.0E+0,0.26 ± 0.46,2840 ± 670,-2.2 ± 4.4,-8000000 ± 16000000,0.048 ± 0.097,-5.16E-9 ± 0,
,,-,,,,,,,1179 ± 66,296 ± 34,384 ± 23,299 ± 13,771 ± 53,0 ± 0.0E+0,450 ± 640,3.3 ± 4.6,3380 ± 660,0 ± 0.0E+0,1.00E+0 ± 0,-5 ± 66,-5 ± 34,-16 ± 23,6 ± 13,39 ± 53,-0.0000098247 ± 0.0000000020,450 ± 640,3.3 ± 4.6,420 ± 660,-46000000 ± 65000000,-5 ± 66,-5 ± 34,-16 ± 23,6 ± 13,39 ± 53,-0.0000098247 ± 0.0000000020,450 ± 640,3.3 ± 4.6,420 ± 660,90000 ± 120000,78400 ± 5800,-240 ± 520,6690 ± 590,-4000000 ± 5400000,329300 ± 5200,47000 ± 60000,74100 ± 5500,-240 ± 520,6690 ± 590,-4000000 ± 5400000,329300 ± 5200,-0.02 ± 0.83,2790 ± 600,120000 ± 150000,79600 ± 5900,-290 ± 630,6870 ± 600,0 ± 0.0E+0,0 ± 0.0E+0,-0.02 ± 0.82,2770 ± 600,-0.2 ± 2.6,-15000000 ± 22000000,0.09 ± 0.13,-5.19E-9 ± 0,
